2026-07-20 09:11:16 - Bắt đầu thực hiện gửi prompt...
2026-07-20 09:11:16 - Thử gửi bằng phím Enter ảo...
2026-07-20 09:12:30 - Bắt đầu thực hiện gửi prompt...
2026-07-20 09:12:30 - Thử gửi bằng phím Enter ảo...
2026-07-20 09:12:30 - Thử gửi bằng sự kiện keydown Enter (JS)...
2026-07-20 09:12:30 - Lỗi dispatch event Enter: eval js error: TypeError: Cannot read properties of undefined (reading 'dispatchEvent')
    at HTMLDivElement.<anonymous> (<anonymous>:10:6)
    at HTMLDivElement.<anonymous> (<anonymous>:11:5) <nil>
2026-07-20 09:12:31 - Bắt đầu quét tìm nút gửi bằng JS...
2026-07-20 09:12:31 - Lỗi thực thi JS tìm nút gửi: cannot find element
2026-07-20 09:12:31 - Thử quét toàn trang tìm nút chứa icon arrow_forward...
2026-07-20 09:12:31 - Phương án quét JS thất bại. Thử dùng danh sách Selectors dự phòng...
2026-07-20 09:12:31 - Tìm thấy nút gửi dự phòng! HTML: <button data-state="closed" class="sc-e8425ea6-0 hOBPaw sc-d3791a4f-0 sc-d3791a4f-4 sc-c4e423a0-0 ewGlDn famhRe jJRYsI"><i class="sc-a39c2a59-0 hqiTgy google-symbols sc-e8425ea6-1 jZhFNn" font-size="1rem" color="currentColor">stop</i><span style="position: absolute; border: 0px; width: 1px; height: 1px; padding: 0px; margin: -1px; overflow: hidden; clip: rect(0px, 0px, 0px, 0px); white-space: nowrap; overflow-wrap: normal;">Dừng</span></button>
2026-07-20 09:12:31 - Đã click nút gửi dự phòng thành công!
2026-07-20 09:14:33 - Bắt đầu thực hiện gửi prompt...
2026-07-20 09:14:33 - Thử gửi bằng phím Enter ảo...
2026-07-20 09:14:34 - Đã gửi prompt thành công qua phím Enter ảo!
2026-07-20 09:21:44 - Bắt đầu thực hiện gửi prompt...
2026-07-20 09:21:44 - Thử gửi bằng phím Enter ảo...
2026-07-20 09:21:44 - Đã gửi prompt thành công qua phím Enter ảo!
2026-07-20 09:31:55 - Bắt đầu thực hiện gửi prompt...
2026-07-20 09:31:55 - Thử gửi bằng phím Enter ảo...
2026-07-20 09:31:55 - Đã gửi prompt thành công qua phím Enter ảo!
2026-07-20 09:32:46 - Tìm thấy 2 hình ảnh đã tạo xong!
2026-07-20 09:32:46 - Đang tải hình ảnh thứ 1/2...
2026-07-20 09:44:10 - Bắt đầu thực hiện gửi prompt...
2026-07-20 09:44:10 - Thử gửi bằng phím Enter ảo...
2026-07-20 09:44:10 - Đã gửi prompt thành công qua phím Enter ảo!
2026-07-20 09:44:49 - Tìm thấy 1 hình ảnh đã tạo xong!
2026-07-20 09:44:49 - Đang tải hình ảnh thứ 1/1...
2026-07-20 09:44:51 - Không tìm thấy tùy chọn độ phân giải  cho ảnh 1, bỏ qua
2026-07-20 09:53:49 - Bắt đầu thực hiện gửi prompt...
2026-07-20 09:53:49 - Thử gửi bằng phím Enter ảo...
2026-07-20 09:53:50 - Đã gửi prompt thành công qua phím Enter ảo!
2026-07-20 09:54:28 - Tìm thấy 1 hình ảnh đã tạo xong!
2026-07-20 09:54:28 - Đang tải hình ảnh thứ 1/1...
2026-07-20 09:54:30 - Không tìm thấy tùy chọn độ phân giải  cho ảnh 1, bỏ qua
2026-07-20 09:57:29 - Bắt đầu thực hiện gửi prompt...
2026-07-20 09:57:29 - Thử gửi bằng phím Enter ảo...
2026-07-20 09:57:29 - Đã gửi prompt thành công qua phím Enter ảo!
2026-07-20 09:58:11 - Tìm thấy 1 hình ảnh đã tạo xong!
2026-07-20 09:58:11 - Đang tải hình ảnh thứ 1/1...
2026-07-20 09:58:14 - Không tìm thấy tùy chọn độ phân giải 1K cho ảnh 1, bỏ qua
2026-07-20 09:58:55 - Bắt đầu thực hiện gửi prompt...
2026-07-20 09:58:55 - Thử gửi bằng phím Enter ảo...
2026-07-20 09:58:56 - Đã gửi prompt thành công qua phím Enter ảo!
2026-07-20 09:59:44 - Tìm thấy 1 hình ảnh đã tạo xong!
2026-07-20 09:59:44 - Đang tải hình ảnh thứ 1/1...
2026-07-20 09:59:47 - Không tìm thấy tùy chọn độ phân giải 1K cho ảnh 1, bỏ qua
2026-07-20 10:05:02 - Đã lưu lại URL dự án hiện tại: https://labs.google/fx/vi/tools/flow/project/4e75471a-7966-41e6-804e-8e9436bd00ee
2026-07-20 10:05:10 - Bắt đầu thực hiện gửi prompt...
2026-07-20 10:05:10 - Thử gửi bằng phím Enter ảo...
2026-07-20 10:05:10 - Đã gửi prompt thành công qua phím Enter ảo!
2026-07-20 10:09:09 - Đã lưu lại URL dự án hiện tại: https://labs.google/fx/vi/tools/flow/project/4e75471a-7966-41e6-804e-8e9436bd00ee
2026-07-20 10:09:13 - Bắt đầu thực hiện gửi prompt...
2026-07-20 10:09:13 - Thử gửi bằng phím Enter ảo...
2026-07-20 10:09:14 - Đã gửi prompt thành công qua phím Enter ảo!
2026-07-20 10:20:24 - Đã lưu lại URL dự án hiện tại: https://labs.google/fx/vi/tools/flow/project/4e75471a-7966-41e6-804e-8e9436bd00ee
2026-07-20 10:20:28 - Bắt đầu thực hiện gửi prompt...
2026-07-20 10:20:28 - Thử gửi bằng phím Enter ảo...
2026-07-20 10:20:29 - Đã gửi prompt thành công qua phím Enter ảo!
2026-07-20 10:21:21 - Tìm thấy 1 hình ảnh đã tạo xong!
2026-07-20 10:21:21 - Đang tải hình ảnh thứ 1/1...
2026-07-20 10:21:25 - Tải ảnh thành công: D:\CongTy\ToolCatVideoNgan\videodacat\bc.jpg
2026-07-20 10:29:51 - Đã lưu lại URL dự án hiện tại: https://labs.google/fx/vi/tools/flow/project/4e75471a-7966-41e6-804e-8e9436bd00ee
2026-07-20 10:29:55 - Bắt đầu thực hiện gửi prompt...
2026-07-20 10:29:55 - Thử gửi bằng phím Enter ảo...
2026-07-20 10:29:56 - Đã gửi prompt thành công qua phím Enter ảo!
2026-07-20 10:29:58 - Tìm thấy 1 hình ảnh đã tạo xong!
2026-07-20 10:29:58 - Đang tải hình ảnh thứ 1/1...
2026-07-20 10:30:01 - Tải ảnh thành công: D:\CongTy\ToolCatVideoNgan\videodacat\funnybaby.jpg
2026-07-20 10:48:50 - Đã lưu lại URL dự án hiện tại: https://labs.google/fx/vi/tools/flow/project/4e75471a-7966-41e6-804e-8e9436bd00ee
2026-07-20 10:48:54 - Số lượng ảnh cũ đã có trên màn hình: 3
2026-07-20 10:48:54 - Bắt đầu thực hiện gửi prompt...
2026-07-20 10:48:54 - Thử gửi bằng phím Enter ảo...
2026-07-20 10:48:55 - Đã gửi prompt thành công qua phím Enter ảo!
2026-07-20 10:49:37 - Tìm thấy 2 hình ảnh mới đã tạo xong! (Tổng số ảnh: 5, ảnh cũ: 3)
2026-07-20 10:49:37 - Đang tải hình ảnh mới thứ 1/2...
2026-07-20 10:49:42 - Tải ảnh thành công: D:\CongTy\ToolCatVideoNgan\videodacat\funnybaby_1.jpg
2026-07-20 10:49:43 - Đang tải hình ảnh mới thứ 2/2...
2026-07-20 10:55:14 - Đã lưu lại URL dự án hiện tại: https://labs.google/fx/vi/tools/flow/project/4e75471a-7966-41e6-804e-8e9436bd00ee
2026-07-20 10:55:18 - Số lượng ảnh cũ đã có trên màn hình: 5
2026-07-20 10:55:19 - Bắt đầu thực hiện gửi prompt...
2026-07-20 10:55:19 - Thử gửi bằng phím Enter ảo...
2026-07-20 10:55:19 - Đã gửi prompt thành công qua phím Enter ảo!
2026-07-20 10:56:09 - Tìm thấy 2 hình ảnh mới đã tạo xong! (Tổng số ảnh: 7, ảnh cũ: 5)
2026-07-20 10:56:09 - Đang tải hình ảnh mới thứ 1/2...
2026-07-20 10:56:13 - Tải ảnh thành công: D:\CongTy\ToolCatVideoNgan\videodacat\gai_1.jpg
2026-07-20 10:56:14 - Đang tải hình ảnh mới thứ 2/2...
2026-07-20 11:03:22 - Đã lưu lại URL dự án hiện tại: https://labs.google/fx/vi/tools/flow/project/4e75471a-7966-41e6-804e-8e9436bd00ee
2026-07-20 11:03:26 - Số lượng ảnh cũ đã có trên màn hình: 0
2026-07-20 11:03:38 - Bắt đầu thực hiện gửi prompt...
2026-07-20 11:03:38 - Thử gửi bằng phím Enter ảo...
2026-07-20 11:03:39 - Đã gửi prompt thành công qua phím Enter ảo!
2026-07-20 11:03:41 - Tìm thấy 7 hình ảnh mới đã tạo xong! (Tổng số ảnh: 7, ảnh cũ: 0)
2026-07-20 11:03:41 - Đang tải hình ảnh mới thứ 1/7 (chỉ mục gallery: 6)...
2026-07-20 11:03:46 - Tải ảnh thành công: D:\CongTy\ToolCatVideoNgan\videodacat\abc_1.jpg
2026-07-20 11:03:47 - Đang tải hình ảnh mới thứ 2/7 (chỉ mục gallery: 5)...
2026-07-20 11:03:52 - Tải ảnh thành công: D:\CongTy\ToolCatVideoNgan\videodacat\abc_2.jpg
2026-07-20 11:03:53 - Đang tải hình ảnh mới thứ 3/7 (chỉ mục gallery: 4)...
2026-07-20 11:03:58 - Tải ảnh thành công: D:\CongTy\ToolCatVideoNgan\videodacat\abc_3.jpg
2026-07-20 11:03:59 - Đang tải hình ảnh mới thứ 4/7 (chỉ mục gallery: 3)...
2026-07-20 11:04:04 - Tải ảnh thành công: D:\CongTy\ToolCatVideoNgan\videodacat\abc_4.jpg
2026-07-20 11:04:05 - Đang tải hình ảnh mới thứ 5/7 (chỉ mục gallery: 2)...
2026-07-20 11:04:09 - Tải ảnh thành công: D:\CongTy\ToolCatVideoNgan\videodacat\abc_5.jpg
2026-07-20 11:04:11 - Đang tải hình ảnh mới thứ 6/7 (chỉ mục gallery: 1)...
2026-07-20 11:04:15 - Tải ảnh thành công: D:\CongTy\ToolCatVideoNgan\videodacat\abc_6.jpg
2026-07-20 11:04:17 - Đang tải hình ảnh mới thứ 7/7 (chỉ mục gallery: 0)...
2026-07-20 11:04:22 - Tải ảnh thành công: D:\CongTy\ToolCatVideoNgan\videodacat\abc_7.jpg
2026-07-20 11:05:27 - Đã lưu lại URL dự án hiện tại: https://labs.google/fx/vi/tools/flow/project/4e75471a-7966-41e6-804e-8e9436bd00ee
2026-07-20 11:05:30 - Số lượng ảnh cũ đã có trên màn hình: 7
2026-07-20 11:05:31 - Bắt đầu thực hiện gửi prompt...
2026-07-20 11:05:31 - Thử gửi bằng phím Enter ảo...
2026-07-20 11:05:31 - Đã gửi prompt thành công qua phím Enter ảo!
2026-07-20 11:15:06 - Đã lưu lại URL dự án hiện tại: https://labs.google/fx/vi/tools/flow/project/4e75471a-7966-41e6-804e-8e9436bd00ee
2026-07-20 11:15:10 - Số lượng ảnh cũ đã có trên màn hình: 7
2026-07-20 11:15:11 - Bắt đầu thực hiện gửi prompt...
2026-07-20 11:15:11 - Thử gửi bằng phím Enter ảo...
2026-07-20 11:15:11 - Đã gửi prompt thành công qua phím Enter ảo!
2026-07-20 11:15:13 - Phát hiện cảnh báo giới hạn hạn mức từ Google Flow: <nil>
2026-07-20 11:35:15 - Dự án đã lưu (https://labs.google/fx/vi/tools/flow/project/4e75471a-7966-41e6-804e-8e9436bd00ee) không còn khả dụng hoặc đã hết hạn. Đang xóa link cũ để tạo dự án mới...
2026-07-20 11:40:30 - Đã lưu lại URL dự án hiện tại: https://labs.google/fx/vi/tools/flow/project/334d150b-f145-4b2e-b60e-e2f60b18bc4e
2026-07-20 11:40:35 - Số lượng ảnh cũ đã có trên màn hình: 0
2026-07-20 11:40:35 - Bắt đầu thực hiện gửi prompt...
2026-07-20 11:40:35 - Thử gửi bằng phím Enter ảo...
2026-07-20 11:40:35 - Đã gửi prompt thành công qua phím Enter ảo!
2026-07-20 11:40:41 - Phát hiện cảnh báo giới hạn hạn mức từ Google Flow: menuNhật kýPhiên không có tiêu đềedit_squarePhiên mớicloseĐóngcon mèoerrorBạn đã đạt đến hạn mức sử dụng Tác nhân công cụ. Hãy quay lại vào ngày mai hoặc nâng cấp để trò chuyện được nhiều hơn!Nâng cấpBạn muốn tạo gì?﻿add_2Tạoarticle_sparkHướng dẫn cho tác nhântuneCài đặtarrow_forwardTạo
2026-07-20 11:51:16 - Dự án đã lưu (https://labs.google/fx/vi/tools/flow/project/334d150b-f145-4b2e-b60e-e2f60b18bc4e) không còn khả dụng hoặc đã hết hạn. Đang xóa link cũ để tạo dự án mới...
2026-07-20 11:51:23 - Đã lưu lại URL dự án hiện tại: https://labs.google/fx/vi/tools/flow/project/0b725c81-1a6c-4de3-8010-d15bae2a79ef
2026-07-20 11:51:27 - Số lượng ảnh cũ đã có trên màn hình: 0
2026-07-20 11:51:27 - Bắt đầu thực hiện gửi prompt...
2026-07-20 11:51:27 - Thử gửi bằng phím Enter ảo...
2026-07-20 11:51:28 - Đã gửi prompt thành công qua phím Enter ảo!
2026-07-20 11:52:27 - Đã lưu lại URL dự án hiện tại: https://labs.google/fx/vi/tools/flow/project/0b725c81-1a6c-4de3-8010-d15bae2a79ef
2026-07-20 11:52:31 - Số lượng ảnh cũ đã có trên màn hình: 0
2026-07-20 11:52:31 - Bắt đầu thực hiện gửi prompt...
2026-07-20 11:52:31 - Thử gửi bằng phím Enter ảo...
2026-07-20 11:52:31 - Đã gửi prompt thành công qua phím Enter ảo!
2026-07-20 11:53:20 - Tìm thấy 2 hình ảnh mới đã tạo xong! (Tổng số ảnh: 2, ảnh cũ: 0)
2026-07-20 11:53:20 - Đang tải hình ảnh mới thứ 1/2 (chỉ mục gallery: 1)...
2026-07-20 11:53:24 - Tải ảnh thành công: D:\CongTy\ToolCatVideoNgan\videodacat\thuy_1.jpg
2026-07-20 11:53:25 - Đang tải hình ảnh mới thứ 2/2 (chỉ mục gallery: 0)...
2026-07-20 11:53:30 - Tải ảnh thành công: D:\CongTy\ToolCatVideoNgan\videodacat\thuy_2.jpg
2026-07-20 13:34:37 - Đã lưu lại URL dự án hiện tại: https://labs.google/fx/vi/tools/flow/project/0b725c81-1a6c-4de3-8010-d15bae2a79ef
2026-07-20 13:34:41 - Số lượng ảnh cũ đã có trên màn hình: 2
2026-07-20 13:34:41 - Bắt đầu thực hiện gửi prompt...
2026-07-20 13:34:41 - Thử gửi bằng phím Enter ảo...
2026-07-20 13:34:42 - Đã gửi prompt thành công qua phím Enter ảo!
2026-07-20 13:35:24 - Tìm thấy 2 hình ảnh mới đã tạo xong! (Tổng số ảnh: 4, ảnh cũ: 2)
2026-07-20 13:35:24 - Đang tải hình ảnh mới thứ 1/2 (chỉ mục gallery: 1)...
2026-07-20 13:35:28 - Tải ảnh thành công: D:\CongTy\ToolCatVideoNgan\videodacat\bca_1.jpg
2026-07-20 13:35:30 - Đang tải hình ảnh mới thứ 2/2 (chỉ mục gallery: 0)...
2026-07-20 13:35:34 - Tải ảnh thành công: D:\CongTy\ToolCatVideoNgan\videodacat\bca_2.jpg
2026-07-20 13:41:53 - Đã lưu lại URL dự án hiện tại: https://labs.google/fx/vi/tools/flow/project/0b725c81-1a6c-4de3-8010-d15bae2a79ef
2026-07-20 13:41:57 - Số lượng ảnh cũ đã có trong thư viện sidebar: 0
2026-07-20 13:41:57 - Bắt đầu thực hiện gửi prompt...
2026-07-20 13:41:57 - Thử gửi bằng phím Enter ảo...
2026-07-20 13:41:58 - Đã gửi prompt thành công qua phím Enter ảo!
2026-07-20 13:45:35 - Đã lưu lại URL dự án hiện tại: https://labs.google/fx/vi/tools/flow/project/0b725c81-1a6c-4de3-8010-d15bae2a79ef
2026-07-20 13:45:44 - Số lượng ảnh cũ đã có trong thư viện sidebar: 0
2026-07-20 13:45:44 - Bắt đầu thực hiện gửi prompt...
2026-07-20 13:45:44 - Thử gửi bằng phím Enter ảo...
2026-07-20 13:45:45 - Đã gửi prompt thành công qua phím Enter ảo!
2026-07-20 13:52:18 - Đã lưu lại URL dự án hiện tại: https://labs.google/fx/vi/tools/flow/project/0b725c81-1a6c-4de3-8010-d15bae2a79ef
2026-07-20 13:52:22 - Bắt đầu thực hiện gửi prompt...
2026-07-20 13:52:22 - Thử gửi bằng phím Enter ảo...
2026-07-20 13:52:22 - Đã gửi prompt thành công qua phím Enter ảo!
2026-07-20 13:52:24 - Tìm thấy 2 hình ảnh mới đã tạo xong trong bong bóng chat mới nhất!
2026-07-20 13:52:24 - Đang tải hình ảnh mới thứ 1/2 (chỉ mục chat: 0)...
2026-07-20 13:52:24 - Không thể click vào ảnh thứ 1 trong bong bóng chat ở chỉ mục 0, bỏ qua
2026-07-20 13:52:24 - Đang tải hình ảnh mới thứ 2/2 (chỉ mục chat: 1)...
2026-07-20 13:52:24 - Không thể click vào ảnh thứ 2 trong bong bóng chat ở chỉ mục 1, bỏ qua
2026-07-20 13:52:24 - Phát hiện lỗi từ Google Flow hoặc quá trình tạo thất bại. Tự động gửi lại prompt (Thử lại lần 2/3)...
2026-07-20 13:52:25 - Bắt đầu thực hiện gửi prompt...
2026-07-20 13:52:25 - Thử gửi bằng phím Enter ảo...
2026-07-20 13:52:25 - Đã gửi prompt thành công qua phím Enter ảo!
2026-07-20 13:52:27 - Tìm thấy 2 hình ảnh mới đã tạo xong trong bong bóng chat mới nhất!
2026-07-20 13:52:27 - Đang tải hình ảnh mới thứ 1/2 (chỉ mục chat: 0)...
2026-07-20 13:52:27 - Không thể click vào ảnh thứ 1 trong bong bóng chat ở chỉ mục 0, bỏ qua
2026-07-20 13:52:27 - Đang tải hình ảnh mới thứ 2/2 (chỉ mục chat: 1)...
2026-07-20 13:52:27 - Không thể click vào ảnh thứ 2 trong bong bóng chat ở chỉ mục 1, bỏ qua
2026-07-20 13:52:27 - Phát hiện lỗi từ Google Flow hoặc quá trình tạo thất bại. Tự động gửi lại prompt (Thử lại lần 3/3)...
2026-07-20 13:52:28 - Bắt đầu thực hiện gửi prompt...
2026-07-20 13:52:28 - Thử gửi bằng phím Enter ảo...
2026-07-20 13:52:28 - Đã gửi prompt thành công qua phím Enter ảo!
2026-07-20 13:52:30 - Tìm thấy 2 hình ảnh mới đã tạo xong trong bong bóng chat mới nhất!
2026-07-20 13:52:30 - Đang tải hình ảnh mới thứ 1/2 (chỉ mục chat: 0)...
2026-07-20 13:52:30 - Không thể click vào ảnh thứ 1 trong bong bóng chat ở chỉ mục 0, bỏ qua
2026-07-20 13:52:30 - Đang tải hình ảnh mới thứ 2/2 (chỉ mục chat: 1)...
2026-07-20 13:52:30 - Không thể click vào ảnh thứ 2 trong bong bóng chat ở chỉ mục 1, bỏ qua
2026-07-20 14:06:34 - Đã lưu lại URL dự án hiện tại: https://labs.google/fx/vi/tools/flow/project/0b725c81-1a6c-4de3-8010-d15bae2a79ef
2026-07-20 14:06:40 - Số lượng ảnh cũ đã có trong thư viện sidebar: 0
2026-07-20 14:06:40 - Phát hiện lỗi từ Google Flow hoặc quá trình tạo thất bại. Tự động gửi lại prompt (Thử lại lần 2/3)...
2026-07-20 14:06:45 - Phát hiện lỗi từ Google Flow hoặc quá trình tạo thất bại. Tự động gửi lại prompt (Thử lại lần 3/3)...
2026-07-20 14:08:46 - Đã lưu lại URL dự án hiện tại: https://labs.google/fx/vi/tools/flow/project/0b725c81-1a6c-4de3-8010-d15bae2a79ef
2026-07-20 14:08:52 - Số lượng ảnh cũ đã có trong thư viện sidebar: 0
2026-07-20 14:08:52 - Phát hiện lỗi từ Google Flow hoặc quá trình tạo thất bại. Tự động gửi lại prompt (Thử lại lần 2/3)...
2026-07-20 14:08:57 - Phát hiện lỗi từ Google Flow hoặc quá trình tạo thất bại. Tự động gửi lại prompt (Thử lại lần 3/3)...
2026-07-20 14:12:54 - Đã lưu lại URL dự án hiện tại: https://labs.google/fx/vi/tools/flow/project/0b725c81-1a6c-4de3-8010-d15bae2a79ef
2026-07-20 14:19:55 - Bắt đầu mở trang Google Flow...
2026-07-20 14:19:55 - Đang chờ trình duyệt tải xong trang chủ Google Flow...
2026-07-20 14:19:55 - URL hiện tại của trình duyệt (chờ load): 
2026-07-20 14:19:56 - URL hiện tại của trình duyệt (chờ load): https://labs.google/fx/vi/tools/flow
2026-07-20 14:19:57 - Bắt đầu kiểm tra trạng thái đăng nhập...
2026-07-20 14:19:57 - URL sau khi kiểm tra redirect login: https://labs.google/fx/vi/tools/flow
2026-07-20 14:19:58 - Đăng nhập thành công. Đang đóng welcome overlays nếu có...
2026-07-20 14:19:58 - Kiểm tra xem có cần tạo dự án mới không. URL hiện tại: https://labs.google/fx/vi/tools/flow
2026-07-20 14:19:58 - URL không chứa '/project/'. Tiến hành click tạo dự án mới...
2026-07-20 14:20:03 - Đang chờ URL chuyển hướng sang '/project/'...
2026-07-20 14:20:03 - URL hiện tại của trình duyệt (chờ /project/): https://labs.google/fx/vi/tools/flow/project/4b1330be-b9a5-4508-af18-f15ad71546fd
2026-07-20 14:20:03 - Đã vào dự án thành công!
2026-07-20 14:20:03 - Bắt đầu quét tìm ô PromptInput...
2026-07-20 14:20:03 - Đã tìm thấy PromptInput! HTML snippet: <div role="textbox" aria-multiline="true" spellcheck="false" class="sc-a8ba1f43-0 djaQmW sc-26b30722-6 jwWpiy" data-slate-editor="true" data-slate-node="value" contenteditable="true" zindex="-1" style...
2026-07-20 14:23:39 - Bắt đầu mở trang Google Flow...
2026-07-20 14:23:40 - Đang chờ trình duyệt tải xong trang chủ Google Flow...
2026-07-20 14:23:40 - URL hiện tại của trình duyệt (chờ load): 
2026-07-20 14:23:40 - URL hiện tại của trình duyệt (chờ load): https://labs.google/fx/vi/tools/flow
2026-07-20 14:23:42 - Bắt đầu kiểm tra trạng thái đăng nhập...
2026-07-20 14:23:42 - URL sau khi kiểm tra redirect login: https://labs.google/fx/vi/tools/flow
2026-07-20 14:23:42 - Đăng nhập thành công. Đang đóng welcome overlays nếu có...
2026-07-20 14:23:43 - Kiểm tra xem có cần tạo dự án mới không. URL hiện tại: https://labs.google/fx/vi/tools/flow
2026-07-20 14:23:43 - URL không chứa '/project/'. Tiến hành click tạo dự án mới...
2026-07-20 14:23:46 - Đang chờ URL chuyển hướng sang '/project/'...
2026-07-20 14:23:46 - URL hiện tại của trình duyệt (chờ /project/): https://labs.google/fx/vi/tools/flow/project/3e302feb-6232-43a1-af78-8c15960e2b28
2026-07-20 14:23:46 - Đã vào dự án thành công!
2026-07-20 14:23:46 - Bắt đầu quét tìm ô PromptInput...
2026-07-20 14:23:46 - Đã tìm thấy PromptInput! HTML snippet: <div role="textbox" aria-multiline="true" spellcheck="false" class="sc-a8ba1f43-0 djaQmW sc-26b30722-6 jwWpiy" data-slate-editor="true" data-slate-node="value" contenteditable="true" zindex="-1" style...
2026-07-20 14:23:46 - Đang quét tìm nút Cài đặt tác nhân (tune/settings)...
2026-07-20 14:23:46 - Đã tìm thấy nút cài đặt tác nhân! HTML: <button data-state="closed" class="sc-e8425ea6-0 hOBPaw sc-d3791a4f-0 sc-d3791a4f-4 sc-c4e423a0-1 ewGlDn famhRe kOxyKx"><i class="sc-a39c2a59-0 bvvkYW google-symbols sc-e8425ea6-1 jZhFNn" font-size="1.125rem" color="currentColor">tune</i><span style="position: absolute; border: 0px; width: 1px; height: 1px; padding: 0px; margin: -1px; overflow: hidden; clip: rect(0px, 0px, 0px, 0px); white-space: nowrap; overflow-wrap: normal;">Cài đặt</span></button>
2026-07-20 14:23:48 - Đang quét tìm hộp thoại/panel Cài đặt tác nhân...
2026-07-20 14:23:48 - Đã tìm thấy hộp thoại/panel cài đặt tác nhân thành công!
2026-07-20 14:23:51 - Số lượng ảnh cũ đã có trong thư viện sidebar: 0
2026-07-20 14:23:51 - Bắt đầu thực hiện gửi prompt...
2026-07-20 14:23:51 - Thử gửi bằng phím Enter ảo...
2026-07-20 14:23:52 - Đã gửi prompt thành công qua phím Enter ảo!
2026-07-20 14:27:22 - Bắt đầu mở trang Google Flow...
2026-07-20 14:27:23 - Đang chờ trình duyệt tải xong trang chủ Google Flow...
2026-07-20 14:27:23 - URL hiện tại của trình duyệt (chờ load): 
2026-07-20 14:27:24 - URL hiện tại của trình duyệt (chờ load): https://labs.google/fx/vi/tools/flow
2026-07-20 14:27:25 - Bắt đầu kiểm tra trạng thái đăng nhập...
2026-07-20 14:27:25 - URL sau khi kiểm tra redirect login: https://labs.google/fx/vi/tools/flow
2026-07-20 14:27:25 - Đăng nhập thành công. Đang đóng welcome overlays nếu có...
2026-07-20 14:27:26 - Kiểm tra xem có cần tạo dự án mới không. URL hiện tại: https://labs.google/fx/vi/tools/flow
2026-07-20 14:27:26 - URL không chứa '/project/'. Tiến hành click tạo dự án mới...
2026-07-20 14:27:30 - Đang chờ URL chuyển hướng sang '/project/'...
2026-07-20 14:27:30 - URL hiện tại của trình duyệt (chờ /project/): https://labs.google/fx/vi/tools/flow/project/1704151f-4a5c-4f7f-85aa-1bd034f58693
2026-07-20 14:27:30 - Đã vào dự án thành công!
2026-07-20 14:27:30 - Bắt đầu quét tìm ô PromptInput...
2026-07-20 14:27:30 - Đã tìm thấy PromptInput! HTML snippet: <div role="textbox" aria-multiline="true" spellcheck="false" class="sc-a8ba1f43-0 djaQmW sc-26b30722-6 jwWpiy" data-slate-editor="true" data-slate-node="value" contenteditable="true" zindex="-1" style...
2026-07-20 14:27:30 - Đang quét tìm nút Cài đặt tác nhân (tune/settings)...
2026-07-20 14:27:30 - Đã tìm thấy nút cài đặt tác nhân! HTML: <button data-state="closed" class="sc-e8425ea6-0 hOBPaw sc-d3791a4f-0 sc-d3791a4f-4 sc-c4e423a0-1 ewGlDn famhRe kOxyKx"><i class="sc-a39c2a59-0 bvvkYW google-symbols sc-e8425ea6-1 jZhFNn" font-size="1.125rem" color="currentColor">tune</i><span style="position: absolute; border: 0px; width: 1px; height: 1px; padding: 0px; margin: -1px; overflow: hidden; clip: rect(0px, 0px, 0px, 0px); white-space: nowrap; overflow-wrap: normal;">Cài đặt</span></button>
2026-07-20 14:27:32 - Đang quét tìm hộp thoại/panel Cài đặt tác nhân...
2026-07-20 14:27:32 - Đã tìm thấy hộp thoại/panel cài đặt tác nhân thành công!
2026-07-20 14:27:34 - Số lượng ảnh cũ đã có trên toàn màn hình: 0
2026-07-20 14:27:35 - Bắt đầu thực hiện gửi prompt...
2026-07-20 14:27:35 - Thử gửi bằng phím Enter ảo...
2026-07-20 14:27:36 - Đã gửi prompt thành công qua phím Enter ảo!
2026-07-20 14:28:28 - Tìm thấy 2 hình ảnh mới đã tạo xong! (Tổng số ảnh: 2, ảnh cũ: 0)
2026-07-20 14:28:28 - Đang tải hình ảnh mới thứ 1/2 (chỉ mục ảnh mới: 0, chỉ mục toàn trang: 0)...
2026-07-20 14:28:34 - Tải ảnh thành công: D:\CongTy\ToolCatVideoNgan\videodacat\abc_1.jpg
2026-07-20 14:28:36 - Đang tải hình ảnh mới thứ 2/2 (chỉ mục ảnh mới: 1, chỉ mục toàn trang: 1)...
2026-07-20 14:28:42 - Tải ảnh thành công: D:\CongTy\ToolCatVideoNgan\videodacat\abc_2.jpg
2026-07-20 14:45:14 - Bắt đầu mở trang Google Flow...
2026-07-20 14:45:15 - Đang chờ trình duyệt tải xong trang chủ Google Flow...
2026-07-20 14:45:15 - URL hiện tại của trình duyệt (chờ load): 
2026-07-20 14:45:15 - URL hiện tại của trình duyệt (chờ load): https://labs.google/fx/vi/tools/flow
2026-07-20 14:45:17 - Bắt đầu kiểm tra trạng thái đăng nhập...
2026-07-20 14:45:17 - URL sau khi kiểm tra redirect login: https://labs.google/fx/vi/tools/flow
2026-07-20 14:45:17 - Đăng nhập thành công. Đang đóng welcome overlays nếu có...
2026-07-20 14:45:18 - Kiểm tra xem có cần tạo dự án mới không. URL hiện tại: https://labs.google/fx/vi/tools/flow
2026-07-20 14:45:18 - URL không chứa '/project/'. Tiến hành click tạo dự án mới...
2026-07-20 14:45:22 - Đang chờ URL chuyển hướng sang '/project/'...
2026-07-20 14:45:22 - URL hiện tại của trình duyệt (chờ /project/): https://labs.google/fx/vi/tools/flow/project/fe2b0178-d4f1-4422-b8c3-f99ce0974d4d
2026-07-20 14:45:22 - Đã vào dự án thành công!
2026-07-20 14:45:22 - Bắt đầu quét tìm ô PromptInput...
2026-07-20 14:45:22 - Đã tìm thấy PromptInput! HTML snippet: <div role="textbox" aria-multiline="true" spellcheck="false" class="sc-a8ba1f43-0 djaQmW sc-26b30722-6 jwWpiy" data-slate-editor="true" data-slate-node="value" contenteditable="true" zindex="-1" style...
2026-07-20 14:45:22 - Đang quét tìm nút Cài đặt tác nhân (tune/settings)...
2026-07-20 14:45:22 - Đã tìm thấy nút cài đặt tác nhân! HTML: <button data-state="closed" class="sc-e8425ea6-0 hOBPaw sc-d3791a4f-0 sc-d3791a4f-4 sc-c4e423a0-1 ewGlDn famhRe kOxyKx"><i class="sc-a39c2a59-0 bvvkYW google-symbols sc-e8425ea6-1 jZhFNn" font-size="1.125rem" color="currentColor">tune</i><span style="position: absolute; border: 0px; width: 1px; height: 1px; padding: 0px; margin: -1px; overflow: hidden; clip: rect(0px, 0px, 0px, 0px); white-space: nowrap; overflow-wrap: normal;">Cài đặt</span></button>
2026-07-20 14:45:23 - Đang quét tìm hộp thoại/panel Cài đặt tác nhân...
2026-07-20 14:45:23 - Đã tìm thấy hộp thoại/panel cài đặt tác nhân thành công!
2026-07-20 14:45:26 - Số lượng ảnh cũ đã có trên toàn màn hình: 0
2026-07-20 14:45:26 - Bắt đầu thực hiện gửi prompt...
2026-07-20 14:45:26 - Thử gửi bằng phím Enter ảo...
2026-07-20 14:45:27 - Đã gửi prompt thành công qua phím Enter ảo!
2026-07-20 14:46:23 - Tìm thấy 4 hình ảnh mới đã tạo xong! (Tổng số ảnh: 4, ảnh cũ: 0)
2026-07-20 14:46:23 - Đang quét lấy URL xem trước của 4 ảnh mới tạo...
2026-07-20 14:46:23 - Đang gửi yêu cầu chọn ảnh lên UI...
2026-07-20 14:52:12 - Bắt đầu mở trang Google Flow...
2026-07-20 14:52:12 - Đang chờ trình duyệt tải xong trang chủ Google Flow...
2026-07-20 14:52:12 - URL hiện tại của trình duyệt (chờ load): 
2026-07-20 14:52:13 - URL hiện tại của trình duyệt (chờ load): https://labs.google/fx/vi/tools/flow
2026-07-20 14:52:14 - Bắt đầu kiểm tra trạng thái đăng nhập...
2026-07-20 14:52:14 - URL sau khi kiểm tra redirect login: https://labs.google/fx/vi/tools/flow
2026-07-20 14:52:14 - Đăng nhập thành công. Đang đóng welcome overlays nếu có...
2026-07-20 14:52:15 - Kiểm tra xem có cần tạo dự án mới không. URL hiện tại: https://labs.google/fx/vi/tools/flow
2026-07-20 14:52:15 - URL không chứa '/project/'. Tiến hành click tạo dự án mới...
2026-07-20 14:52:17 - Đang chờ URL chuyển hướng sang '/project/'...
2026-07-20 14:52:17 - URL hiện tại của trình duyệt (chờ /project/): https://labs.google/fx/vi/tools/flow/project/999ba31c-0286-4cfe-83f4-cc7afee7bc83
2026-07-20 14:52:17 - Đã vào dự án thành công!
2026-07-20 14:52:17 - Bắt đầu quét tìm ô PromptInput...
2026-07-20 14:52:19 - Đã tìm thấy PromptInput! HTML snippet: <div role="textbox" aria-multiline="true" spellcheck="false" class="sc-a8ba1f43-0 djaQmW sc-26b30722-6 jwWpiy" data-slate-editor="true" data-slate-node="value" contenteditable="true" zindex="-1" style...
2026-07-20 14:52:19 - Đang quét tìm nút Cài đặt tác nhân (tune/settings)...
2026-07-20 14:52:19 - Đã tìm thấy nút cài đặt tác nhân! HTML: <button data-state="closed" class="sc-e8425ea6-0 hOBPaw sc-d3791a4f-0 sc-d3791a4f-4 sc-c4e423a0-1 ewGlDn famhRe kOxyKx"><i class="sc-a39c2a59-0 bvvkYW google-symbols sc-e8425ea6-1 jZhFNn" font-size="1.125rem" color="currentColor">tune</i><span style="position: absolute; border: 0px; width: 1px; height: 1px; padding: 0px; margin: -1px; overflow: hidden; clip: rect(0px, 0px, 0px, 0px); white-space: nowrap; overflow-wrap: normal;">Cài đặt</span></button>
2026-07-20 14:52:21 - Đang quét tìm hộp thoại/panel Cài đặt tác nhân...
2026-07-20 14:52:21 - Đã tìm thấy hộp thoại/panel cài đặt tác nhân thành công!
2026-07-20 14:52:24 - Số lượng ảnh cũ đã có trên toàn màn hình: 0
2026-07-20 14:52:24 - Bắt đầu thực hiện gửi prompt...
2026-07-20 14:52:24 - Thử gửi bằng phím Enter ảo...
2026-07-20 14:52:25 - Đã gửi prompt thành công qua phím Enter ảo!
2026-07-20 14:53:37 - Bắt đầu mở trang Google Flow...
2026-07-20 14:53:37 - Đang chờ trình duyệt tải xong trang chủ Google Flow...
2026-07-20 14:53:37 - URL hiện tại của trình duyệt (chờ load): 
2026-07-20 14:53:38 - URL hiện tại của trình duyệt (chờ load): https://labs.google/fx/vi/tools/flow
2026-07-20 14:53:40 - Bắt đầu kiểm tra trạng thái đăng nhập...
2026-07-20 14:53:40 - URL sau khi kiểm tra redirect login: https://labs.google/fx/vi/tools/flow
2026-07-20 14:53:40 - Đăng nhập thành công. Đang đóng welcome overlays nếu có...
2026-07-20 14:53:40 - Kiểm tra xem có cần tạo dự án mới không. URL hiện tại: https://labs.google/fx/vi/tools/flow
2026-07-20 14:53:40 - URL không chứa '/project/'. Tiến hành click tạo dự án mới...
2026-07-20 14:53:45 - Đang chờ URL chuyển hướng sang '/project/'...
2026-07-20 14:53:45 - URL hiện tại của trình duyệt (chờ /project/): https://labs.google/fx/vi/tools/flow/project/dda736b6-1f2c-433a-a46c-7a0b834c3dcc
2026-07-20 14:53:45 - Đã vào dự án thành công!
2026-07-20 14:53:45 - Bắt đầu quét tìm ô PromptInput...
2026-07-20 14:53:45 - Đã tìm thấy PromptInput! HTML snippet: <div role="textbox" aria-multiline="true" spellcheck="false" class="sc-a8ba1f43-0 djaQmW sc-26b30722-6 jwWpiy" data-slate-editor="true" data-slate-node="value" contenteditable="true" zindex="-1" style...
2026-07-20 14:53:45 - Đang quét tìm nút Cài đặt tác nhân (tune/settings)...
2026-07-20 14:53:45 - Đã tìm thấy nút cài đặt tác nhân! HTML: <button data-state="closed" class="sc-e8425ea6-0 hOBPaw sc-d3791a4f-0 sc-d3791a4f-4 sc-c4e423a0-1 ewGlDn famhRe kOxyKx"><i class="sc-a39c2a59-0 bvvkYW google-symbols sc-e8425ea6-1 jZhFNn" font-size="1.125rem" color="currentColor">tune</i><span style="position: absolute; border: 0px; width: 1px; height: 1px; padding: 0px; margin: -1px; overflow: hidden; clip: rect(0px, 0px, 0px, 0px); white-space: nowrap; overflow-wrap: normal;">Cài đặt</span></button>
2026-07-20 14:53:46 - Đang quét tìm hộp thoại/panel Cài đặt tác nhân...
2026-07-20 14:53:46 - Đã tìm thấy hộp thoại/panel cài đặt tác nhân thành công!
2026-07-20 14:53:49 - Số lượng ảnh cũ đã có trên toàn màn hình: 0
2026-07-20 14:53:49 - Bắt đầu thực hiện gửi prompt...
2026-07-20 14:53:49 - Thử gửi bằng phím Enter ảo...
2026-07-20 14:53:50 - Đã gửi prompt thành công qua phím Enter ảo!
2026-07-20 14:54:30 - Tìm thấy 3 hình ảnh mới đã tạo xong! (Tổng số ảnh: 3, ảnh cũ: 0)
2026-07-20 14:54:30 - Đang quét lấy URL xem trước của 3 ảnh mới tạo...
2026-07-20 14:54:30 - Đang gửi yêu cầu chọn ảnh lên UI...
2026-07-20 15:03:25 - Bắt đầu mở trang Google Flow...
2026-07-20 15:03:25 - Đang chờ trình duyệt tải xong trang chủ Google Flow...
2026-07-20 15:03:25 - URL hiện tại của trình duyệt (chờ load): 
2026-07-20 15:03:26 - URL hiện tại của trình duyệt (chờ load): https://labs.google/fx/vi/tools/flow
2026-07-20 15:03:27 - Bắt đầu kiểm tra trạng thái đăng nhập...
2026-07-20 15:03:27 - URL sau khi kiểm tra redirect login: https://labs.google/fx/vi/tools/flow
2026-07-20 15:03:27 - Đăng nhập thành công. Đang đóng welcome overlays nếu có...
2026-07-20 15:03:28 - Kiểm tra xem có cần tạo dự án mới không. URL hiện tại: https://labs.google/fx/vi/tools/flow
2026-07-20 15:03:28 - URL không chứa '/project/'. Tiến hành click tạo dự án mới...
2026-07-20 15:03:30 - Đang chờ URL chuyển hướng sang '/project/'...
2026-07-20 15:03:30 - URL hiện tại của trình duyệt (chờ /project/): https://labs.google/fx/vi/tools/flow/project/df9cfdd3-56a9-4b5d-b52f-8abf87ece9d8
2026-07-20 15:03:30 - Đã vào dự án thành công!
2026-07-20 15:03:30 - Bắt đầu quét tìm ô PromptInput...
2026-07-20 15:03:32 - Đã tìm thấy PromptInput! HTML snippet: <div role="textbox" aria-multiline="true" spellcheck="false" class="sc-a8ba1f43-0 djaQmW sc-26b30722-6 jwWpiy" data-slate-editor="true" data-slate-node="value" contenteditable="true" zindex="-1" style...
2026-07-20 15:03:32 - Đang quét tìm nút Cài đặt tác nhân (tune/settings)...
2026-07-20 15:03:32 - Đã tìm thấy nút cài đặt tác nhân! HTML: <button data-state="closed" class="sc-e8425ea6-0 hOBPaw sc-d3791a4f-0 sc-d3791a4f-4 sc-c4e423a0-1 ewGlDn famhRe kOxyKx"><i class="sc-a39c2a59-0 bvvkYW google-symbols sc-e8425ea6-1 jZhFNn" font-size="1.125rem" color="currentColor">tune</i><span style="position: absolute; border: 0px; width: 1px; height: 1px; padding: 0px; margin: -1px; overflow: hidden; clip: rect(0px, 0px, 0px, 0px); white-space: nowrap; overflow-wrap: normal;">Cài đặt</span></button>
2026-07-20 15:03:34 - Đang quét tìm hộp thoại/panel Cài đặt tác nhân...
2026-07-20 15:03:34 - Đã tìm thấy hộp thoại/panel cài đặt tác nhân thành công!
2026-07-20 15:03:36 - URL nhóm ảnh cuối cùng trước khi tạo: []
2026-07-20 15:03:37 - Bắt đầu thực hiện gửi prompt...
2026-07-20 15:03:37 - Thử gửi bằng phím Enter ảo...
2026-07-20 15:03:38 - Đã gửi prompt thành công qua phím Enter ảo!
2026-07-20 15:04:00 - Phát hiện thẻ lỗi trên Google Flow (Không thành công / Rất tiếc, đã xảy ra lỗi) khi tạo hình ảnh.
2026-07-20 15:04:00 - Phát hiện lỗi từ Google Flow hoặc quá trình tạo thất bại. Tự động gửi lại prompt (Thử lại lần 2/3)...
2026-07-20 15:04:00 - Bắt đầu thực hiện gửi prompt...
2026-07-20 15:04:00 - Thử gửi bằng phím Enter ảo...
2026-07-20 15:04:01 - Đã gửi prompt thành công qua phím Enter ảo!
2026-07-20 15:04:03 - Phát hiện thẻ lỗi trên Google Flow (Không thành công / Rất tiếc, đã xảy ra lỗi) khi tạo hình ảnh.
2026-07-20 15:04:03 - Phát hiện lỗi từ Google Flow hoặc quá trình tạo thất bại. Tự động gửi lại prompt (Thử lại lần 3/3)...
2026-07-20 15:04:04 - Bắt đầu thực hiện gửi prompt...
2026-07-20 15:04:04 - Thử gửi bằng phím Enter ảo...
2026-07-20 15:04:05 - Đã gửi prompt thành công qua phím Enter ảo!
2026-07-20 15:04:07 - Phát hiện thẻ lỗi trên Google Flow (Không thành công / Rất tiếc, đã xảy ra lỗi) khi tạo hình ảnh.
2026-07-20 15:06:27 - Bắt đầu mở trang Google Flow...
2026-07-20 15:07:05 - Đang chờ trình duyệt tải xong trang chủ Google Flow...
2026-07-20 15:07:05 - URL hiện tại của trình duyệt (chờ load): 
2026-07-20 15:07:05 - URL hiện tại của trình duyệt (chờ load): https://labs.google/fx/vi/tools/flow
2026-07-20 15:07:06 - Bắt đầu kiểm tra trạng thái đăng nhập...
2026-07-20 15:07:06 - URL sau khi kiểm tra redirect login: https://labs.google/fx/vi/tools/flow
2026-07-20 15:07:06 - Đăng nhập thành công. Đang đóng welcome overlays nếu có...
2026-07-20 15:07:07 - Kiểm tra xem có cần tạo dự án mới không. URL hiện tại: https://labs.google/fx/vi/tools/flow
2026-07-20 15:07:07 - URL không chứa '/project/'. Tiến hành click tạo dự án mới...
2026-07-20 15:07:15 - Đang chờ URL chuyển hướng sang '/project/'...
2026-07-20 15:07:15 - URL hiện tại của trình duyệt (chờ /project/): https://labs.google/fx/vi/tools/flow
2026-07-20 15:07:15 - URL hiện tại của trình duyệt (chờ /project/): https://labs.google/fx/vi/tools/flow
2026-07-20 15:07:16 - URL hiện tại của trình duyệt (chờ /project/): https://labs.google/fx/vi/tools/flow
2026-07-20 15:07:16 - URL hiện tại của trình duyệt (chờ /project/): https://labs.google/fx/vi/tools/flow
2026-07-20 15:07:17 - URL hiện tại của trình duyệt (chờ /project/): https://labs.google/fx/vi/tools/flow
2026-07-20 15:07:17 - URL hiện tại của trình duyệt (chờ /project/): https://labs.google/fx/vi/tools/flow
2026-07-20 15:07:18 - URL hiện tại của trình duyệt (chờ /project/): https://labs.google/fx/vi/tools/flow
2026-07-20 15:07:18 - URL hiện tại của trình duyệt (chờ /project/): https://labs.google/fx/vi/tools/flow
2026-07-20 15:07:19 - URL hiện tại của trình duyệt (chờ /project/): https://labs.google/fx/vi/tools/flow
2026-07-20 15:07:19 - URL hiện tại của trình duyệt (chờ /project/): https://labs.google/fx/vi/tools/flow
2026-07-20 15:07:20 - URL hiện tại của trình duyệt (chờ /project/): https://labs.google/fx/vi/tools/flow
2026-07-20 15:07:20 - URL hiện tại của trình duyệt (chờ /project/): https://labs.google/fx/vi/tools/flow
2026-07-20 15:07:21 - URL hiện tại của trình duyệt (chờ /project/): https://labs.google/fx/vi/tools/flow
2026-07-20 15:07:21 - URL hiện tại của trình duyệt (chờ /project/): https://labs.google/fx/vi/tools/flow
2026-07-20 15:07:22 - URL hiện tại của trình duyệt (chờ /project/): https://labs.google/fx/vi/tools/flow
2026-07-20 15:07:22 - URL hiện tại của trình duyệt (chờ /project/): https://labs.google/fx/vi/tools/flow
2026-07-20 15:07:23 - URL hiện tại của trình duyệt (chờ /project/): https://labs.google/fx/vi/tools/flow
2026-07-20 15:07:23 - URL hiện tại của trình duyệt (chờ /project/): https://labs.google/fx/vi/tools/flow
2026-07-20 15:07:24 - URL hiện tại của trình duyệt (chờ /project/): https://labs.google/fx/vi/tools/flow
2026-07-20 15:07:24 - URL hiện tại của trình duyệt (chờ /project/): https://labs.google/fx/vi/tools/flow
2026-07-20 15:07:25 - URL hiện tại của trình duyệt (chờ /project/): https://labs.google/fx/vi/tools/flow
2026-07-20 15:07:25 - URL hiện tại của trình duyệt (chờ /project/): https://labs.google/fx/vi/tools/flow
2026-07-20 15:07:26 - URL hiện tại của trình duyệt (chờ /project/): https://labs.google/fx/vi/tools/flow
2026-07-20 15:07:26 - URL hiện tại của trình duyệt (chờ /project/): https://labs.google/fx/vi/tools/flow
2026-07-20 15:07:27 - URL hiện tại của trình duyệt (chờ /project/): https://labs.google/fx/vi/tools/flow
2026-07-20 15:07:27 - URL hiện tại của trình duyệt (chờ /project/): https://labs.google/fx/vi/tools/flow
2026-07-20 15:07:28 - URL hiện tại của trình duyệt (chờ /project/): https://labs.google/fx/vi/tools/flow
2026-07-20 15:07:28 - URL hiện tại của trình duyệt (chờ /project/): https://labs.google/fx/vi/tools/flow
2026-07-20 15:07:29 - URL hiện tại của trình duyệt (chờ /project/): https://labs.google/fx/vi/tools/flow
2026-07-20 15:07:29 - URL hiện tại của trình duyệt (chờ /project/): https://labs.google/fx/vi/tools/flow
2026-07-20 15:07:30 - Timeout chờ chuyển hướng sang /project/. URL hiện tại: https://labs.google/fx/vi/tools/flow
2026-07-20 15:14:08 - Bắt đầu mở trang Google Flow...
2026-07-20 15:14:09 - Đang chờ trình duyệt tải xong trang chủ Google Flow...
2026-07-20 15:14:09 - URL hiện tại của trình duyệt (chờ load): 
2026-07-20 15:14:09 - URL hiện tại của trình duyệt (chờ load): https://labs.google/fx/vi/tools/flow
2026-07-20 15:14:12 - Bắt đầu kiểm tra trạng thái đăng nhập...
2026-07-20 15:14:12 - URL sau khi kiểm tra redirect login: https://labs.google/fx/vi/tools/flow
2026-07-20 15:14:12 - Đăng nhập thành công. Đang đóng welcome overlays nếu có...
2026-07-20 15:14:12 - Kiểm tra xem có cần tạo dự án mới không. URL hiện tại: https://labs.google/fx/vi/tools/flow
2026-07-20 15:14:12 - URL không chứa '/project/'. Tiến hành click tạo dự án mới...
2026-07-20 15:14:20 - Đang chờ URL chuyển hướng sang '/project/'...
2026-07-20 15:14:20 - URL hiện tại của trình duyệt (chờ /project/): https://labs.google/fx/vi/tools/flow
2026-07-20 15:14:20 - URL hiện tại của trình duyệt (chờ /project/): https://labs.google/fx/vi/tools/flow/project/fd066790-4765-492a-ba4e-aedc7b1828df
2026-07-20 15:14:20 - Đã vào dự án thành công!
2026-07-20 15:14:20 - Bắt đầu quét tìm ô PromptInput...
2026-07-20 15:14:21 - Đã tìm thấy PromptInput! HTML snippet: <div role="textbox" aria-multiline="true" spellcheck="false" class="sc-a8ba1f43-0 djaQmW sc-26b30722-6 jwWpiy" data-slate-editor="true" data-slate-node="value" contenteditable="true" zindex="-1" style...
2026-07-20 15:14:21 - Đang quét tìm nút Cài đặt tác nhân (tune/settings)...
2026-07-20 15:14:21 - Đã tìm thấy nút cài đặt tác nhân! HTML: <button data-state="closed" class="sc-e8425ea6-0 hOBPaw sc-d3791a4f-0 sc-d3791a4f-4 sc-c4e423a0-1 ewGlDn famhRe kOxyKx"><i class="sc-a39c2a59-0 bvvkYW google-symbols sc-e8425ea6-1 jZhFNn" font-size="1.125rem" color="currentColor">tune</i><span style="position: absolute; border: 0px; width: 1px; height: 1px; padding: 0px; margin: -1px; overflow: hidden; clip: rect(0px, 0px, 0px, 0px); white-space: nowrap; overflow-wrap: normal;">Cài đặt</span></button>
2026-07-20 15:14:23 - Đang quét tìm hộp thoại/panel Cài đặt tác nhân...
2026-07-20 15:14:23 - Đã tìm thấy hộp thoại/panel cài đặt tác nhân thành công!
2026-07-20 15:14:26 - URL nhóm ảnh cuối cùng trước khi tạo: []
2026-07-20 15:14:31 - Bắt đầu thực hiện gửi prompt...
2026-07-20 15:14:31 - Thử gửi bằng phím Enter ảo...
2026-07-20 15:14:32 - Đã gửi prompt thành công qua phím Enter ảo!
2026-07-20 15:14:40 - Phát hiện cảnh báo giới hạn hạn mức từ Google Flow: Bạn đã đạt đến hạn mức sử dụng Tác nhân công cụ. Hãy quay lại vào ngày mai hoặc nâng cấp để trò chuyện được nhiều hơn!
2026-07-20 15:37:27 - Không có link dự án cũ hoặc không hợp lệ. Tiến hành mở trang chủ...
2026-07-20 15:37:27 - Bắt đầu mở trang Google Flow: https://labs.google/fx/vi/tools/flow
2026-07-20 15:37:28 - Đang chờ trình duyệt tải xong trang Google Flow...
2026-07-20 15:37:28 - URL hiện tại của trình duyệt (chờ load): 
2026-07-20 15:37:28 - URL hiện tại của trình duyệt (chờ load): https://labs.google/fx/vi/tools/flow
2026-07-20 15:37:30 - Bắt đầu kiểm tra trạng thái đăng nhập...
2026-07-20 15:37:30 - URL sau khi kiểm tra redirect login: https://labs.google/fx/vi/tools/flow
2026-07-20 15:37:30 - Đăng nhập thành công. Đang đóng welcome overlays nếu có...
2026-07-20 15:37:30 - Dự án cũ không hoạt động hoặc không có. Tiến hành click tạo dự án mới...
2026-07-20 15:37:33 - Đang chờ URL chuyển hướng sang '/project/'...
2026-07-20 15:37:33 - URL hiện tại của trình duyệt (chờ /project/): https://labs.google/fx/vi/tools/flow/project/4e60f312-2cb1-4b1d-9849-fbfda4018b68
2026-07-20 15:37:33 - Lưu link dự án mới vào settings.json: https://labs.google/fx/vi/tools/flow/project/4e60f312-2cb1-4b1d-9849-fbfda4018b68
2026-07-20 15:37:33 - Đã vào dự án thành công!
2026-07-20 15:37:33 - Bắt đầu quét tìm ô PromptInput...
2026-07-20 15:37:34 - Đã tìm thấy PromptInput! HTML snippet: <div role="textbox" aria-multiline="true" spellcheck="false" class="sc-a8ba1f43-0 djaQmW sc-26b30722-6 jwWpiy" data-slate-editor="true" data-slate-node="value" contenteditable="true" zindex="-1" style...
2026-07-20 15:37:34 - Đang quét tìm nút Cài đặt tác nhân (tune/settings)...
2026-07-20 15:37:34 - Đã tìm thấy nút cài đặt tác nhân! HTML: <button data-state="closed" class="sc-e8425ea6-0 hOBPaw sc-d3791a4f-0 sc-d3791a4f-4 sc-c4e423a0-1 ewGlDn famhRe kOxyKx"><i class="sc-a39c2a59-0 bvvkYW google-symbols sc-e8425ea6-1 jZhFNn" font-size="1.125rem" color="currentColor">tune</i><span style="position: absolute; border: 0px; width: 1px; height: 1px; padding: 0px; margin: -1px; overflow: hidden; clip: rect(0px, 0px, 0px, 0px); white-space: nowrap; overflow-wrap: normal;">Cài đặt</span></button>
2026-07-20 15:37:36 - Đang quét tìm hộp thoại/panel Cài đặt tác nhân...
2026-07-20 15:37:36 - Đã tìm thấy hộp thoại/panel cài đặt tác nhân thành công!
2026-07-20 15:37:39 - URL nhóm ảnh cuối cùng trước khi tạo: []
2026-07-20 15:37:39 - Bắt đầu thực hiện gửi prompt...
2026-07-20 15:37:39 - Thử gửi bằng phím Enter ảo...
2026-07-20 15:37:40 - Đã gửi prompt thành công qua phím Enter ảo!
2026-07-20 15:37:46 - Phát hiện cảnh báo giới hạn hạn mức từ Google Flow: Bạn đã đạt đến hạn mức sử dụng Tác nhân công cụ. Hãy quay lại vào ngày mai hoặc nâng cấp để trò chuyện được nhiều hơn!
2026-07-20 15:38:09 - Phát hiện link dự án cũ đã lưu: https://labs.google/fx/vi/tools/flow/project/4e60f312-2cb1-4b1d-9849-fbfda4018b68. Tiến hành mở dự án này...
2026-07-20 15:38:09 - Bắt đầu mở trang Google Flow: https://labs.google/fx/vi/tools/flow/project/4e60f312-2cb1-4b1d-9849-fbfda4018b68
2026-07-20 15:38:10 - Đang chờ trình duyệt tải xong trang Google Flow...
2026-07-20 15:38:10 - URL hiện tại của trình duyệt (chờ load): 
2026-07-20 15:38:10 - URL hiện tại của trình duyệt (chờ load): https://labs.google/fx/vi/tools/flow/project/4e60f312-2cb1-4b1d-9849-fbfda4018b68
2026-07-20 15:38:13 - Bắt đầu kiểm tra trạng thái đăng nhập...
2026-07-20 15:38:13 - URL sau khi kiểm tra redirect login: https://labs.google/fx/vi/tools/flow/project/4e60f312-2cb1-4b1d-9849-fbfda4018b68
2026-07-20 15:38:13 - Đăng nhập thành công. Đang đóng welcome overlays nếu có...
2026-07-20 15:38:13 - Xác minh dự án cũ có hoạt động bình thường không...
2026-07-20 15:38:13 - Dự án cũ hoạt động bình thường! Tiếp tục sử dụng.
2026-07-20 15:38:13 - Đã vào dự án thành công!
2026-07-20 15:38:13 - Bắt đầu quét tìm ô PromptInput...
2026-07-20 15:38:13 - Đã tìm thấy PromptInput! HTML snippet: <div role="textbox" aria-multiline="true" spellcheck="false" class="sc-a8ba1f43-0 djaQmW sc-26b30722-6 jwWpiy" data-slate-editor="true" data-slate-node="value" contenteditable="true" zindex="-1" style...
2026-07-20 15:38:13 - Đang quét tìm nút Cài đặt tác nhân (tune/settings)...
2026-07-20 15:38:13 - Đã tìm thấy nút cài đặt tác nhân! HTML: <button data-state="closed" class="sc-e8425ea6-0 hOBPaw sc-d3791a4f-0 sc-d3791a4f-4 sc-c4e423a0-1 ewGlDn famhRe kOxyKx"><i class="sc-a39c2a59-0 bvvkYW google-symbols sc-e8425ea6-1 jZhFNn" font-size="1.125rem" color="currentColor">tune</i><span style="position: absolute; border: 0px; width: 1px; height: 1px; padding: 0px; margin: -1px; overflow: hidden; clip: rect(0px, 0px, 0px, 0px); white-space: nowrap; overflow-wrap: normal;">Cài đặt</span></button>
2026-07-20 15:38:15 - Đang quét tìm hộp thoại/panel Cài đặt tác nhân...
2026-07-20 15:38:15 - Đã tìm thấy hộp thoại/panel cài đặt tác nhân thành công!
2026-07-20 15:38:18 - URL nhóm ảnh cuối cùng trước khi tạo: []
2026-07-20 15:38:18 - Bắt đầu thực hiện gửi prompt...
2026-07-20 15:38:18 - Thử gửi bằng phím Enter ảo...
2026-07-20 15:38:19 - Đã gửi prompt thành công qua phím Enter ảo!
2026-07-20 15:38:25 - Phát hiện cảnh báo giới hạn hạn mức từ Google Flow: Bạn đã đạt đến hạn mức sử dụng Tác nhân công cụ. Hãy quay lại vào ngày mai hoặc nâng cấp để trò chuyện được nhiều hơn!
2026-07-20 15:38:40 - Phát hiện link dự án cũ đã lưu: https://labs.google/fx/vi/tools/flow/project/4e60f312-2cb1-4b1d-9849-fbfda4018b68. Tiến hành mở dự án này...
2026-07-20 15:38:40 - Bắt đầu mở trang Google Flow: https://labs.google/fx/vi/tools/flow/project/4e60f312-2cb1-4b1d-9849-fbfda4018b68
2026-07-20 15:38:41 - Đang chờ trình duyệt tải xong trang Google Flow...
2026-07-20 15:38:41 - URL hiện tại của trình duyệt (chờ load): 
2026-07-20 15:38:41 - URL hiện tại của trình duyệt (chờ load): https://labs.google/fx/vi/tools/flow/project/4e60f312-2cb1-4b1d-9849-fbfda4018b68
2026-07-20 15:38:44 - Bắt đầu kiểm tra trạng thái đăng nhập...
2026-07-20 15:38:44 - URL sau khi kiểm tra redirect login: https://labs.google/fx/vi/tools/flow/project/4e60f312-2cb1-4b1d-9849-fbfda4018b68
2026-07-20 15:38:44 - Đăng nhập thành công. Đang đóng welcome overlays nếu có...
2026-07-20 15:38:44 - Xác minh dự án cũ có hoạt động bình thường không...
2026-07-20 15:38:44 - Dự án cũ hoạt động bình thường! Tiếp tục sử dụng.
2026-07-20 15:38:44 - Đã vào dự án thành công!
2026-07-20 15:38:44 - Bắt đầu quét tìm ô PromptInput...
2026-07-20 15:38:44 - Đã tìm thấy PromptInput! HTML snippet: <div role="textbox" aria-multiline="true" spellcheck="false" class="sc-a8ba1f43-0 djaQmW sc-26b30722-6 jwWpiy" data-slate-editor="true" data-slate-node="value" contenteditable="true" zindex="-1" style...
2026-07-20 15:38:44 - Đang quét tìm nút Cài đặt tác nhân (tune/settings)...
2026-07-20 15:38:44 - Đã tìm thấy nút cài đặt tác nhân! HTML: <button data-state="closed" class="sc-e8425ea6-0 hOBPaw sc-d3791a4f-0 sc-d3791a4f-4 sc-c4e423a0-1 ewGlDn famhRe kOxyKx"><i class="sc-a39c2a59-0 bvvkYW google-symbols sc-e8425ea6-1 jZhFNn" font-size="1.125rem" color="currentColor">tune</i><span style="position: absolute; border: 0px; width: 1px; height: 1px; padding: 0px; margin: -1px; overflow: hidden; clip: rect(0px, 0px, 0px, 0px); white-space: nowrap; overflow-wrap: normal;">Cài đặt</span></button>
2026-07-20 15:38:46 - Đang quét tìm hộp thoại/panel Cài đặt tác nhân...
2026-07-20 15:38:46 - Đã tìm thấy hộp thoại/panel cài đặt tác nhân thành công!
2026-07-20 15:38:55 - URL nhóm ảnh cuối cùng trước khi tạo: []
2026-07-20 15:38:55 - Phát hiện lỗi từ Google Flow hoặc quá trình tạo thất bại. Tự động gửi lại prompt (Thử lại lần 2/3)...
2026-07-20 15:39:00 - Phát hiện lỗi từ Google Flow hoặc quá trình tạo thất bại. Tự động gửi lại prompt (Thử lại lần 3/3)...
2026-07-20 15:42:01 - Phát hiện link dự án cũ đã lưu: https://labs.google/fx/vi/tools/flow/project/4e60f312-2cb1-4b1d-9849-fbfda4018b68. Tiến hành mở dự án này...
2026-07-20 15:42:01 - Bắt đầu mở trang Google Flow: https://labs.google/fx/vi/tools/flow/project/4e60f312-2cb1-4b1d-9849-fbfda4018b68
2026-07-20 15:42:02 - Đang chờ trình duyệt tải xong trang Google Flow...
2026-07-20 15:42:02 - URL hiện tại của trình duyệt (chờ load): 
2026-07-20 15:42:02 - URL hiện tại của trình duyệt (chờ load): https://labs.google/fx/vi/tools/flow/project/4e60f312-2cb1-4b1d-9849-fbfda4018b68
2026-07-20 15:42:05 - Bắt đầu kiểm tra trạng thái đăng nhập...
2026-07-20 15:42:05 - URL sau khi kiểm tra redirect login: https://labs.google/fx/vi/tools/flow/project/4e60f312-2cb1-4b1d-9849-fbfda4018b68
2026-07-20 15:42:05 - Đăng nhập thành công. Đang đóng welcome overlays nếu có...
2026-07-20 15:42:05 - Xác minh dự án cũ có hoạt động bình thường không...
2026-07-20 15:42:05 - Dự án cũ hoạt động bình thường! Tiếp tục sử dụng.
2026-07-20 15:42:05 - Đã vào dự án thành công!
2026-07-20 15:42:05 - Bắt đầu quét tìm ô PromptInput...
2026-07-20 15:42:05 - Đã tìm thấy PromptInput! HTML snippet: <div role="textbox" aria-multiline="true" spellcheck="false" class="sc-a8ba1f43-0 djaQmW sc-26b30722-6 jwWpiy" data-slate-editor="true" data-slate-node="value" contenteditable="true" zindex="-1" style...
2026-07-20 15:42:05 - Đang quét tìm nút Cài đặt tác nhân (tune/settings)...
2026-07-20 15:42:05 - Đã tìm thấy nút cài đặt tác nhân! HTML: <button data-state="closed" class="sc-e8425ea6-0 hOBPaw sc-d3791a4f-0 sc-d3791a4f-4 sc-c4e423a0-1 ewGlDn famhRe kOxyKx"><i class="sc-a39c2a59-0 bvvkYW google-symbols sc-e8425ea6-1 jZhFNn" font-size="1.125rem" color="currentColor">tune</i><span style="position: absolute; border: 0px; width: 1px; height: 1px; padding: 0px; margin: -1px; overflow: hidden; clip: rect(0px, 0px, 0px, 0px); white-space: nowrap; overflow-wrap: normal;">Cài đặt</span></button>
2026-07-20 15:42:07 - Đang quét tìm hộp thoại/panel Cài đặt tác nhân...
2026-07-20 15:42:07 - Đã tìm thấy hộp thoại/panel cài đặt tác nhân thành công!
2026-07-20 15:42:10 - URL nhóm ảnh cuối cùng trước khi tạo: []
2026-07-20 15:42:10 - Bắt đầu thực hiện gửi prompt...
2026-07-20 15:42:10 - Thử gửi bằng phím Enter ảo...
2026-07-20 15:42:11 - Đã gửi prompt thành công qua phím Enter ảo!
2026-07-20 15:42:19 - Phát hiện cảnh báo giới hạn hạn mức từ Google Flow: Bạn đã đạt đến hạn mức sử dụng Tác nhân công cụ. Hãy quay lại vào ngày mai hoặc nâng cấp để trò chuyện được nhiều hơn!
2026-07-20 15:45:39 - Phát hiện link dự án cũ đã lưu: https://labs.google/fx/vi/tools/flow/project/4e60f312-2cb1-4b1d-9849-fbfda4018b68. Tiến hành mở dự án này...
2026-07-20 15:45:39 - Bắt đầu mở trang Google Flow: https://labs.google/fx/vi/tools/flow/project/4e60f312-2cb1-4b1d-9849-fbfda4018b68
2026-07-20 15:45:40 - Đang chờ trình duyệt tải xong trang Google Flow...
2026-07-20 15:45:40 - URL hiện tại của trình duyệt (chờ load): 
2026-07-20 15:45:40 - URL hiện tại của trình duyệt (chờ load): https://labs.google/fx/vi/tools/flow/project/4e60f312-2cb1-4b1d-9849-fbfda4018b68
2026-07-20 15:45:43 - Bắt đầu kiểm tra trạng thái đăng nhập...
2026-07-20 15:45:43 - URL sau khi kiểm tra redirect login: https://labs.google/fx/vi/tools/flow/project/4e60f312-2cb1-4b1d-9849-fbfda4018b68
2026-07-20 15:45:43 - Đăng nhập thành công. Đang đóng welcome overlays nếu có...
2026-07-20 15:45:43 - Xác minh dự án cũ có hoạt động bình thường không...
2026-07-20 15:45:43 - Dự án cũ hoạt động bình thường! Tiếp tục sử dụng.
2026-07-20 15:45:43 - Đã vào dự án thành công!
2026-07-20 15:45:43 - Bắt đầu quét tìm ô PromptInput...
2026-07-20 15:45:43 - Đã tìm thấy PromptInput! HTML snippet: <div role="textbox" aria-multiline="true" spellcheck="false" class="sc-a8ba1f43-0 djaQmW sc-26b30722-6 jwWpiy" data-slate-editor="true" data-slate-node="value" contenteditable="true" zindex="-1" style...
2026-07-20 15:45:43 - Đang quét tìm nút Cài đặt tác nhân (tune/settings)...
2026-07-20 15:45:43 - Đã tìm thấy nút cài đặt tác nhân! HTML: <button data-state="closed" class="sc-e8425ea6-0 hOBPaw sc-d3791a4f-0 sc-d3791a4f-4 sc-c4e423a0-1 ewGlDn famhRe kOxyKx"><i class="sc-a39c2a59-0 bvvkYW google-symbols sc-e8425ea6-1 jZhFNn" font-size="1.125rem" color="currentColor">tune</i><span style="position: absolute; border: 0px; width: 1px; height: 1px; padding: 0px; margin: -1px; overflow: hidden; clip: rect(0px, 0px, 0px, 0px); white-space: nowrap; overflow-wrap: normal;">Cài đặt</span></button>
2026-07-20 15:45:45 - Đang quét tìm hộp thoại/panel Cài đặt tác nhân...
2026-07-20 15:45:45 - Đã tìm thấy hộp thoại/panel cài đặt tác nhân thành công!
2026-07-20 15:45:47 - URL nhóm ảnh cuối cùng trước khi tạo: []
2026-07-20 15:45:48 - Bắt đầu thực hiện gửi prompt...
2026-07-20 15:45:48 - Thử gửi bằng phím Enter ảo...
2026-07-20 15:45:49 - Đã gửi prompt thành công qua phím Enter ảo!
2026-07-20 15:45:55 - Phát hiện cảnh báo giới hạn hạn mức từ Google Flow: Bạn đã đạt đến hạn mức sử dụng Tác nhân công cụ. Hãy quay lại vào ngày mai hoặc nâng cấp để trò chuyện được nhiều hơn!
2026-07-20 16:38:43 - Phát hiện link dự án cũ đã lưu: https://labs.google/fx/vi/tools/flow/project/4e60f312-2cb1-4b1d-9849-fbfda4018b68. Tiến hành mở dự án này...
2026-07-20 16:38:43 - Bắt đầu mở trang Google Flow: https://labs.google/fx/vi/tools/flow/project/4e60f312-2cb1-4b1d-9849-fbfda4018b68
2026-07-20 16:38:44 - Đang chờ trình duyệt tải xong trang Google Flow...
2026-07-20 16:38:44 - URL hiện tại của trình duyệt (chờ load): 
2026-07-20 16:38:45 - URL hiện tại của trình duyệt (chờ load): https://labs.google/fx/vi/tools/flow/project/4e60f312-2cb1-4b1d-9849-fbfda4018b68
2026-07-20 16:38:46 - Bắt đầu kiểm tra trạng thái đăng nhập...
2026-07-20 16:38:46 - URL sau khi kiểm tra redirect login: https://labs.google/fx/vi/tools/flow/project/4e60f312-2cb1-4b1d-9849-fbfda4018b68
2026-07-20 16:38:46 - Đăng nhập thành công. Đang đóng welcome overlays nếu có...
2026-07-20 16:38:47 - Xác minh dự án cũ có hoạt động bình thường không...
2026-07-20 16:38:50 - Dự án cũ hoạt động bình thường! Tiếp tục sử dụng.
2026-07-20 16:38:50 - Đã vào dự án thành công!
2026-07-20 16:38:50 - Bắt đầu quét tìm ô PromptInput...
2026-07-20 16:38:50 - Đã tìm thấy PromptInput! HTML snippet: <div role="textbox" aria-multiline="true" spellcheck="false" class="sc-a8ba1f43-0 djaQmW sc-26b30722-6 jwWpiy" data-slate-editor="true" data-slate-node="value" contenteditable="true" zindex="-1" style...
2026-07-20 16:38:50 - Đang quét tìm nút Cài đặt tác nhân (tune/settings)...
2026-07-20 16:38:50 - Đã tìm thấy nút cài đặt tác nhân! HTML: <button data-state="closed" class="sc-e8425ea6-0 hOBPaw sc-d3791a4f-0 sc-d3791a4f-4 sc-c4e423a0-1 ewGlDn famhRe kOxyKx"><i class="sc-a39c2a59-0 bvvkYW google-symbols sc-e8425ea6-1 jZhFNn" font-size="1.125rem" color="currentColor">tune</i><span style="position: absolute; border: 0px; width: 1px; height: 1px; padding: 0px; margin: -1px; overflow: hidden; clip: rect(0px, 0px, 0px, 0px); white-space: nowrap; overflow-wrap: normal;">Cài đặt</span></button>
2026-07-20 16:38:52 - Đang quét tìm hộp thoại/panel Cài đặt tác nhân...
2026-07-20 16:38:52 - Đã tìm thấy hộp thoại/panel cài đặt tác nhân thành công!
2026-07-20 16:38:54 - URL nhóm ảnh cuối cùng trước khi tạo: []
2026-07-20 16:38:56 - Bắt đầu thực hiện gửi prompt...
2026-07-20 16:38:56 - Thử gửi bằng phím Enter ảo...
2026-07-20 16:38:57 - Đã gửi prompt thành công qua phím Enter ảo!
2026-07-20 16:43:10 - Phát hiện link dự án cũ đã lưu: https://labs.google/fx/vi/tools/flow/project/4e60f312-2cb1-4b1d-9849-fbfda4018b68. Tiến hành mở dự án này...
2026-07-20 16:43:10 - Bắt đầu mở trang Google Flow: https://labs.google/fx/vi/tools/flow/project/4e60f312-2cb1-4b1d-9849-fbfda4018b68
2026-07-20 16:43:11 - Đang chờ trình duyệt tải xong trang Google Flow...
2026-07-20 16:43:11 - URL hiện tại của trình duyệt (chờ load): 
2026-07-20 16:43:12 - URL hiện tại của trình duyệt (chờ load): https://labs.google/fx/vi/tools/flow/project/4e60f312-2cb1-4b1d-9849-fbfda4018b68
2026-07-20 16:43:13 - Bắt đầu kiểm tra trạng thái đăng nhập...
2026-07-20 16:43:13 - URL sau khi kiểm tra redirect login: https://labs.google/fx/vi/tools/flow/project/4e60f312-2cb1-4b1d-9849-fbfda4018b68
2026-07-20 16:43:13 - Đăng nhập thành công. Đang đóng welcome overlays nếu có...
2026-07-20 16:43:13 - Xác minh dự án cũ có hoạt động bình thường không...
2026-07-20 16:43:18 - Dự án cũ hoạt động bình thường! Tiếp tục sử dụng.
2026-07-20 16:43:18 - Đã vào dự án thành công!
2026-07-20 16:43:18 - Bắt đầu quét tìm ô PromptInput...
2026-07-20 16:43:18 - Đã tìm thấy PromptInput! HTML snippet: <div role="textbox" aria-multiline="true" spellcheck="false" class="sc-a8ba1f43-0 djaQmW sc-26b30722-6 jwWpiy" data-slate-editor="true" data-slate-node="value" contenteditable="true" zindex="-1" style...
2026-07-20 16:43:18 - Đang quét tìm nút Cài đặt tác nhân (tune/settings)...
2026-07-20 16:43:18 - Đã tìm thấy nút cài đặt tác nhân! HTML: <button data-state="closed" class="sc-e8425ea6-0 hOBPaw sc-d3791a4f-0 sc-d3791a4f-4 sc-c4e423a0-1 ewGlDn famhRe kOxyKx"><i class="sc-a39c2a59-0 bvvkYW google-symbols sc-e8425ea6-1 jZhFNn" font-size="1.125rem" color="currentColor">tune</i><span style="position: absolute; border: 0px; width: 1px; height: 1px; padding: 0px; margin: -1px; overflow: hidden; clip: rect(0px, 0px, 0px, 0px); white-space: nowrap; overflow-wrap: normal;">Cài đặt</span></button>
2026-07-20 16:43:19 - Đang quét tìm hộp thoại/panel Cài đặt tác nhân...
2026-07-20 16:43:19 - Đã tìm thấy hộp thoại/panel cài đặt tác nhân thành công!
2026-07-20 16:43:22 - URL nhóm ảnh cuối cùng trước khi tạo: []
2026-07-20 16:43:24 - Bắt đầu thực hiện gửi prompt...
2026-07-20 16:43:24 - Thử gửi bằng phím Enter ảo...
2026-07-20 16:43:25 - Đã gửi prompt thành công qua phím Enter ảo!
2026-07-20 16:43:35 - Phát hiện cảnh báo giới hạn hạn mức từ Google Flow: Bạn đã đạt đến hạn mức sử dụng Tác nhân công cụ. Hãy quay lại vào ngày mai hoặc nâng cấp để trò chuyện được nhiều hơn!
2026-07-20 16:44:03 - Phát hiện link dự án cũ đã lưu: https://labs.google/fx/vi/tools/flow/project/4e60f312-2cb1-4b1d-9849-fbfda4018b68. Tiến hành mở dự án này...
2026-07-20 16:44:03 - Bắt đầu mở trang Google Flow: https://labs.google/fx/vi/tools/flow/project/4e60f312-2cb1-4b1d-9849-fbfda4018b68
2026-07-20 16:44:04 - Đang chờ trình duyệt tải xong trang Google Flow...
2026-07-20 16:44:04 - URL hiện tại của trình duyệt (chờ load): 
2026-07-20 16:44:05 - URL hiện tại của trình duyệt (chờ load): https://labs.google/fx/vi/tools/flow/project/4e60f312-2cb1-4b1d-9849-fbfda4018b68
2026-07-20 16:44:06 - Bắt đầu kiểm tra trạng thái đăng nhập...
2026-07-20 16:44:06 - URL sau khi kiểm tra redirect login: https://labs.google/fx/vi/tools/flow/project/4e60f312-2cb1-4b1d-9849-fbfda4018b68
2026-07-20 16:44:06 - Đăng nhập thành công. Đang đóng welcome overlays nếu có...
2026-07-20 16:44:06 - Xác minh dự án cũ có hoạt động bình thường không...
2026-07-20 16:44:09 - Dự án cũ hoạt động bình thường! Tiếp tục sử dụng.
2026-07-20 16:44:09 - Đã vào dự án thành công!
2026-07-20 16:44:09 - Bắt đầu quét tìm ô PromptInput...
2026-07-20 16:44:09 - Đã tìm thấy PromptInput! HTML snippet: <div role="textbox" aria-multiline="true" spellcheck="false" class="sc-a8ba1f43-0 djaQmW sc-26b30722-6 jwWpiy" data-slate-editor="true" data-slate-node="value" contenteditable="true" zindex="-1" style...
2026-07-20 16:44:09 - Đang quét tìm nút Cài đặt tác nhân (tune/settings)...
2026-07-20 16:44:09 - Đã tìm thấy nút cài đặt tác nhân! HTML: <button data-state="closed" class="sc-e8425ea6-0 hOBPaw sc-d3791a4f-0 sc-d3791a4f-4 sc-c4e423a0-1 ewGlDn famhRe kOxyKx"><i class="sc-a39c2a59-0 bvvkYW google-symbols sc-e8425ea6-1 jZhFNn" font-size="1.125rem" color="currentColor">tune</i><span style="position: absolute; border: 0px; width: 1px; height: 1px; padding: 0px; margin: -1px; overflow: hidden; clip: rect(0px, 0px, 0px, 0px); white-space: nowrap; overflow-wrap: normal;">Cài đặt</span></button>
2026-07-20 16:44:11 - Đang quét tìm hộp thoại/panel Cài đặt tác nhân...
2026-07-20 16:44:11 - Đã tìm thấy hộp thoại/panel cài đặt tác nhân thành công!
2026-07-20 16:44:13 - URL nhóm ảnh cuối cùng trước khi tạo: []
2026-07-20 16:44:14 - Phát hiện yêu cầu gửi kèm ảnh (1 ảnh). Đang upload ảnh...
2026-07-20 16:44:14 - Đã upload 1 ảnh thành công! Đang chờ 3 giây để upload hoàn tất...
2026-07-20 16:44:20 - Bắt đầu thực hiện gửi prompt...
2026-07-20 16:44:20 - Thử gửi bằng phím Enter ảo...
2026-07-20 16:44:21 - Thử gửi bằng sự kiện keydown Enter (JS)...
2026-07-20 16:44:21 - Lỗi dispatch event Enter: eval js error: TypeError: Cannot read properties of undefined (reading 'dispatchEvent')
    at HTMLDivElement.<anonymous> (<anonymous>:10:8)
    at HTMLDivElement.<anonymous> (<anonymous>:11:7) <nil>
2026-07-20 16:44:22 - Bắt đầu quét tìm nút gửi bằng JS...
2026-07-20 16:44:22 - Phương án quét JS thất bại. Thử dùng danh sách Selectors dự phòng...
2026-07-20 16:47:06 - Phát hiện link dự án cũ đã lưu: https://labs.google/fx/vi/tools/flow/project/4e60f312-2cb1-4b1d-9849-fbfda4018b68. Tiến hành mở dự án này...
2026-07-20 16:47:06 - Bắt đầu mở trang Google Flow: https://labs.google/fx/vi/tools/flow/project/4e60f312-2cb1-4b1d-9849-fbfda4018b68
2026-07-20 16:47:07 - Đang chờ trình duyệt tải xong trang Google Flow...
2026-07-20 16:47:07 - URL hiện tại của trình duyệt (chờ load): 
2026-07-20 16:47:07 - URL hiện tại của trình duyệt (chờ load): https://labs.google/fx/vi/tools/flow/project/4e60f312-2cb1-4b1d-9849-fbfda4018b68
2026-07-20 16:47:08 - Bắt đầu kiểm tra trạng thái đăng nhập...
2026-07-20 16:47:08 - URL sau khi kiểm tra redirect login: https://labs.google/fx/vi/tools/flow/project/4e60f312-2cb1-4b1d-9849-fbfda4018b68
2026-07-20 16:47:08 - Đăng nhập thành công. Đang đóng welcome overlays nếu có...
2026-07-20 16:47:09 - Xác minh dự án cũ có hoạt động bình thường không...
2026-07-20 16:47:13 - Dự án cũ hoạt động bình thường! Tiếp tục sử dụng.
2026-07-20 16:47:13 - Đã vào dự án thành công!
2026-07-20 16:47:13 - Bắt đầu quét tìm ô PromptInput...
2026-07-20 16:47:13 - Đã tìm thấy PromptInput! HTML snippet: <div role="textbox" aria-multiline="true" spellcheck="false" class="sc-a8ba1f43-0 djaQmW sc-26b30722-6 jwWpiy" data-slate-editor="true" data-slate-node="value" contenteditable="true" zindex="-1" style...
2026-07-20 16:47:13 - Đang quét tìm nút Cài đặt tác nhân (tune/settings)...
2026-07-20 16:47:13 - Đã tìm thấy nút cài đặt tác nhân! HTML: <button data-state="closed" class="sc-e8425ea6-0 hOBPaw sc-d3791a4f-0 sc-d3791a4f-4 sc-c4e423a0-1 ewGlDn famhRe kOxyKx"><i class="sc-a39c2a59-0 bvvkYW google-symbols sc-e8425ea6-1 jZhFNn" font-size="1.125rem" color="currentColor">tune</i><span style="position: absolute; border: 0px; width: 1px; height: 1px; padding: 0px; margin: -1px; overflow: hidden; clip: rect(0px, 0px, 0px, 0px); white-space: nowrap; overflow-wrap: normal;">Cài đặt</span></button>
2026-07-20 16:47:14 - Đang quét tìm hộp thoại/panel Cài đặt tác nhân...
2026-07-20 16:47:14 - Đã tìm thấy hộp thoại/panel cài đặt tác nhân thành công!
2026-07-20 16:47:17 - URL nhóm ảnh cuối cùng trước khi tạo: []
2026-07-20 16:47:19 - Bắt đầu thực hiện gửi prompt...
2026-07-20 16:47:19 - Thử gửi bằng phím Enter ảo...
2026-07-20 16:47:20 - Đã gửi prompt thành công qua phím Enter ảo!
2026-07-20 16:47:24 - Phát hiện thẻ lỗi trên Google Flow (Không thành công / Rất tiếc, đã xảy ra lỗi) khi tạo hình ảnh.
2026-07-20 16:47:24 - Phát hiện lỗi từ Google Flow hoặc quá trình tạo thất bại. Tự động gửi lại prompt (Thử lại lần 2/3)...
2026-07-20 16:47:24 - Bắt đầu thực hiện gửi prompt...
2026-07-20 16:47:24 - Thử gửi bằng phím Enter ảo...
2026-07-20 16:47:25 - Đã gửi prompt thành công qua phím Enter ảo!
2026-07-20 16:47:27 - Phát hiện thẻ lỗi trên Google Flow (Không thành công / Rất tiếc, đã xảy ra lỗi) khi tạo hình ảnh.
2026-07-20 16:47:27 - Phát hiện lỗi từ Google Flow hoặc quá trình tạo thất bại. Tự động gửi lại prompt (Thử lại lần 3/3)...
2026-07-20 16:47:27 - Bắt đầu thực hiện gửi prompt...
2026-07-20 16:47:27 - Thử gửi bằng phím Enter ảo...
2026-07-20 16:47:28 - Đã gửi prompt thành công qua phím Enter ảo!
2026-07-20 16:47:30 - Phát hiện thẻ lỗi trên Google Flow (Không thành công / Rất tiếc, đã xảy ra lỗi) khi tạo hình ảnh.
2026-07-20 16:54:20 - Phát hiện link dự án cũ đã lưu: https://labs.google/fx/vi/tools/flow/project/4e60f312-2cb1-4b1d-9849-fbfda4018b68. Tiến hành mở dự án này...
2026-07-20 16:54:20 - Bắt đầu mở trang Google Flow: https://labs.google/fx/vi/tools/flow/project/4e60f312-2cb1-4b1d-9849-fbfda4018b68
2026-07-20 16:54:20 - Đang chờ trình duyệt tải xong trang Google Flow...
2026-07-20 16:54:20 - URL hiện tại của trình duyệt (chờ load): 
2026-07-20 16:54:21 - URL hiện tại của trình duyệt (chờ load): https://labs.google/fx/vi/tools/flow/project/4e60f312-2cb1-4b1d-9849-fbfda4018b68
2026-07-20 16:54:23 - Bắt đầu kiểm tra trạng thái đăng nhập...
2026-07-20 16:54:23 - URL sau khi kiểm tra redirect login: https://labs.google/fx/vi/tools/flow/project/4e60f312-2cb1-4b1d-9849-fbfda4018b68
2026-07-20 16:54:23 - Đăng nhập thành công. Đang đóng welcome overlays nếu có...
2026-07-20 16:54:24 - Xác minh dự án cũ có hoạt động bình thường không...
2026-07-20 16:54:24 - Dự án cũ hoạt động bình thường! Tiếp tục sử dụng.
2026-07-20 16:54:24 - Đã vào dự án thành công!
2026-07-20 16:54:24 - Bắt đầu quét tìm ô PromptInput...
2026-07-20 16:54:24 - Đã tìm thấy PromptInput! HTML snippet: <div role="textbox" aria-multiline="true" spellcheck="false" class="sc-a8ba1f43-0 djaQmW sc-26b30722-6 jwWpiy" data-slate-editor="true" data-slate-node="value" contenteditable="true" zindex="-1" style...
2026-07-20 16:54:24 - Đang quét tìm nút Cài đặt tác nhân (tune/settings)...
2026-07-20 16:54:24 - Đã tìm thấy nút cài đặt tác nhân! HTML: <button data-state="closed" class="sc-e8425ea6-0 hOBPaw sc-d3791a4f-0 sc-d3791a4f-4 sc-c4e423a0-1 ewGlDn famhRe kOxyKx"><i class="sc-a39c2a59-0 bvvkYW google-symbols sc-e8425ea6-1 jZhFNn" font-size="1.125rem" color="currentColor">tune</i><span style="position: absolute; border: 0px; width: 1px; height: 1px; padding: 0px; margin: -1px; overflow: hidden; clip: rect(0px, 0px, 0px, 0px); white-space: nowrap; overflow-wrap: normal;">Cài đặt</span></button>
2026-07-20 16:54:25 - Đang quét tìm hộp thoại/panel Cài đặt tác nhân...
2026-07-20 16:54:25 - Đã tìm thấy hộp thoại/panel cài đặt tác nhân thành công!
2026-07-20 16:54:28 - URL nhóm ảnh cuối cùng trước khi tạo: []
2026-07-20 16:54:28 - Phát hiện yêu cầu gửi kèm ảnh (1 ảnh). Đang upload ảnh...
2026-07-20 16:54:28 - Đã upload 1 ảnh. Đang kiểm tra hộp thoại cảnh báo bản quyền/quyền sở hữu...
2026-07-20 16:54:28 - Phát hiện hộp thoại thông báo tải ảnh. Tiến hành click 'Tôi đồng ý'...
2026-07-20 16:54:31 - Bắt đầu thực hiện gửi prompt...
2026-07-20 16:54:31 - Thử gửi bằng phím Enter ảo...
2026-07-20 16:54:32 - Thử gửi bằng sự kiện keydown Enter (JS)...
2026-07-20 16:54:32 - Lỗi dispatch event Enter: eval js error: TypeError: Cannot read properties of undefined (reading 'dispatchEvent')
    at HTMLDivElement.<anonymous> (<anonymous>:10:8)
    at HTMLDivElement.<anonymous> (<anonymous>:11:7) <nil>
2026-07-20 16:54:34 - Bắt đầu quét tìm nút gửi bằng JS...
2026-07-20 16:54:34 - Phương án quét JS thất bại. Thử dùng danh sách Selectors dự phòng...
2026-07-20 16:54:42 - Phát hiện cảnh báo giới hạn hạn mức từ Google Flow: Bạn đã đạt đến hạn mức sử dụng Tác nhân công cụ. Hãy quay lại vào ngày mai hoặc nâng cấp để trò chuyện được nhiều hơn!
2026-07-20 17:03:28 - Phát hiện link dự án cũ đã lưu: https://labs.google/fx/vi/tools/flow/project/4e60f312-2cb1-4b1d-9849-fbfda4018b68. Tiến hành mở dự án này...
2026-07-20 17:03:28 - Bắt đầu mở trang Google Flow: https://labs.google/fx/vi/tools/flow/project/4e60f312-2cb1-4b1d-9849-fbfda4018b68
2026-07-20 17:03:29 - Đang chờ trình duyệt tải xong trang Google Flow...
2026-07-20 17:03:29 - URL hiện tại của trình duyệt (chờ load): 
2026-07-20 17:03:29 - URL hiện tại của trình duyệt (chờ load): https://labs.google/fx/vi/tools/flow/project/4e60f312-2cb1-4b1d-9849-fbfda4018b68
2026-07-20 17:03:31 - Bắt đầu kiểm tra trạng thái đăng nhập...
2026-07-20 17:03:31 - URL sau khi kiểm tra redirect login: https://labs.google/fx/vi/tools/flow/project/4e60f312-2cb1-4b1d-9849-fbfda4018b68
2026-07-20 17:03:31 - Đăng nhập thành công. Đang đóng welcome overlays nếu có...
2026-07-20 17:03:32 - Xác minh dự án cũ có hoạt động bình thường không...
2026-07-20 17:03:32 - Dự án cũ hoạt động bình thường! Tiếp tục sử dụng.
2026-07-20 17:03:32 - Đã vào dự án thành công!
2026-07-20 17:03:32 - Bắt đầu quét tìm ô PromptInput...
2026-07-20 17:03:32 - Đã tìm thấy PromptInput! HTML snippet: <div role="textbox" aria-multiline="true" spellcheck="false" class="sc-a8ba1f43-0 djaQmW sc-26b30722-6 jwWpiy" data-slate-editor="true" data-slate-node="value" contenteditable="true" zindex="-1" style...
2026-07-20 17:03:32 - Đang quét tìm nút Cài đặt tác nhân (tune/settings)...
2026-07-20 17:04:11 - Đã tìm thấy nút cài đặt tác nhân! HTML: <button data-state="closed" class="sc-e8425ea6-0 hOBPaw sc-d3791a4f-0 sc-d3791a4f-4 sc-c4e423a0-1 ewGlDn famhRe kOxyKx"><i class="sc-a39c2a59-0 bvvkYW google-symbols sc-e8425ea6-1 jZhFNn" font-size="1.125rem" color="currentColor">tune</i><span style="position: absolute; border: 0px; width: 1px; height: 1px; padding: 0px; margin: -1px; overflow: hidden; clip: rect(0px, 0px, 0px, 0px); white-space: nowrap; overflow-wrap: normal;">Cài đặt</span></button>
2026-07-20 17:04:13 - Đang quét tìm hộp thoại/panel Cài đặt tác nhân...
2026-07-20 17:04:13 - Đã tìm thấy hộp thoại/panel cài đặt tác nhân thành công!
2026-07-20 17:09:43 - Phát hiện link dự án cũ đã lưu: https://labs.google/fx/vi/tools/flow/project/4e60f312-2cb1-4b1d-9849-fbfda4018b68. Tiến hành mở dự án này...
2026-07-20 17:09:43 - Bắt đầu mở trang Google Flow: https://labs.google/fx/vi/tools/flow/project/4e60f312-2cb1-4b1d-9849-fbfda4018b68
2026-07-20 17:09:44 - Đang chờ trình duyệt tải xong trang Google Flow...
2026-07-20 17:09:44 - URL hiện tại của trình duyệt (chờ load): 
2026-07-20 17:09:44 - URL hiện tại của trình duyệt (chờ load): https://labs.google/fx/vi/tools/flow/project/4e60f312-2cb1-4b1d-9849-fbfda4018b68
2026-07-20 17:09:46 - Bắt đầu kiểm tra trạng thái đăng nhập...
2026-07-20 17:09:46 - URL sau khi kiểm tra redirect login: https://labs.google/fx/vi/tools/flow/project/4e60f312-2cb1-4b1d-9849-fbfda4018b68
2026-07-20 17:09:46 - Đăng nhập thành công. Đang đóng welcome overlays nếu có...
2026-07-20 17:09:47 - Xác minh dự án cũ có hoạt động bình thường không...
2026-07-20 17:09:47 - Dự án cũ hoạt động bình thường! Tiếp tục sử dụng.
2026-07-20 17:09:47 - Đã vào dự án thành công!
2026-07-20 17:09:47 - Bắt đầu quét tìm ô PromptInput...
2026-07-20 17:09:47 - Đã tìm thấy PromptInput! HTML snippet: <div role="textbox" aria-multiline="true" spellcheck="false" class="sc-a8ba1f43-0 djaQmW sc-26b30722-6 jwWpiy" data-slate-editor="true" data-slate-node="value" contenteditable="true" zindex="-1" style...
2026-07-20 17:09:47 - Kiểm tra và đóng popover cài đặt nếu đang mở...
2026-07-20 17:10:00 - Phát hiện link dự án cũ đã lưu: https://labs.google/fx/vi/tools/flow/project/4e60f312-2cb1-4b1d-9849-fbfda4018b68. Tiến hành mở dự án này...
2026-07-20 17:10:00 - Bắt đầu mở trang Google Flow: https://labs.google/fx/vi/tools/flow/project/4e60f312-2cb1-4b1d-9849-fbfda4018b68
2026-07-20 17:10:01 - Đang chờ trình duyệt tải xong trang Google Flow...
2026-07-20 17:10:01 - URL hiện tại của trình duyệt (chờ load): 
2026-07-20 17:10:01 - URL hiện tại của trình duyệt (chờ load): https://labs.google/fx/vi/tools/flow/project/4e60f312-2cb1-4b1d-9849-fbfda4018b68
2026-07-20 17:10:03 - Bắt đầu kiểm tra trạng thái đăng nhập...
2026-07-20 17:10:03 - URL sau khi kiểm tra redirect login: https://labs.google/fx/vi/tools/flow/project/4e60f312-2cb1-4b1d-9849-fbfda4018b68
2026-07-20 17:10:03 - Đăng nhập thành công. Đang đóng welcome overlays nếu có...
2026-07-20 17:10:04 - Xác minh dự án cũ có hoạt động bình thường không...
2026-07-20 17:10:04 - Dự án cũ hoạt động bình thường! Tiếp tục sử dụng.
2026-07-20 17:10:04 - Đã vào dự án thành công!
2026-07-20 17:10:04 - Bắt đầu quét tìm ô PromptInput...
2026-07-20 17:10:04 - Đã tìm thấy PromptInput! HTML snippet: <div role="textbox" aria-multiline="true" spellcheck="false" class="sc-a8ba1f43-0 djaQmW sc-26b30722-6 jwWpiy" data-slate-editor="true" data-slate-node="value" contenteditable="true" zindex="-1" style...
2026-07-20 17:10:04 - Kiểm tra và đóng popover cài đặt nếu đang mở...
2026-07-20 17:12:57 - Phát hiện link dự án cũ đã lưu: https://labs.google/fx/vi/tools/flow/project/4e60f312-2cb1-4b1d-9849-fbfda4018b68. Tiến hành mở dự án này...
2026-07-20 17:12:57 - Bắt đầu mở trang Google Flow: https://labs.google/fx/vi/tools/flow/project/4e60f312-2cb1-4b1d-9849-fbfda4018b68
2026-07-20 17:12:58 - Đang chờ trình duyệt tải xong trang Google Flow...
2026-07-20 17:12:58 - URL hiện tại của trình duyệt (chờ load): 
2026-07-20 17:12:58 - URL hiện tại của trình duyệt (chờ load): https://labs.google/fx/vi/tools/flow/project/4e60f312-2cb1-4b1d-9849-fbfda4018b68
2026-07-20 17:13:01 - Bắt đầu kiểm tra trạng thái đăng nhập...
2026-07-20 17:13:01 - URL sau khi kiểm tra redirect login: https://labs.google/fx/vi/tools/flow/project/4e60f312-2cb1-4b1d-9849-fbfda4018b68
2026-07-20 17:13:01 - Đăng nhập thành công. Đang đóng welcome overlays nếu có...
2026-07-20 17:13:01 - Xác minh dự án cũ có hoạt động bình thường không...
2026-07-20 17:13:01 - Dự án cũ hoạt động bình thường! Tiếp tục sử dụng.
2026-07-20 17:13:01 - Đã vào dự án thành công!
2026-07-20 17:13:01 - Bắt đầu quét tìm ô PromptInput...
2026-07-20 17:13:01 - Đã tìm thấy PromptInput! HTML snippet: <div role="textbox" aria-multiline="true" spellcheck="false" class="sc-a8ba1f43-0 djaQmW sc-26b30722-6 jwWpiy" data-slate-editor="true" data-slate-node="value" contenteditable="true" zindex="-1" style...
2026-07-20 17:13:01 - Kiểm tra và đóng popover cài đặt nếu đang mở...
2026-07-20 17:13:01 - Không phát hiện popover cài đặt đang mở. Bỏ qua.
2026-07-20 17:13:01 - URL nhóm ảnh cuối cùng trước khi tạo: []
2026-07-20 17:13:02 - Bắt đầu thực hiện gửi prompt...
2026-07-20 17:13:02 - Thử gửi bằng phím Enter ảo...
2026-07-20 17:13:03 - Thử gửi bằng sự kiện keydown Enter (JS)...
2026-07-20 17:13:03 - Lỗi dispatch event Enter: eval js error: TypeError: Cannot read properties of undefined (reading 'dispatchEvent')
    at HTMLDivElement.<anonymous> (<anonymous>:10:8)
    at HTMLDivElement.<anonymous> (<anonymous>:11:7) <nil>
2026-07-20 17:13:04 - Bắt đầu quét tìm nút gửi bằng JS...
2026-07-20 17:13:04 - Phương án quét JS thất bại. Thử dùng danh sách Selectors dự phòng...
2026-07-20 17:28:10 - Phát hiện link dự án cũ đã lưu: https://labs.google/fx/vi/tools/flow/project/4e60f312-2cb1-4b1d-9849-fbfda4018b68. Tiến hành mở dự án này...
2026-07-20 17:28:10 - Bắt đầu mở trang Google Flow: https://labs.google/fx/vi/tools/flow/project/4e60f312-2cb1-4b1d-9849-fbfda4018b68
2026-07-20 17:28:11 - Đang chờ trình duyệt tải xong trang Google Flow...
2026-07-20 17:28:11 - URL hiện tại của trình duyệt (chờ load): https://labs.google/fx/vi/tools/flow/project/4e60f312-2cb1-4b1d-9849-fbfda4018b68
2026-07-20 17:28:14 - Bắt đầu kiểm tra trạng thái đăng nhập...
2026-07-20 17:28:14 - URL sau khi kiểm tra redirect login: https://labs.google/fx/vi/tools/flow/project/4e60f312-2cb1-4b1d-9849-fbfda4018b68
2026-07-20 17:28:14 - Đăng nhập thành công. Đang đóng welcome overlays nếu có...
2026-07-20 17:28:15 - Xác minh dự án cũ có hoạt động bình thường không...
2026-07-20 17:28:15 - Dự án cũ hoạt động bình thường! Tiếp tục sử dụng.
2026-07-20 17:28:15 - Đã vào dự án thành công!
2026-07-20 17:28:15 - Bắt đầu quét tìm ô PromptInput...
2026-07-20 17:28:15 - Đã tìm thấy PromptInput! HTML snippet: <div role="textbox" aria-multiline="true" spellcheck="false" class="sc-a8ba1f43-0 djaQmW sc-26b30722-6 jwWpiy" data-slate-editor="true" data-slate-node="value" contenteditable="true" zindex="-1" style...
2026-07-20 17:28:15 - Bắt đầu cấu hình cài đặt tác nhân (Model: Nano Banana Pro, Aspect: 9:16, Batch: 4x)...
2026-07-20 17:28:15 - Mở popover cấu hình bằng cách click nút cài đặt...
2026-07-20 17:28:16 - Cấu hình loại media tab: IMAGE
2026-07-20 17:32:04 - Phát hiện link dự án cũ đã lưu: https://labs.google/fx/vi/tools/flow/project/4e60f312-2cb1-4b1d-9849-fbfda4018b68. Tiến hành mở dự án này...
2026-07-20 17:32:04 - Bắt đầu mở trang Google Flow: https://labs.google/fx/vi/tools/flow/project/4e60f312-2cb1-4b1d-9849-fbfda4018b68
2026-07-20 17:32:05 - Đang chờ trình duyệt tải xong trang Google Flow...
2026-07-20 17:32:05 - URL hiện tại của trình duyệt (chờ load): 
2026-07-20 17:32:06 - URL hiện tại của trình duyệt (chờ load): https://labs.google/fx/vi/tools/flow/project/4e60f312-2cb1-4b1d-9849-fbfda4018b68
2026-07-20 17:32:07 - Bắt đầu kiểm tra trạng thái đăng nhập...
2026-07-20 17:32:07 - URL sau khi kiểm tra redirect login: https://labs.google/fx/vi/tools/flow/project/4e60f312-2cb1-4b1d-9849-fbfda4018b68
2026-07-20 17:32:07 - Đăng nhập thành công. Đang đóng welcome overlays nếu có...
2026-07-20 17:32:08 - Xác minh dự án cũ có hoạt động bình thường không...
2026-07-20 17:32:08 - Dự án cũ hoạt động bình thường! Tiếp tục sử dụng.
2026-07-20 17:32:08 - Đã vào dự án thành công!
2026-07-20 17:32:08 - Bắt đầu quét tìm ô PromptInput...
2026-07-20 17:32:08 - Đã tìm thấy PromptInput! HTML snippet: <div role="textbox" aria-multiline="true" spellcheck="false" class="sc-a8ba1f43-0 djaQmW sc-26b30722-6 jwWpiy" data-slate-editor="true" data-slate-node="value" contenteditable="true" zindex="-1" style...
2026-07-20 17:32:08 - Bắt đầu cấu hình cài đặt tác nhân (Model: Nano Banana Pro, Aspect: 9:16, Batch: 4x)...
2026-07-20 17:32:08 - Mở popover cấu hình bằng cách click nút cài đặt...
2026-07-20 17:32:09 - Cấu hình loại media tab: IMAGE
2026-07-20 17:41:31 - Phát hiện link dự án cũ đã lưu: https://labs.google/fx/vi/tools/flow/project/4e60f312-2cb1-4b1d-9849-fbfda4018b68. Tiến hành mở dự án này...
2026-07-20 17:41:31 - Bắt đầu mở trang Google Flow: https://labs.google/fx/vi/tools/flow/project/4e60f312-2cb1-4b1d-9849-fbfda4018b68
2026-07-20 17:41:32 - Đang chờ trình duyệt tải xong trang Google Flow...
2026-07-20 17:41:32 - URL hiện tại của trình duyệt (chờ load): 
2026-07-20 17:41:32 - URL hiện tại của trình duyệt (chờ load): https://labs.google/fx/vi/tools/flow/project/4e60f312-2cb1-4b1d-9849-fbfda4018b68
2026-07-20 17:41:35 - Bắt đầu kiểm tra trạng thái đăng nhập...
2026-07-20 17:41:35 - URL sau khi kiểm tra redirect login: https://labs.google/fx/vi/tools/flow/project/4e60f312-2cb1-4b1d-9849-fbfda4018b68
2026-07-20 17:41:35 - Đăng nhập thành công. Đang đóng welcome overlays nếu có...
2026-07-20 17:41:35 - Xác minh dự án cũ có hoạt động bình thường không...
2026-07-20 17:41:35 - Dự án cũ hoạt động bình thường! Tiếp tục sử dụng.
2026-07-20 17:41:35 - Đã vào dự án thành công!
2026-07-20 17:41:35 - Bắt đầu quét tìm ô PromptInput...
2026-07-20 17:41:35 - Đã tìm thấy PromptInput! HTML snippet: <div role="textbox" aria-multiline="true" spellcheck="false" class="sc-a8ba1f43-0 djaQmW sc-26b30722-6 jwWpiy" data-slate-editor="true" data-slate-node="value" contenteditable="true" zindex="-1" style...
2026-07-20 17:41:35 - Bắt đầu cấu hình cài đặt tác nhân (Model: Nano Banana Pro, Aspect: 9:16, Batch: 4x)...
2026-07-20 17:41:35 - Mở popover cấu hình bằng cách click nút cài đặt...
2026-07-20 17:41:36 - Cấu hình loại media tab: IMAGE
2026-07-20 17:44:20 - Phát hiện link dự án cũ đã lưu: https://labs.google/fx/vi/tools/flow/project/4e60f312-2cb1-4b1d-9849-fbfda4018b68. Tiến hành mở dự án này...
2026-07-20 17:44:20 - Bắt đầu mở trang Google Flow: https://labs.google/fx/vi/tools/flow/project/4e60f312-2cb1-4b1d-9849-fbfda4018b68
2026-07-20 17:44:32 - Lỗi Navigate: navigation failed: net::ERR_ABORTED
2026-07-20 17:44:32 - Không tìm thấy nút chuyển tab loại media IMAGE trong popover
2026-07-20 17:44:32 - Cấu hình tỷ lệ khung hình: 9:16
2026-07-20 17:44:32 - Không tìm thấy nút tỷ lệ khung hình 9:16 trong popover
2026-07-20 17:44:32 - Cấu hình số lượng (batch size): 4x
2026-07-20 17:44:32 - Không tìm thấy nút số lượng 4x trong popover
2026-07-20 17:44:32 - Cấu hình Model: Nano Banana Pro
2026-07-20 17:44:32 - Không tìm thấy nút dropdown chọn Model trong popover
2026-07-20 17:44:32 - Đóng hộp thoại cấu hình tác nhân bằng cách hover và click vào ô nhập prompt...
2026-07-20 17:44:32 - Không tìm thấy ô nhập prompt để đóng popover.
2026-07-20 17:44:32 - URL nhóm ảnh cuối cùng trước khi tạo: []
2026-07-20 17:44:32 - Phát hiện lỗi từ Google Flow hoặc quá trình tạo thất bại. Tự động gửi lại prompt (Thử lại lần 2/3)...
2026-07-20 17:44:32 - Phát hiện lỗi từ Google Flow hoặc quá trình tạo thất bại. Tự động gửi lại prompt (Thử lại lần 3/3)...
2026-07-20 17:44:45 - Phát hiện link dự án cũ đã lưu: https://labs.google/fx/vi/tools/flow/project/4e60f312-2cb1-4b1d-9849-fbfda4018b68. Tiến hành mở dự án này...
2026-07-20 17:44:45 - Bắt đầu mở trang Google Flow: https://labs.google/fx/vi/tools/flow/project/4e60f312-2cb1-4b1d-9849-fbfda4018b68
2026-07-20 17:44:46 - Đang chờ trình duyệt tải xong trang Google Flow...
2026-07-20 17:44:46 - URL hiện tại của trình duyệt (chờ load): 
2026-07-20 17:44:46 - URL hiện tại của trình duyệt (chờ load): https://labs.google/fx/vi/tools/flow/project/4e60f312-2cb1-4b1d-9849-fbfda4018b68
2026-07-20 17:44:48 - Bắt đầu kiểm tra trạng thái đăng nhập...
2026-07-20 17:44:48 - URL sau khi kiểm tra redirect login: https://labs.google/fx/vi/tools/flow/project/4e60f312-2cb1-4b1d-9849-fbfda4018b68
2026-07-20 17:44:48 - Đăng nhập thành công. Đang đóng welcome overlays nếu có...
2026-07-20 17:44:49 - Xác minh dự án cũ có hoạt động bình thường không...
2026-07-20 17:44:49 - Dự án cũ hoạt động bình thường! Tiếp tục sử dụng.
2026-07-20 17:44:49 - Đã vào dự án thành công!
2026-07-20 17:44:49 - Bắt đầu quét tìm ô PromptInput...
2026-07-20 17:44:49 - Đã tìm thấy PromptInput! HTML snippet: <div role="textbox" aria-multiline="true" spellcheck="false" class="sc-a8ba1f43-0 djaQmW sc-26b30722-6 jwWpiy" data-slate-editor="true" data-slate-node="value" contenteditable="true" zindex="-1" style...
2026-07-20 17:44:49 - Bắt đầu cấu hình cài đặt tác nhân (Model: Nano Banana Pro, Aspect: 9:16, Batch: 4x)...
2026-07-20 17:44:49 - Mở popover cấu hình bằng cách click nút cài đặt...
2026-07-20 17:44:50 - Cấu hình loại media tab: IMAGE
2026-07-20 17:50:46 - Phát hiện link dự án cũ đã lưu: https://labs.google/fx/vi/tools/flow/project/4e60f312-2cb1-4b1d-9849-fbfda4018b68. Tiến hành mở dự án này...
2026-07-20 17:50:46 - Bắt đầu mở trang Google Flow: https://labs.google/fx/vi/tools/flow/project/4e60f312-2cb1-4b1d-9849-fbfda4018b68
2026-07-20 17:50:49 - Đang chờ trình duyệt tải xong trang Google Flow...
2026-07-20 17:50:49 - URL hiện tại của trình duyệt (chờ load): 
2026-07-20 17:50:49 - URL hiện tại của trình duyệt (chờ load): https://labs.google/fx/vi/tools/flow/project/4e60f312-2cb1-4b1d-9849-fbfda4018b68
2026-07-20 17:50:50 - Bắt đầu kiểm tra trạng thái đăng nhập...
2026-07-20 17:50:50 - URL sau khi kiểm tra redirect login: https://labs.google/fx/vi/tools/flow/project/4e60f312-2cb1-4b1d-9849-fbfda4018b68
2026-07-20 17:50:50 - Đăng nhập thành công. Đang đóng welcome overlays nếu có...
2026-07-20 17:50:51 - Xác minh dự án cũ có hoạt động bình thường không...
2026-07-20 17:50:56 - Không tìm thấy ô nhập liệu trong dự án cũ sau 5 giây. Có vẻ dự án này đã bị lỗi hoặc bị xóa. Tiến hành mở trang chủ để tạo dự án mới...
2026-07-20 17:50:59 - Dự án cũ không hoạt động hoặc không có. Tiến hành click tạo dự án mới...
2026-07-20 17:51:03 - Đang chờ URL chuyển hướng sang '/project/'...
2026-07-20 17:51:03 - URL hiện tại của trình duyệt (chờ /project/): https://labs.google/fx/vi/tools/flow/project/61b83cbb-f0c2-4ce7-b12c-414da3808f17
2026-07-20 17:51:03 - Lưu link dự án mới vào settings.json: https://labs.google/fx/vi/tools/flow/project/61b83cbb-f0c2-4ce7-b12c-414da3808f17
2026-07-20 17:51:03 - Đã vào dự án thành công!
2026-07-20 17:51:03 - Bắt đầu quét tìm ô PromptInput...
2026-07-20 17:51:03 - Đã tìm thấy PromptInput! HTML snippet: <div role="textbox" aria-multiline="true" spellcheck="false" class="sc-a8ba1f43-0 djaQmW sc-26b30722-6 jwWpiy" data-slate-editor="true" data-slate-node="value" contenteditable="true" zindex="-1" style...
2026-07-20 17:51:03 - Bắt đầu cấu hình cài đặt tác nhân (Model: Nano Banana Pro, Aspect: 9:16, Batch: 4x)...
2026-07-20 17:51:03 - Mở popover cấu hình bằng cách click nút cài đặt...
2026-07-20 17:51:04 - Cấu hình loại media tab: IMAGE
2026-07-20 17:51:07 - Không cấu hình được media tab: context deadline exceeded
2026-07-20 17:51:07 - Cấu hình tỷ lệ khung hình: 9:16
2026-07-20 17:51:10 - Không cấu hình được tỷ lệ khung hình: context deadline exceeded
2026-07-20 17:51:10 - Cấu hình số lượng (batch size): 4x
2026-07-20 17:51:13 - Không cấu hình được số lượng batch size: context deadline exceeded
2026-07-20 17:51:13 - Cấu hình Model: Nano Banana Pro
2026-07-20 17:51:16 - Không tìm thấy nút dropdown chọn Model trong popover
2026-07-20 17:51:16 - Đóng hộp thoại cấu hình tác nhân bằng cách hover và click vào ô nhập prompt...
2026-07-20 17:51:17 - Đã hover và click vào ô nhập prompt thành công.
2026-07-20 17:51:17 - URL nhóm ảnh cuối cùng trước khi tạo: []
2026-07-20 17:51:17 - Bắt đầu thực hiện gửi prompt...
2026-07-20 17:51:17 - Thử gửi bằng phím Enter ảo...
2026-07-20 17:51:18 - Đã gửi prompt thành công qua phím Enter ảo!
2026-07-20 17:51:22 - Phát hiện thẻ lỗi trên Google Flow (Không thành công / Rất tiếc, đã xảy ra lỗi) khi tạo hình ảnh.
2026-07-20 17:51:22 - Phát hiện lỗi từ Google Flow hoặc quá trình tạo thất bại. Tự động gửi lại prompt (Thử lại lần 2/3)...
2026-07-20 17:51:23 - Bắt đầu thực hiện gửi prompt...
2026-07-20 17:51:23 - Thử gửi bằng phím Enter ảo...
2026-07-20 17:51:24 - Đã gửi prompt thành công qua phím Enter ảo!
2026-07-20 17:51:26 - Phát hiện thẻ lỗi trên Google Flow (Không thành công / Rất tiếc, đã xảy ra lỗi) khi tạo hình ảnh.
2026-07-20 17:51:26 - Phát hiện lỗi từ Google Flow hoặc quá trình tạo thất bại. Tự động gửi lại prompt (Thử lại lần 3/3)...
2026-07-20 17:51:26 - Bắt đầu thực hiện gửi prompt...
2026-07-20 17:51:26 - Thử gửi bằng phím Enter ảo...
2026-07-20 17:51:27 - Đã gửi prompt thành công qua phím Enter ảo!
2026-07-20 17:51:29 - Phát hiện thẻ lỗi trên Google Flow (Không thành công / Rất tiếc, đã xảy ra lỗi) khi tạo hình ảnh.
2026-07-20 18:23:13 - Phát hiện link dự án cũ đã lưu: https://labs.google/fx/vi/tools/flow/project/61b83cbb-f0c2-4ce7-b12c-414da3808f17. Tiến hành mở dự án này...
2026-07-20 18:23:13 - Bắt đầu mở trang Google Flow: https://labs.google/fx/vi/tools/flow/project/61b83cbb-f0c2-4ce7-b12c-414da3808f17
2026-07-20 18:23:13 - Đang chờ trình duyệt tải xong trang Google Flow...
2026-07-20 18:23:13 - URL hiện tại của trình duyệt (chờ load): 
2026-07-20 18:23:14 - URL hiện tại của trình duyệt (chờ load): https://labs.google/fx/vi/tools/flow/project/61b83cbb-f0c2-4ce7-b12c-414da3808f17
2026-07-20 18:23:17 - Bắt đầu kiểm tra trạng thái đăng nhập...
2026-07-20 18:23:17 - URL sau khi kiểm tra redirect login: https://labs.google/fx/vi/tools/flow/project/61b83cbb-f0c2-4ce7-b12c-414da3808f17
2026-07-20 18:23:17 - Đăng nhập thành công. Đang đóng welcome overlays nếu có...
2026-07-20 18:23:17 - Xác minh dự án cũ có hoạt động bình thường không...
2026-07-20 18:23:17 - Dự án cũ hoạt động bình thường! Tiếp tục sử dụng.
2026-07-20 18:23:17 - Đã vào dự án thành công!
2026-07-20 18:23:17 - Bắt đầu quét tìm ô PromptInput...
2026-07-20 18:23:17 - Đã tìm thấy PromptInput! HTML snippet: <div role="textbox" aria-multiline="true" spellcheck="false" class="sc-a8ba1f43-0 djaQmW sc-26b30722-6 jwWpiy" data-slate-editor="true" data-slate-node="value" contenteditable="true" zindex="-1" style...
2026-07-20 18:23:17 - Kiểm tra trạng thái nút Tác nhân (Agent)...
2026-07-20 18:23:17 - Nút Tác nhân đã ở trạng thái tắt (aria-pressed=false). Bỏ qua.
2026-07-20 18:23:17 - Bắt đầu cấu hình cài đặt tác nhân (Model: Nano Banana Pro, Aspect: 9:16, Batch: 4x)...
2026-07-20 18:23:17 - Mở popover cấu hình bằng cách click nút cài đặt...
2026-07-20 18:23:18 - Cấu hình loại media tab: IMAGE
2026-07-20 18:23:21 - Không cấu hình được media tab: context deadline exceeded
2026-07-20 18:23:21 - Cấu hình tỷ lệ khung hình: 9:16
2026-07-20 18:23:24 - Không cấu hình được tỷ lệ khung hình: context deadline exceeded
2026-07-20 18:23:24 - Cấu hình số lượng (batch size): 4x
2026-07-20 18:23:27 - Không cấu hình được số lượng batch size: context deadline exceeded
2026-07-20 18:23:27 - Cấu hình Model: Nano Banana Pro
2026-07-20 18:23:30 - Không tìm thấy nút dropdown chọn Model trong popover: context deadline exceeded
2026-07-20 18:23:30 - Đóng hộp thoại cấu hình tác nhân bằng cách hover và click vào ô nhập prompt...
2026-07-20 18:23:31 - Đã hover và click vào ô nhập prompt thành công.
2026-07-20 18:23:31 - URL nhóm ảnh cuối cùng trước khi tạo: []
2026-07-20 18:23:31 - Bắt đầu thực hiện gửi prompt...
2026-07-20 18:23:31 - Thử gửi bằng phím Enter ảo...
2026-07-20 18:23:32 - Thử gửi bằng sự kiện keydown Enter (JS)...
2026-07-20 18:23:32 - Lỗi dispatch event Enter: eval js error: TypeError: Cannot read properties of undefined (reading 'dispatchEvent')
    at HTMLDivElement.<anonymous> (<anonymous>:10:8)
    at HTMLDivElement.<anonymous> (<anonymous>:11:7) <nil>
2026-07-20 18:23:34 - Bắt đầu quét tìm nút gửi bằng JS...
2026-07-20 18:23:34 - Phương án quét JS thất bại. Thử dùng danh sách Selectors dự phòng...
2026-07-20 18:26:26 - Phát hiện link dự án cũ đã lưu: https://labs.google/fx/vi/tools/flow/project/61b83cbb-f0c2-4ce7-b12c-414da3808f17. Tiến hành mở dự án này...
2026-07-20 18:26:26 - Bắt đầu mở trang Google Flow: https://labs.google/fx/vi/tools/flow/project/61b83cbb-f0c2-4ce7-b12c-414da3808f17
2026-07-20 18:26:26 - Đang chờ trình duyệt tải xong trang Google Flow...
2026-07-20 18:26:26 - URL hiện tại của trình duyệt (chờ load): 
2026-07-20 18:26:27 - URL hiện tại của trình duyệt (chờ load): https://labs.google/fx/vi/tools/flow/project/61b83cbb-f0c2-4ce7-b12c-414da3808f17
2026-07-20 18:26:29 - Bắt đầu kiểm tra trạng thái đăng nhập...
2026-07-20 18:26:29 - URL sau khi kiểm tra redirect login: https://labs.google/fx/vi/tools/flow/project/61b83cbb-f0c2-4ce7-b12c-414da3808f17
2026-07-20 18:26:29 - Đăng nhập thành công. Đang đóng welcome overlays nếu có...
2026-07-20 18:26:30 - Xác minh dự án cũ có hoạt động bình thường không...
2026-07-20 18:26:30 - Dự án cũ hoạt động bình thường! Tiếp tục sử dụng.
2026-07-20 18:26:30 - Đã vào dự án thành công!
2026-07-20 18:26:30 - Bắt đầu quét tìm ô PromptInput...
2026-07-20 18:26:30 - Đã tìm thấy PromptInput! HTML snippet: <div role="textbox" aria-multiline="true" spellcheck="false" class="sc-a8ba1f43-0 djaQmW sc-26b30722-6 jwWpiy" data-slate-editor="true" data-slate-node="value" contenteditable="true" zindex="-1" style...
2026-07-20 18:26:30 - Kiểm tra trạng thái nút Tác nhân (Agent)...
2026-07-20 18:26:30 - Nút Tác nhân đã ở trạng thái tắt (aria-pressed=false). Bỏ qua.
2026-07-20 18:26:30 - Bắt đầu cấu hình cài đặt tác nhân (Model: Nano Banana Pro, Aspect: 9:16, Batch: 4x)...
2026-07-20 18:26:30 - Mở popover cấu hình bằng cách click nút cài đặt...
2026-07-20 18:26:31 - Cấu hình loại media tab: IMAGE
2026-07-20 18:26:34 - Không cấu hình được media tab: context deadline exceeded
2026-07-20 18:26:34 - Cấu hình tỷ lệ khung hình: 9:16
2026-07-20 18:26:37 - Không cấu hình được tỷ lệ khung hình: context deadline exceeded
2026-07-20 18:26:37 - Cấu hình số lượng (batch size): 4x
2026-07-20 18:26:40 - Không cấu hình được số lượng batch size: context deadline exceeded
2026-07-20 18:26:40 - Cấu hình Model: Nano Banana Pro
2026-07-20 18:26:43 - Không tìm thấy nút dropdown chọn Model trong popover: context deadline exceeded
2026-07-20 18:26:43 - Đóng hộp thoại cấu hình tác nhân bằng cách hover và click vào ô nhập prompt...
2026-07-20 18:26:43 - Đã hover và click vào ô nhập prompt thành công.
2026-07-20 18:26:43 - URL nhóm ảnh cuối cùng trước khi tạo: []
2026-07-20 18:26:44 - Bắt đầu thực hiện gửi prompt...
2026-07-20 18:26:44 - Thử gửi bằng phím Enter ảo...
2026-07-20 18:26:45 - Thử gửi bằng sự kiện keydown Enter (JS)...
2026-07-20 18:26:45 - Lỗi dispatch event Enter: eval js error: TypeError: Cannot read properties of undefined (reading 'dispatchEvent')
    at HTMLDivElement.<anonymous> (<anonymous>:10:8)
    at HTMLDivElement.<anonymous> (<anonymous>:11:7) <nil>
2026-07-20 18:26:46 - Bắt đầu quét tìm nút gửi bằng JS...
2026-07-20 18:26:46 - Phương án quét JS thất bại. Thử dùng danh sách Selectors dự phòng...
2026-07-20 18:30:20 - Phát hiện link dự án cũ đã lưu: https://labs.google/fx/vi/tools/flow/project/61b83cbb-f0c2-4ce7-b12c-414da3808f17. Tiến hành mở dự án này...
2026-07-20 18:30:20 - Bắt đầu mở trang Google Flow: https://labs.google/fx/vi/tools/flow/project/61b83cbb-f0c2-4ce7-b12c-414da3808f17
2026-07-20 18:30:20 - Đang chờ trình duyệt tải xong trang Google Flow...
2026-07-20 18:30:20 - URL hiện tại của trình duyệt (chờ load): 
2026-07-20 18:30:21 - URL hiện tại của trình duyệt (chờ load): https://labs.google/fx/vi/tools/flow/project/61b83cbb-f0c2-4ce7-b12c-414da3808f17
2026-07-20 18:30:23 - Bắt đầu kiểm tra trạng thái đăng nhập...
2026-07-20 18:30:23 - URL sau khi kiểm tra redirect login: https://labs.google/fx/vi/tools/flow/project/61b83cbb-f0c2-4ce7-b12c-414da3808f17
2026-07-20 18:30:23 - Đăng nhập thành công. Đang đóng welcome overlays nếu có...
2026-07-20 18:30:23 - Xác minh dự án cũ có hoạt động bình thường không...
2026-07-20 18:30:23 - Dự án cũ hoạt động bình thường! Tiếp tục sử dụng.
2026-07-20 18:30:23 - Đã vào dự án thành công!
2026-07-20 18:30:23 - Bắt đầu quét tìm ô PromptInput...
2026-07-20 18:30:23 - Đã tìm thấy PromptInput! HTML snippet: <div role="textbox" aria-multiline="true" spellcheck="false" class="sc-a8ba1f43-0 djaQmW sc-26b30722-6 jwWpiy" data-slate-editor="true" data-slate-node="value" contenteditable="true" zindex="-1" style...
2026-07-20 18:30:23 - Kiểm tra trạng thái nút Tác nhân (Agent)...
2026-07-20 18:30:23 - Nút Tác nhân đã ở trạng thái tắt (aria-pressed=false). Bỏ qua.
2026-07-20 18:30:23 - Bắt đầu cấu hình cài đặt tác nhân (Model: Nano Banana Pro, Aspect: 9:16, Batch: 4x)...
2026-07-20 18:30:23 - NÚT CẤU HÌNH ĐƯỢC TÌM THẤY (HTML): 
2026-07-20 18:30:23 - Mở popover cấu hình bằng cách click nút cài đặt...
2026-07-20 18:30:24 - Cấu hình loại media tab: IMAGE
2026-07-20 18:30:24 - DUMP BUTTONS BEFORE CONFIG: [map[ariaHasPopup: ariaLabel: class:sc-e8425ea6-0 hOBPaw sc-d3791a4f-0 sc-d3791a4f-4 sc-7cbbf1fc-2 ewGlDn famhRe jjdvrX id: text:arrow_backQuay lại title: visible:true] map[ariaHasPopup:menu ariaLabel: class:sc-e8425ea6-0 hOBPaw sc-d3791a4f-0 sc-d3791a4f-4 sc-26aa1721-3 ewGlDn famhRe dUDRen id:radix-:r3: text:more_vertTuỳ chọn khác title: visible:true] map[ariaHasPopup: ariaLabel: class:sc-e8425ea6-0 hOBPaw sc-d3791a4f-0 sc-d3791a4f-4 sc-eed1ec57-2 ewGlDn famhRe jceYol id: text:searchTìm kiếm title: visible:true] map[ariaHasPopup:menu ariaLabel: class:sc-16c4830a-1 dnFqQq sc-e7a64add-0 sc-e7a64add-2 fPutAP blvbdy sc-98525c58-8 iQjEOG id:radix-:r5: text:filter_listSắp xếp và lọc title: visible:true] map[ariaHasPopup:menu ariaLabel: class:sc-e8425ea6-0 hOBPaw sc-d3791a4f-0 sc-d3791a4f-4 sc-5c4c0aea-1 ewGlDn famhRe eqhuae id:radix-:r7: text:addThêm nội dung nghe nhìn title: visible:true] map[ariaHasPopup: ariaLabel: class:sc-e8425ea6-0 hOBPaw sc-d3791a4f-0 sc-d3791a4f-4 sc-51397942-2 ewGlDn famhRe kCsEmL id: text:helpTrợ giúp về sản phẩm title: visible:true] map[ariaHasPopup:menu ariaLabel: class:sc-e8425ea6-0 hOBPaw sc-d3791a4f-0 sc-d3791a4f-4 sc-a4925f7f-6 ewGlDn famhRe gdBgFb id:radix-:rb: text:settings_2Cài đặt chế độ xem title: visible:true] map[ariaHasPopup:menu ariaLabel: class:sc-e8425ea6-0 hOBPaw sc-d3791a4f-0 sc-d3791a4f-4 sc-4fec6fdf-1 ewGlDn famhRe lokAjc id:radix-:re: text:more_vertKhác title: visible:true] map[ariaHasPopup: ariaLabel: class:sc-a14123c8-0 iNGyoc id: text:ULTRA title: visible:true] map[ariaHasPopup: ariaLabel: class:sc-e8425ea6-0 hOBPaw sc-d3791a4f-0 sc-d3791a4f-5 sc-3ce961f7-0 sc-7e7bc024-0 ewGlDn lnCuH fqbaql jcMEtI id: text:dashboardTất cả nội dung nghe nhìn title: visible:true] map[ariaHasPopup: ariaLabel: class:sc-e8425ea6-0 hOBPaw sc-d3791a4f-0 sc-d3791a4f-5 sc-3ce961f7-0 ewGlDn hGbzYr fqbaql id: text:imageXem hình ảnh title: visible:true] map[ariaHasPopup: ariaLabel: class:sc-e8425ea6-0 hOBPaw sc-d3791a4f-0 sc-d3791a4f-5 sc-3ce961f7-0 ewGlDn hGbzYr fqbaql id: text:accessibility_newNhân vật title: visible:true] map[ariaHasPopup: ariaLabel: class:sc-e8425ea6-0 hOBPaw sc-d3791a4f-0 sc-d3791a4f-5 sc-3ce961f7-0 ewGlDn hGbzYr fqbaql id: text:movieXem các cảnh title: visible:true] map[ariaHasPopup: ariaLabel: class:sc-e8425ea6-0 hOBPaw sc-d3791a4f-0 sc-d3791a4f-5 sc-3ce961f7-0 ewGlDn hGbzYr fqbaql id: text:apps_spark_2Công cụ title: visible:true] map[ariaHasPopup: ariaLabel: class:sc-e8425ea6-0 hOBPaw sc-d3791a4f-0 sc-d3791a4f-5 sc-3ce961f7-0 ewGlDn hGbzYr fqbaql id: text:deleteXem thùng rác title: visible:true] map[ariaHasPopup: ariaLabel: class:sc-e8425ea6-0 hOBPaw sc-d3791a4f-0 sc-d3791a4f-5 sc-3ce961f7-0 ewGlDn hGbzYr fqbaql id: text:left_panel_closeThu gọn title: visible:true] map[ariaHasPopup:dialog ariaLabel: class:sc-e8425ea6-0 hOBPaw sc-d3791a4f-0 sc-d3791a4f-4 sc-253cad92-0 ewGlDn famhRe joSmHx id: text:add_2Tạo title: visible:true] map[ariaHasPopup: ariaLabel: class:sc-59223abb-3 dmZGYv id: text:Tác nhân title: visible:true] map[ariaHasPopup:menu ariaLabel: class:sc-16c4830a-1 dnFqQq sc-e7a64add-0 sc-e7a64add-1 fPutAP jmLZrS sc-93abd9dc-1 ldbhld id:radix-:rn: text:🍌 Nano Banana 2crop_16_9x2 title: visible:true] map[ariaHasPopup: ariaLabel: class:sc-e8425ea6-0 hOBPaw sc-d3791a4f-0 sc-d3791a4f-4 sc-26b30722-5 ewGlDn famhRe jDvIwb id: text:arrow_forwardTạo title: visible:true]]
2026-07-20 18:30:27 - Không cấu hình được media tab: context deadline exceeded
2026-07-20 18:30:27 - Cấu hình tỷ lệ khung hình: 9:16
2026-07-20 18:30:30 - Không cấu hình được tỷ lệ khung hình: context deadline exceeded
2026-07-20 18:30:30 - Cấu hình số lượng (batch size): 4x
2026-07-20 18:30:33 - Không cấu hình được số lượng batch size: context deadline exceeded
2026-07-20 18:30:33 - Cấu hình Model: Nano Banana Pro
2026-07-20 18:30:36 - Không tìm thấy nút dropdown chọn Model trong popover: context deadline exceeded
2026-07-20 18:30:36 - Đóng hộp thoại cấu hình tác nhân bằng cách hover và click vào ô nhập prompt...
2026-07-20 18:30:37 - Đã hover và click vào ô nhập prompt thành công.
2026-07-20 18:30:37 - URL nhóm ảnh cuối cùng trước khi tạo: []
2026-07-20 18:30:38 - Bắt đầu thực hiện gửi prompt...
2026-07-20 18:30:38 - Thử gửi bằng phím Enter ảo...
2026-07-20 18:30:39 - Thử gửi bằng sự kiện keydown Enter (JS)...
2026-07-20 18:30:39 - Lỗi dispatch event Enter: eval js error: TypeError: Cannot read properties of undefined (reading 'dispatchEvent')
    at HTMLDivElement.<anonymous> (<anonymous>:10:8)
    at HTMLDivElement.<anonymous> (<anonymous>:11:7) <nil>
2026-07-20 18:30:40 - Bắt đầu quét tìm nút gửi bằng JS...
2026-07-20 18:30:40 - Phương án quét JS thất bại. Thử dùng danh sách Selectors dự phòng...
2026-07-20 18:33:56 - Phát hiện link dự án cũ đã lưu: https://labs.google/fx/vi/tools/flow/project/61b83cbb-f0c2-4ce7-b12c-414da3808f17. Tiến hành mở dự án này...
2026-07-20 18:33:56 - Bắt đầu mở trang Google Flow: https://labs.google/fx/vi/tools/flow/project/61b83cbb-f0c2-4ce7-b12c-414da3808f17
2026-07-20 18:33:56 - Đang chờ trình duyệt tải xong trang Google Flow...
2026-07-20 18:33:56 - URL hiện tại của trình duyệt (chờ load): 
2026-07-20 18:33:57 - URL hiện tại của trình duyệt (chờ load): https://labs.google/fx/vi/tools/flow/project/61b83cbb-f0c2-4ce7-b12c-414da3808f17
2026-07-20 18:33:59 - Bắt đầu kiểm tra trạng thái đăng nhập...
2026-07-20 18:33:59 - URL sau khi kiểm tra redirect login: https://labs.google/fx/vi/tools/flow/project/61b83cbb-f0c2-4ce7-b12c-414da3808f17
2026-07-20 18:33:59 - Đăng nhập thành công. Đang đóng welcome overlays nếu có...
2026-07-20 18:34:00 - Xác minh dự án cũ có hoạt động bình thường không...
2026-07-20 18:34:00 - Dự án cũ hoạt động bình thường! Tiếp tục sử dụng.
2026-07-20 18:34:00 - Đã vào dự án thành công!
2026-07-20 18:34:00 - Bắt đầu quét tìm ô PromptInput...
2026-07-20 18:34:00 - Đã tìm thấy PromptInput! HTML snippet: <div role="textbox" aria-multiline="true" spellcheck="false" class="sc-a8ba1f43-0 djaQmW sc-26b30722-6 jwWpiy" data-slate-editor="true" data-slate-node="value" contenteditable="true" zindex="-1" style...
2026-07-20 18:34:00 - Kiểm tra trạng thái nút Tác nhân (Agent)...
2026-07-20 18:34:00 - Nút Tác nhân đã ở trạng thái tắt (aria-pressed=false). Bỏ qua.
2026-07-20 18:34:00 - Bắt đầu cấu hình cài đặt tác nhân (Model: Nano Banana Pro, Aspect: 9:16, Batch: 4x)...
2026-07-20 18:34:00 - NÚT CẤU HÌNH ĐƯỢC TÌM THẤY (HTML): 
2026-07-20 18:34:00 - Mở popover cấu hình bằng cách click nút cài đặt...
2026-07-20 18:34:02 - Cấu hình loại media tab: IMAGE
2026-07-20 18:34:02 - DUMP BUTTONS BEFORE CONFIG: [map[ariaHasPopup: ariaLabel: class:sc-e8425ea6-0 hOBPaw sc-d3791a4f-0 sc-d3791a4f-4 sc-7cbbf1fc-2 ewGlDn famhRe jjdvrX id: text:arrow_backQuay lại title: visible:true] map[ariaHasPopup:menu ariaLabel: class:sc-e8425ea6-0 hOBPaw sc-d3791a4f-0 sc-d3791a4f-4 sc-26aa1721-3 ewGlDn famhRe dUDRen id:radix-:r3: text:more_vertTuỳ chọn khác title: visible:true] map[ariaHasPopup: ariaLabel: class:sc-e8425ea6-0 hOBPaw sc-d3791a4f-0 sc-d3791a4f-4 sc-eed1ec57-2 ewGlDn famhRe jceYol id: text:searchTìm kiếm title: visible:true] map[ariaHasPopup:menu ariaLabel: class:sc-16c4830a-1 dnFqQq sc-e7a64add-0 sc-e7a64add-2 fPutAP blvbdy sc-98525c58-8 iQjEOG id:radix-:r5: text:filter_listSắp xếp và lọc title: visible:true] map[ariaHasPopup:menu ariaLabel: class:sc-e8425ea6-0 hOBPaw sc-d3791a4f-0 sc-d3791a4f-4 sc-5c4c0aea-1 ewGlDn famhRe eqhuae id:radix-:r7: text:addThêm nội dung nghe nhìn title: visible:true] map[ariaHasPopup: ariaLabel: class:sc-e8425ea6-0 hOBPaw sc-d3791a4f-0 sc-d3791a4f-4 sc-51397942-2 ewGlDn famhRe kCsEmL id: text:helpTrợ giúp về sản phẩm title: visible:true] map[ariaHasPopup:menu ariaLabel: class:sc-e8425ea6-0 hOBPaw sc-d3791a4f-0 sc-d3791a4f-4 sc-a4925f7f-6 ewGlDn famhRe gdBgFb id:radix-:rb: text:settings_2Cài đặt chế độ xem title: visible:true] map[ariaHasPopup:menu ariaLabel: class:sc-e8425ea6-0 hOBPaw sc-d3791a4f-0 sc-d3791a4f-4 sc-4fec6fdf-1 ewGlDn famhRe lokAjc id:radix-:re: text:more_vertKhác title: visible:true] map[ariaHasPopup: ariaLabel: class:sc-a14123c8-0 iNGyoc id: text:ULTRA title: visible:true] map[ariaHasPopup: ariaLabel: class:sc-e8425ea6-0 hOBPaw sc-d3791a4f-0 sc-d3791a4f-5 sc-3ce961f7-0 sc-7e7bc024-0 ewGlDn lnCuH fqbaql jcMEtI id: text:dashboardTất cả nội dung nghe nhìn title: visible:true] map[ariaHasPopup: ariaLabel: class:sc-e8425ea6-0 hOBPaw sc-d3791a4f-0 sc-d3791a4f-5 sc-3ce961f7-0 ewGlDn hGbzYr fqbaql id: text:imageXem hình ảnh title: visible:true] map[ariaHasPopup: ariaLabel: class:sc-e8425ea6-0 hOBPaw sc-d3791a4f-0 sc-d3791a4f-5 sc-3ce961f7-0 ewGlDn hGbzYr fqbaql id: text:accessibility_newNhân vật title: visible:true] map[ariaHasPopup: ariaLabel: class:sc-e8425ea6-0 hOBPaw sc-d3791a4f-0 sc-d3791a4f-5 sc-3ce961f7-0 ewGlDn hGbzYr fqbaql id: text:movieXem các cảnh title: visible:true] map[ariaHasPopup: ariaLabel: class:sc-e8425ea6-0 hOBPaw sc-d3791a4f-0 sc-d3791a4f-5 sc-3ce961f7-0 ewGlDn hGbzYr fqbaql id: text:apps_spark_2Công cụ title: visible:true] map[ariaHasPopup: ariaLabel: class:sc-e8425ea6-0 hOBPaw sc-d3791a4f-0 sc-d3791a4f-5 sc-3ce961f7-0 ewGlDn hGbzYr fqbaql id: text:deleteXem thùng rác title: visible:true] map[ariaHasPopup: ariaLabel: class:sc-e8425ea6-0 hOBPaw sc-d3791a4f-0 sc-d3791a4f-5 sc-3ce961f7-0 ewGlDn hGbzYr fqbaql id: text:left_panel_closeThu gọn title: visible:true] map[ariaHasPopup:dialog ariaLabel: class:sc-e8425ea6-0 hOBPaw sc-d3791a4f-0 sc-d3791a4f-4 sc-253cad92-0 ewGlDn famhRe joSmHx id: text:add_2Tạo title: visible:true] map[ariaHasPopup: ariaLabel: class:sc-59223abb-3 dmZGYv id: text:Tác nhân title: visible:true] map[ariaHasPopup:menu ariaLabel: class:sc-16c4830a-1 dnFqQq sc-e7a64add-0 sc-e7a64add-1 fPutAP jmLZrS sc-93abd9dc-1 ldbhld id:radix-:rn: text:🍌 Nano Banana 2crop_16_9x2 title: visible:true] map[ariaHasPopup: ariaLabel: class:sc-e8425ea6-0 hOBPaw sc-d3791a4f-0 sc-d3791a4f-4 sc-26b30722-5 ewGlDn famhRe jDvIwb id: text:arrow_forwardTạo title: visible:true]]
2026-07-20 18:34:08 - Không cấu hình được media tab: context deadline exceeded
2026-07-20 18:34:08 - Cấu hình tỷ lệ khung hình: 9:16
2026-07-20 18:34:14 - Không cấu hình được tỷ lệ khung hình: context deadline exceeded
2026-07-20 18:34:14 - Cấu hình số lượng (batch size): 4x
2026-07-20 18:34:20 - Không cấu hình được số lượng batch size: context deadline exceeded
2026-07-20 18:34:20 - Cấu hình Model: Nano Banana Pro
2026-07-20 18:34:26 - Không tìm thấy nút dropdown chọn Model trong popover: context deadline exceeded
2026-07-20 18:34:26 - Đóng hộp thoại cấu hình tác nhân bằng cách hover và click vào ô nhập prompt...
2026-07-20 18:34:27 - Đã hover và click vào ô nhập prompt thành công.
2026-07-20 18:34:27 - URL nhóm ảnh cuối cùng trước khi tạo: []
2026-07-20 18:34:27 - Bắt đầu thực hiện gửi prompt...
2026-07-20 18:34:27 - Thử gửi bằng phím Enter ảo...
2026-07-20 18:34:28 - Thử gửi bằng sự kiện keydown Enter (JS)...
2026-07-20 18:34:28 - Lỗi dispatch event Enter: eval js error: TypeError: Cannot read properties of undefined (reading 'dispatchEvent')
    at HTMLDivElement.<anonymous> (<anonymous>:10:8)
    at HTMLDivElement.<anonymous> (<anonymous>:11:7) <nil>
2026-07-20 18:34:30 - Bắt đầu quét tìm nút gửi bằng JS...
2026-07-20 18:34:30 - Phương án quét JS thất bại. Thử dùng danh sách Selectors dự phòng...
2026-07-20 18:36:46 - Phát hiện link dự án cũ đã lưu: https://labs.google/fx/vi/tools/flow/project/61b83cbb-f0c2-4ce7-b12c-414da3808f17. Tiến hành mở dự án này...
2026-07-20 18:36:46 - Bắt đầu mở trang Google Flow: https://labs.google/fx/vi/tools/flow/project/61b83cbb-f0c2-4ce7-b12c-414da3808f17
2026-07-20 18:36:47 - Đang chờ trình duyệt tải xong trang Google Flow...
2026-07-20 18:36:47 - URL hiện tại của trình duyệt (chờ load): 
2026-07-20 18:36:47 - URL hiện tại của trình duyệt (chờ load): https://labs.google/fx/vi/tools/flow/project/61b83cbb-f0c2-4ce7-b12c-414da3808f17
2026-07-20 18:36:49 - Bắt đầu kiểm tra trạng thái đăng nhập...
2026-07-20 18:36:49 - URL sau khi kiểm tra redirect login: https://labs.google/fx/vi/tools/flow/project/61b83cbb-f0c2-4ce7-b12c-414da3808f17
2026-07-20 18:36:49 - Đăng nhập thành công. Đang đóng welcome overlays nếu có...
2026-07-20 18:36:50 - Xác minh dự án cũ có hoạt động bình thường không...
2026-07-20 18:36:50 - Dự án cũ hoạt động bình thường! Tiếp tục sử dụng.
2026-07-20 18:36:50 - Đã vào dự án thành công!
2026-07-20 18:36:50 - Bắt đầu quét tìm ô PromptInput...
2026-07-20 18:36:50 - Đã tìm thấy PromptInput! HTML snippet: <div role="textbox" aria-multiline="true" spellcheck="false" class="sc-a8ba1f43-0 djaQmW sc-26b30722-6 jwWpiy" data-slate-editor="true" data-slate-node="value" contenteditable="true" zindex="-1" style...
2026-07-20 18:36:50 - Kiểm tra trạng thái nút Tác nhân (Agent)...
2026-07-20 18:36:50 - Nút Tác nhân đã ở trạng thái tắt (aria-pressed=false). Bỏ qua.
2026-07-20 18:36:50 - Bắt đầu cấu hình cài đặt tác nhân (Model: Nano Banana Pro, Aspect: 9:16, Batch: 4x)...
2026-07-20 18:36:50 - NÚT CẤU HÌNH ĐƯỢC TÌM THẤY: ID=<nil>, Text=
2026-07-20 18:36:50 - Mở popover cấu hình bằng cách click nút cài đặt (JS)...
2026-07-20 18:36:53 - Cấu hình loại media tab: IMAGE
2026-07-20 18:36:53 - DUMP BUTTONS BEFORE CONFIG: [map[ariaHasPopup: ariaLabel: class:sc-e8425ea6-0 hOBPaw sc-d3791a4f-0 sc-d3791a4f-4 sc-7cbbf1fc-2 ewGlDn famhRe jjdvrX id: text:arrow_backQuay lại title: visible:true] map[ariaHasPopup:menu ariaLabel: class:sc-e8425ea6-0 hOBPaw sc-d3791a4f-0 sc-d3791a4f-4 sc-26aa1721-3 ewGlDn famhRe dUDRen id:radix-:r3: text:more_vertTuỳ chọn khác title: visible:true] map[ariaHasPopup: ariaLabel: class:sc-e8425ea6-0 hOBPaw sc-d3791a4f-0 sc-d3791a4f-4 sc-eed1ec57-2 ewGlDn famhRe jceYol id: text:searchTìm kiếm title: visible:true] map[ariaHasPopup:menu ariaLabel: class:sc-16c4830a-1 dnFqQq sc-e7a64add-0 sc-e7a64add-2 fPutAP blvbdy sc-98525c58-8 iQjEOG id:radix-:r5: text:filter_listSắp xếp và lọc title: visible:true] map[ariaHasPopup:menu ariaLabel: class:sc-e8425ea6-0 hOBPaw sc-d3791a4f-0 sc-d3791a4f-4 sc-5c4c0aea-1 ewGlDn famhRe eqhuae id:radix-:r7: text:addThêm nội dung nghe nhìn title: visible:true] map[ariaHasPopup: ariaLabel: class:sc-e8425ea6-0 hOBPaw sc-d3791a4f-0 sc-d3791a4f-4 sc-51397942-2 ewGlDn famhRe kCsEmL id: text:helpTrợ giúp về sản phẩm title: visible:true] map[ariaHasPopup:menu ariaLabel: class:sc-e8425ea6-0 hOBPaw sc-d3791a4f-0 sc-d3791a4f-4 sc-a4925f7f-6 ewGlDn famhRe gdBgFb id:radix-:rb: text:settings_2Cài đặt chế độ xem title: visible:true] map[ariaHasPopup:menu ariaLabel: class:sc-e8425ea6-0 hOBPaw sc-d3791a4f-0 sc-d3791a4f-4 sc-4fec6fdf-1 ewGlDn famhRe lokAjc id:radix-:re: text:more_vertKhác title: visible:true] map[ariaHasPopup: ariaLabel: class:sc-a14123c8-0 iNGyoc id: text:ULTRA title: visible:true] map[ariaHasPopup: ariaLabel: class:sc-e8425ea6-0 hOBPaw sc-d3791a4f-0 sc-d3791a4f-5 sc-3ce961f7-0 sc-7e7bc024-0 ewGlDn lnCuH fqbaql jcMEtI id: text:dashboardTất cả nội dung nghe nhìn title: visible:true] map[ariaHasPopup: ariaLabel: class:sc-e8425ea6-0 hOBPaw sc-d3791a4f-0 sc-d3791a4f-5 sc-3ce961f7-0 ewGlDn hGbzYr fqbaql id: text:imageXem hình ảnh title: visible:true] map[ariaHasPopup: ariaLabel: class:sc-e8425ea6-0 hOBPaw sc-d3791a4f-0 sc-d3791a4f-5 sc-3ce961f7-0 ewGlDn hGbzYr fqbaql id: text:accessibility_newNhân vật title: visible:true] map[ariaHasPopup: ariaLabel: class:sc-e8425ea6-0 hOBPaw sc-d3791a4f-0 sc-d3791a4f-5 sc-3ce961f7-0 ewGlDn hGbzYr fqbaql id: text:movieXem các cảnh title: visible:true] map[ariaHasPopup: ariaLabel: class:sc-e8425ea6-0 hOBPaw sc-d3791a4f-0 sc-d3791a4f-5 sc-3ce961f7-0 ewGlDn hGbzYr fqbaql id: text:apps_spark_2Công cụ title: visible:true] map[ariaHasPopup: ariaLabel: class:sc-e8425ea6-0 hOBPaw sc-d3791a4f-0 sc-d3791a4f-5 sc-3ce961f7-0 ewGlDn hGbzYr fqbaql id: text:deleteXem thùng rác title: visible:true] map[ariaHasPopup: ariaLabel: class:sc-e8425ea6-0 hOBPaw sc-d3791a4f-0 sc-d3791a4f-5 sc-3ce961f7-0 ewGlDn hGbzYr fqbaql id: text:left_panel_closeThu gọn title: visible:true] map[ariaHasPopup:dialog ariaLabel: class:sc-e8425ea6-0 hOBPaw sc-d3791a4f-0 sc-d3791a4f-4 sc-253cad92-0 ewGlDn famhRe joSmHx id: text:add_2Tạo title: visible:true] map[ariaHasPopup: ariaLabel: class:sc-59223abb-3 bdRbOx id: text:Tác nhân title: visible:true] map[ariaHasPopup: ariaLabel: class:sc-e8425ea6-0 hOBPaw sc-d3791a4f-0 sc-d3791a4f-4 sc-c4e423a0-1 sc-c4e423a0-2 ewGlDn famhRe kOxyKx id: text:article_sparkHướng dẫn cho tác nhân title: visible:true] map[ariaHasPopup: ariaLabel: class:sc-e8425ea6-0 hOBPaw sc-d3791a4f-0 sc-d3791a4f-4 sc-c4e423a0-1 ewGlDn famhRe kOxyKx id: text:tuneCài đặt title: visible:true] map[ariaHasPopup: ariaLabel: class:sc-e8425ea6-0 hOBPaw sc-d3791a4f-0 sc-d3791a4f-4 sc-26b30722-5 ewGlDn famhRe jDvIwb id: text:arrow_forwardTạo title: visible:true] map[ariaHasPopup: ariaLabel: class:sc-e8425ea6-0 hOBPaw sc-d3791a4f-0 sc-d3791a4f-4 sc-c4e423a0-3 ewGlDn famhRe ewxUEp id: text:expand_contentMở rộng title: visible:true]]
2026-07-20 18:36:59 - Không cấu hình được media tab: context deadline exceeded
2026-07-20 18:36:59 - Cấu hình tỷ lệ khung hình: 9:16
2026-07-20 18:37:05 - Không cấu hình được tỷ lệ khung hình: context deadline exceeded
2026-07-20 18:37:05 - Cấu hình số lượng (batch size): 4x
2026-07-20 18:37:11 - Không cấu hình được số lượng batch size: context deadline exceeded
2026-07-20 18:37:11 - Cấu hình Model: Nano Banana Pro
2026-07-20 18:37:14 - Không tìm thấy nút dropdown chọn Model trong popover: context canceled
2026-07-20 18:37:14 - Đóng hộp thoại cấu hình tác nhân bằng cách hover và click vào ô nhập prompt...
2026-07-20 18:37:16 - Đã hover và click vào ô nhập prompt thành công.
2026-07-20 18:37:16 - URL nhóm ảnh cuối cùng trước khi tạo: []
2026-07-20 18:37:16 - Bắt đầu thực hiện gửi prompt...
2026-07-20 18:37:16 - Thử gửi bằng phím Enter ảo...
2026-07-20 18:37:17 - Đã gửi prompt thành công qua phím Enter ảo!
2026-07-20 18:41:16 - Phát hiện link dự án cũ đã lưu: https://labs.google/fx/vi/tools/flow/project/61b83cbb-f0c2-4ce7-b12c-414da3808f17. Tiến hành mở dự án này...
2026-07-20 18:41:16 - Bắt đầu mở trang Google Flow: https://labs.google/fx/vi/tools/flow/project/61b83cbb-f0c2-4ce7-b12c-414da3808f17
2026-07-20 18:41:17 - Đang chờ trình duyệt tải xong trang Google Flow...
2026-07-20 18:41:17 - URL hiện tại của trình duyệt (chờ load): 
2026-07-20 18:41:17 - URL hiện tại của trình duyệt (chờ load): https://labs.google/fx/vi/tools/flow/project/61b83cbb-f0c2-4ce7-b12c-414da3808f17
2026-07-20 18:41:20 - Bắt đầu kiểm tra trạng thái đăng nhập...
2026-07-20 18:41:20 - URL sau khi kiểm tra redirect login: https://labs.google/fx/vi/tools/flow/project/61b83cbb-f0c2-4ce7-b12c-414da3808f17
2026-07-20 18:41:20 - Đăng nhập thành công. Đang đóng welcome overlays nếu có...
2026-07-20 18:41:20 - Xác minh dự án cũ có hoạt động bình thường không...
2026-07-20 18:41:20 - Dự án cũ hoạt động bình thường! Tiếp tục sử dụng.
2026-07-20 18:41:20 - Đã vào dự án thành công!
2026-07-20 18:41:20 - Bắt đầu quét tìm ô PromptInput...
2026-07-20 18:41:21 - Đã tìm thấy PromptInput! HTML snippet: <div role="textbox" aria-multiline="true" spellcheck="false" class="sc-a8ba1f43-0 djaQmW sc-26b30722-6 jwWpiy" data-slate-editor="true" data-slate-node="value" contenteditable="true" zindex="-1" style...
2026-07-20 18:41:21 - Kiểm tra trạng thái nút Tác nhân (Agent)...
2026-07-20 18:41:21 - Nút Tác nhân đã ở trạng thái TẮT (aria-pressed=false). Bỏ qua.
2026-07-20 18:41:21 - Bắt đầu cấu hình cài đặt tác nhân (Model: Nano Banana Pro, Aspect: 9:16, Batch: 4x)...
2026-07-20 18:41:21 - NÚT CẤU HÌNH ĐƯỢC TÌM THẤY: ID=<nil>, Text=
2026-07-20 18:41:21 - Mở popover cấu hình bằng cách click nút cài đặt (JS)...
2026-07-20 18:41:24 - Cấu hình loại media tab: IMAGE
2026-07-20 18:41:24 - DUMP BUTTONS BEFORE CONFIG: [map[ariaHasPopup: ariaLabel: class:sc-e8425ea6-0 hOBPaw sc-d3791a4f-0 sc-d3791a4f-4 sc-7cbbf1fc-2 ewGlDn famhRe jjdvrX id: text:arrow_backQuay lại title: visible:true] map[ariaHasPopup:menu ariaLabel: class:sc-e8425ea6-0 hOBPaw sc-d3791a4f-0 sc-d3791a4f-4 sc-26aa1721-3 ewGlDn famhRe dUDRen id:radix-:r3: text:more_vertTuỳ chọn khác title: visible:true] map[ariaHasPopup: ariaLabel: class:sc-e8425ea6-0 hOBPaw sc-d3791a4f-0 sc-d3791a4f-4 sc-eed1ec57-2 ewGlDn famhRe jceYol id: text:searchTìm kiếm title: visible:true] map[ariaHasPopup:menu ariaLabel: class:sc-16c4830a-1 dnFqQq sc-e7a64add-0 sc-e7a64add-2 fPutAP blvbdy sc-98525c58-8 iQjEOG id:radix-:r5: text:filter_listSắp xếp và lọc title: visible:true] map[ariaHasPopup:menu ariaLabel: class:sc-e8425ea6-0 hOBPaw sc-d3791a4f-0 sc-d3791a4f-4 sc-5c4c0aea-1 ewGlDn famhRe eqhuae id:radix-:r7: text:addThêm nội dung nghe nhìn title: visible:true] map[ariaHasPopup: ariaLabel: class:sc-e8425ea6-0 hOBPaw sc-d3791a4f-0 sc-d3791a4f-4 sc-51397942-2 ewGlDn famhRe kCsEmL id: text:helpTrợ giúp về sản phẩm title: visible:true] map[ariaHasPopup:menu ariaLabel: class:sc-e8425ea6-0 hOBPaw sc-d3791a4f-0 sc-d3791a4f-4 sc-a4925f7f-6 ewGlDn famhRe gdBgFb id:radix-:rb: text:settings_2Cài đặt chế độ xem title: visible:true] map[ariaHasPopup:menu ariaLabel: class:sc-e8425ea6-0 hOBPaw sc-d3791a4f-0 sc-d3791a4f-4 sc-4fec6fdf-1 ewGlDn famhRe lokAjc id:radix-:re: text:more_vertKhác title: visible:true] map[ariaHasPopup: ariaLabel: class:sc-a14123c8-0 iNGyoc id: text:ULTRA title: visible:true] map[ariaHasPopup: ariaLabel: class:sc-e8425ea6-0 hOBPaw sc-d3791a4f-0 sc-d3791a4f-5 sc-3ce961f7-0 sc-7e7bc024-0 ewGlDn lnCuH fqbaql jcMEtI id: text:dashboardTất cả nội dung nghe nhìn title: visible:true] map[ariaHasPopup: ariaLabel: class:sc-e8425ea6-0 hOBPaw sc-d3791a4f-0 sc-d3791a4f-5 sc-3ce961f7-0 ewGlDn hGbzYr fqbaql id: text:imageXem hình ảnh title: visible:true] map[ariaHasPopup: ariaLabel: class:sc-e8425ea6-0 hOBPaw sc-d3791a4f-0 sc-d3791a4f-5 sc-3ce961f7-0 ewGlDn hGbzYr fqbaql id: text:accessibility_newNhân vật title: visible:true] map[ariaHasPopup: ariaLabel: class:sc-e8425ea6-0 hOBPaw sc-d3791a4f-0 sc-d3791a4f-5 sc-3ce961f7-0 ewGlDn hGbzYr fqbaql id: text:movieXem các cảnh title: visible:true] map[ariaHasPopup: ariaLabel: class:sc-e8425ea6-0 hOBPaw sc-d3791a4f-0 sc-d3791a4f-5 sc-3ce961f7-0 ewGlDn hGbzYr fqbaql id: text:apps_spark_2Công cụ title: visible:true] map[ariaHasPopup: ariaLabel: class:sc-e8425ea6-0 hOBPaw sc-d3791a4f-0 sc-d3791a4f-5 sc-3ce961f7-0 ewGlDn hGbzYr fqbaql id: text:deleteXem thùng rác title: visible:true] map[ariaHasPopup: ariaLabel: class:sc-e8425ea6-0 hOBPaw sc-d3791a4f-0 sc-d3791a4f-5 sc-3ce961f7-0 ewGlDn hGbzYr fqbaql id: text:left_panel_closeThu gọn title: visible:true] map[ariaHasPopup:dialog ariaLabel: class:sc-e8425ea6-0 hOBPaw sc-d3791a4f-0 sc-d3791a4f-4 sc-253cad92-0 ewGlDn famhRe joSmHx id: text:add_2Tạo title: visible:true] map[ariaHasPopup: ariaLabel: class:sc-59223abb-3 bdRbOx id: text:Tác nhân title: visible:true] map[ariaHasPopup: ariaLabel: class:sc-e8425ea6-0 hOBPaw sc-d3791a4f-0 sc-d3791a4f-4 sc-c4e423a0-1 sc-c4e423a0-2 ewGlDn famhRe kOxyKx id: text:article_sparkHướng dẫn cho tác nhân title: visible:true] map[ariaHasPopup: ariaLabel: class:sc-e8425ea6-0 hOBPaw sc-d3791a4f-0 sc-d3791a4f-4 sc-c4e423a0-1 ewGlDn famhRe kOxyKx id: text:tuneCài đặt title: visible:true] map[ariaHasPopup: ariaLabel: class:sc-e8425ea6-0 hOBPaw sc-d3791a4f-0 sc-d3791a4f-4 sc-26b30722-5 ewGlDn famhRe jDvIwb id: text:arrow_forwardTạo title: visible:true] map[ariaHasPopup: ariaLabel: class:sc-e8425ea6-0 hOBPaw sc-d3791a4f-0 sc-d3791a4f-4 sc-c4e423a0-3 ewGlDn famhRe ewxUEp id: text:expand_contentMở rộng title: visible:true]]
2026-07-20 18:41:30 - Không cấu hình được media tab: context deadline exceeded
2026-07-20 18:41:30 - Cấu hình tỷ lệ khung hình: 9:16
2026-07-20 18:41:36 - Không cấu hình được tỷ lệ khung hình: context deadline exceeded
2026-07-20 18:41:36 - Cấu hình số lượng (batch size): 4x
2026-07-20 18:41:42 - Không cấu hình được số lượng batch size: context deadline exceeded
2026-07-20 18:41:42 - Cấu hình Model: Nano Banana Pro
2026-07-20 18:41:48 - Không tìm thấy nút dropdown chọn Model trong popover: context deadline exceeded
2026-07-20 18:41:48 - Đóng hộp thoại cấu hình tác nhân bằng cách hover và click vào ô nhập prompt...
2026-07-20 18:41:49 - Đã hover và click vào ô nhập prompt thành công.
2026-07-20 18:41:49 - URL nhóm ảnh cuối cùng trước khi tạo: []
2026-07-20 18:41:49 - Bắt đầu thực hiện gửi prompt...
2026-07-20 18:41:49 - Thử gửi bằng phím Enter ảo...
2026-07-20 18:41:50 - Đã gửi prompt thành công qua phím Enter ảo!
2026-07-20 18:41:58 - Phát hiện cảnh báo giới hạn hạn mức từ Google Flow: Bạn đã đạt đến hạn mức sử dụng Tác nhân công cụ. Hãy quay lại vào ngày mai hoặc nâng cấp để trò chuyện được nhiều hơn!
2026-07-20 18:46:38 - Phát hiện link dự án cũ đã lưu: https://labs.google/fx/vi/tools/flow/project/61b83cbb-f0c2-4ce7-b12c-414da3808f17. Tiến hành mở dự án này...
2026-07-20 18:46:38 - Bắt đầu mở trang Google Flow: https://labs.google/fx/vi/tools/flow/project/61b83cbb-f0c2-4ce7-b12c-414da3808f17
2026-07-20 18:46:38 - Đang chờ trình duyệt tải xong trang Google Flow...
2026-07-20 18:46:38 - URL hiện tại của trình duyệt (chờ load): 
2026-07-20 18:46:39 - URL hiện tại của trình duyệt (chờ load): https://labs.google/fx/vi/tools/flow/project/61b83cbb-f0c2-4ce7-b12c-414da3808f17
2026-07-20 18:46:42 - Bắt đầu kiểm tra trạng thái đăng nhập...
2026-07-20 18:46:42 - URL sau khi kiểm tra redirect login: https://labs.google/fx/vi/tools/flow/project/61b83cbb-f0c2-4ce7-b12c-414da3808f17
2026-07-20 18:46:42 - Đăng nhập thành công. Đang đóng welcome overlays nếu có...
2026-07-20 18:46:42 - Xác minh dự án cũ có hoạt động bình thường không...
2026-07-20 18:46:42 - Dự án cũ hoạt động bình thường! Tiếp tục sử dụng.
2026-07-20 18:46:42 - Đã vào dự án thành công!
2026-07-20 18:46:42 - Bắt đầu quét tìm ô PromptInput...
2026-07-20 18:46:42 - Đã tìm thấy PromptInput! HTML snippet: <div role="textbox" aria-multiline="true" spellcheck="false" class="sc-a8ba1f43-0 djaQmW sc-26b30722-6 jwWpiy" data-slate-editor="true" data-slate-node="value" contenteditable="true" zindex="-1" style...
2026-07-20 18:46:42 - Kiểm tra trạng thái nút Tác nhân (Agent)...
2026-07-20 18:46:46 - Nút Tác nhân đã ở trạng thái TẮT (aria-pressed=false) sau khi đã chờ React load. Bỏ qua.
2026-07-20 18:46:46 - Bắt đầu cấu hình cài đặt tác nhân (Model: Nano Banana Pro, Aspect: 9:16, Batch: 4x)...
2026-07-20 18:46:46 - NÚT CẤU HÌNH ĐƯỢC TÌM THẤY: ID=<nil>, Text=
2026-07-20 18:46:46 - Mở popover cấu hình bằng cách click nút cài đặt (JS)...
2026-07-20 18:46:49 - Cấu hình loại media tab: IMAGE
2026-07-20 18:46:49 - DUMP BUTTONS BEFORE CONFIG: [map[ariaHasPopup: ariaLabel: class:sc-e8425ea6-0 hOBPaw sc-d3791a4f-0 sc-d3791a4f-4 sc-7cbbf1fc-2 ewGlDn famhRe jjdvrX id: text:arrow_backQuay lại title: visible:true] map[ariaHasPopup:menu ariaLabel: class:sc-e8425ea6-0 hOBPaw sc-d3791a4f-0 sc-d3791a4f-4 sc-26aa1721-3 ewGlDn famhRe dUDRen id:radix-:r3: text:more_vertTuỳ chọn khác title: visible:true] map[ariaHasPopup: ariaLabel: class:sc-e8425ea6-0 hOBPaw sc-d3791a4f-0 sc-d3791a4f-4 sc-eed1ec57-2 ewGlDn famhRe jceYol id: text:searchTìm kiếm title: visible:true] map[ariaHasPopup:menu ariaLabel: class:sc-16c4830a-1 dnFqQq sc-e7a64add-0 sc-e7a64add-2 fPutAP blvbdy sc-98525c58-8 iQjEOG id:radix-:r5: text:filter_listSắp xếp và lọc title: visible:true] map[ariaHasPopup:menu ariaLabel: class:sc-e8425ea6-0 hOBPaw sc-d3791a4f-0 sc-d3791a4f-4 sc-5c4c0aea-1 ewGlDn famhRe eqhuae id:radix-:r7: text:addThêm nội dung nghe nhìn title: visible:true] map[ariaHasPopup: ariaLabel: class:sc-e8425ea6-0 hOBPaw sc-d3791a4f-0 sc-d3791a4f-4 sc-51397942-2 ewGlDn famhRe kCsEmL id: text:helpTrợ giúp về sản phẩm title: visible:true] map[ariaHasPopup:menu ariaLabel: class:sc-e8425ea6-0 hOBPaw sc-d3791a4f-0 sc-d3791a4f-4 sc-a4925f7f-6 ewGlDn famhRe gdBgFb id:radix-:rb: text:settings_2Cài đặt chế độ xem title: visible:true] map[ariaHasPopup:menu ariaLabel: class:sc-e8425ea6-0 hOBPaw sc-d3791a4f-0 sc-d3791a4f-4 sc-4fec6fdf-1 ewGlDn famhRe lokAjc id:radix-:re: text:more_vertKhác title: visible:true] map[ariaHasPopup: ariaLabel: class:sc-a14123c8-0 iNGyoc id: text:ULTRA title: visible:true] map[ariaHasPopup: ariaLabel: class:sc-e8425ea6-0 hOBPaw sc-d3791a4f-0 sc-d3791a4f-5 sc-3ce961f7-0 sc-7e7bc024-0 ewGlDn lnCuH fqbaql jcMEtI id: text:dashboardTất cả nội dung nghe nhìn title: visible:true] map[ariaHasPopup: ariaLabel: class:sc-e8425ea6-0 hOBPaw sc-d3791a4f-0 sc-d3791a4f-5 sc-3ce961f7-0 ewGlDn hGbzYr fqbaql id: text:imageXem hình ảnh title: visible:true] map[ariaHasPopup: ariaLabel: class:sc-e8425ea6-0 hOBPaw sc-d3791a4f-0 sc-d3791a4f-5 sc-3ce961f7-0 ewGlDn hGbzYr fqbaql id: text:accessibility_newNhân vật title: visible:true] map[ariaHasPopup: ariaLabel: class:sc-e8425ea6-0 hOBPaw sc-d3791a4f-0 sc-d3791a4f-5 sc-3ce961f7-0 ewGlDn hGbzYr fqbaql id: text:movieXem các cảnh title: visible:true] map[ariaHasPopup: ariaLabel: class:sc-e8425ea6-0 hOBPaw sc-d3791a4f-0 sc-d3791a4f-5 sc-3ce961f7-0 ewGlDn hGbzYr fqbaql id: text:apps_spark_2Công cụ title: visible:true] map[ariaHasPopup: ariaLabel: class:sc-e8425ea6-0 hOBPaw sc-d3791a4f-0 sc-d3791a4f-5 sc-3ce961f7-0 ewGlDn hGbzYr fqbaql id: text:deleteXem thùng rác title: visible:true] map[ariaHasPopup: ariaLabel: class:sc-e8425ea6-0 hOBPaw sc-d3791a4f-0 sc-d3791a4f-5 sc-3ce961f7-0 ewGlDn hGbzYr fqbaql id: text:left_panel_closeThu gọn title: visible:true] map[ariaHasPopup:dialog ariaLabel: class:sc-e8425ea6-0 hOBPaw sc-d3791a4f-0 sc-d3791a4f-4 sc-253cad92-0 ewGlDn famhRe joSmHx id: text:add_2Tạo title: visible:true] map[ariaHasPopup: ariaLabel: class:sc-59223abb-3 bdRbOx id: text:Tác nhân title: visible:true] map[ariaHasPopup: ariaLabel: class:sc-e8425ea6-0 hOBPaw sc-d3791a4f-0 sc-d3791a4f-4 sc-c4e423a0-1 sc-c4e423a0-2 ewGlDn famhRe kOxyKx id: text:article_sparkHướng dẫn cho tác nhân title: visible:true] map[ariaHasPopup: ariaLabel: class:sc-e8425ea6-0 hOBPaw sc-d3791a4f-0 sc-d3791a4f-4 sc-c4e423a0-1 ewGlDn famhRe kOxyKx id: text:tuneCài đặt title: visible:true] map[ariaHasPopup: ariaLabel: class:sc-e8425ea6-0 hOBPaw sc-d3791a4f-0 sc-d3791a4f-4 sc-26b30722-5 ewGlDn famhRe jDvIwb id: text:arrow_forwardTạo title: visible:true] map[ariaHasPopup: ariaLabel: class:sc-e8425ea6-0 hOBPaw sc-d3791a4f-0 sc-d3791a4f-4 sc-c4e423a0-3 ewGlDn famhRe ewxUEp id: text:expand_contentMở rộng title: visible:true]]
2026-07-20 18:46:55 - Không cấu hình được media tab: context deadline exceeded
2026-07-20 18:46:55 - Cấu hình tỷ lệ khung hình: 9:16
2026-07-20 18:47:01 - Không cấu hình được tỷ lệ khung hình: context deadline exceeded
2026-07-20 18:47:01 - Cấu hình số lượng (batch size): 4x
2026-07-20 18:47:07 - Không cấu hình được số lượng batch size: context deadline exceeded
2026-07-20 18:47:07 - Cấu hình Model: Nano Banana Pro
2026-07-20 18:47:13 - Không tìm thấy nút dropdown chọn Model trong popover: context deadline exceeded
2026-07-20 18:47:13 - Đóng hộp thoại cấu hình tác nhân bằng cách hover và click vào ô nhập prompt...
2026-07-20 18:47:14 - Đã hover và click vào ô nhập prompt thành công.
2026-07-20 18:47:14 - URL nhóm ảnh cuối cùng trước khi tạo: []
2026-07-20 18:47:15 - Bắt đầu thực hiện gửi prompt...
2026-07-20 18:47:15 - Thử gửi bằng phím Enter ảo...
2026-07-20 18:47:16 - Đã gửi prompt thành công qua phím Enter ảo!
2026-07-20 18:47:24 - Phát hiện cảnh báo giới hạn hạn mức từ Google Flow: Bạn đã đạt đến hạn mức sử dụng Tác nhân công cụ. Hãy quay lại vào ngày mai hoặc nâng cấp để trò chuyện được nhiều hơn!
2026-07-20 18:50:36 - Phát hiện link dự án cũ đã lưu: https://labs.google/fx/vi/tools/flow/project/61b83cbb-f0c2-4ce7-b12c-414da3808f17. Tiến hành mở dự án này...
2026-07-20 18:50:36 - Bắt đầu mở trang Google Flow: https://labs.google/fx/vi/tools/flow/project/61b83cbb-f0c2-4ce7-b12c-414da3808f17
2026-07-20 18:50:37 - Đang chờ trình duyệt tải xong trang Google Flow...
2026-07-20 18:50:37 - URL hiện tại của trình duyệt (chờ load): 
2026-07-20 18:50:37 - URL hiện tại của trình duyệt (chờ load): https://labs.google/fx/vi/tools/flow/project/61b83cbb-f0c2-4ce7-b12c-414da3808f17
2026-07-20 18:50:40 - Bắt đầu kiểm tra trạng thái đăng nhập...
2026-07-20 18:50:40 - URL sau khi kiểm tra redirect login: https://labs.google/fx/vi/tools/flow/project/61b83cbb-f0c2-4ce7-b12c-414da3808f17
2026-07-20 18:50:40 - Đăng nhập thành công. Đang đóng welcome overlays nếu có...
2026-07-20 18:50:40 - Xác minh dự án cũ có hoạt động bình thường không...
2026-07-20 18:50:40 - Dự án cũ hoạt động bình thường! Tiếp tục sử dụng.
2026-07-20 18:50:40 - Đã vào dự án thành công!
2026-07-20 18:50:40 - Bắt đầu quét tìm ô PromptInput...
2026-07-20 18:50:40 - Đã tìm thấy PromptInput! HTML snippet: <div role="textbox" aria-multiline="true" spellcheck="false" class="sc-a8ba1f43-0 djaQmW sc-26b30722-6 jwWpiy" data-slate-editor="true" data-slate-node="value" contenteditable="true" zindex="-1" style...
2026-07-20 18:50:40 - Kiểm tra trạng thái nút Tác nhân (Agent)...
2026-07-20 18:50:44 - Nút Tác nhân đã ở trạng thái TẮT (aria-pressed=false) sau khi đã chờ React load. Bỏ qua.
2026-07-20 18:50:44 - Bắt đầu cấu hình cài đặt tác nhân (Model: Nano Banana Pro, Aspect: 9:16, Batch: 4x)...
2026-07-20 18:50:44 - NÚT CẤU HÌNH ĐƯỢC TÌM THẤY: ID=<nil>, Text=
2026-07-20 18:50:44 - Mở popover cấu hình bằng cách click nút cài đặt (JS)...
2026-07-20 18:50:47 - Cấu hình loại media tab: IMAGE
2026-07-20 18:50:47 - DUMP BUTTONS BEFORE CONFIG: [map[ariaHasPopup: ariaLabel: class:sc-e8425ea6-0 hOBPaw sc-d3791a4f-0 sc-d3791a4f-4 sc-7cbbf1fc-2 ewGlDn famhRe jjdvrX id: text:arrow_backQuay lại title: visible:true] map[ariaHasPopup:menu ariaLabel: class:sc-e8425ea6-0 hOBPaw sc-d3791a4f-0 sc-d3791a4f-4 sc-26aa1721-3 ewGlDn famhRe dUDRen id:radix-:r3: text:more_vertTuỳ chọn khác title: visible:true] map[ariaHasPopup: ariaLabel: class:sc-e8425ea6-0 hOBPaw sc-d3791a4f-0 sc-d3791a4f-4 sc-eed1ec57-2 ewGlDn famhRe jceYol id: text:searchTìm kiếm title: visible:true] map[ariaHasPopup:menu ariaLabel: class:sc-16c4830a-1 dnFqQq sc-e7a64add-0 sc-e7a64add-2 fPutAP blvbdy sc-98525c58-8 iQjEOG id:radix-:r5: text:filter_listSắp xếp và lọc title: visible:true] map[ariaHasPopup:menu ariaLabel: class:sc-e8425ea6-0 hOBPaw sc-d3791a4f-0 sc-d3791a4f-4 sc-5c4c0aea-1 ewGlDn famhRe eqhuae id:radix-:r7: text:addThêm nội dung nghe nhìn title: visible:true] map[ariaHasPopup: ariaLabel: class:sc-e8425ea6-0 hOBPaw sc-d3791a4f-0 sc-d3791a4f-4 sc-51397942-2 ewGlDn famhRe kCsEmL id: text:helpTrợ giúp về sản phẩm title: visible:true] map[ariaHasPopup:menu ariaLabel: class:sc-e8425ea6-0 hOBPaw sc-d3791a4f-0 sc-d3791a4f-4 sc-a4925f7f-6 ewGlDn famhRe gdBgFb id:radix-:rb: text:settings_2Cài đặt chế độ xem title: visible:true] map[ariaHasPopup:menu ariaLabel: class:sc-e8425ea6-0 hOBPaw sc-d3791a4f-0 sc-d3791a4f-4 sc-4fec6fdf-1 ewGlDn famhRe lokAjc id:radix-:re: text:more_vertKhác title: visible:true] map[ariaHasPopup: ariaLabel: class:sc-a14123c8-0 iNGyoc id: text:ULTRA title: visible:true] map[ariaHasPopup: ariaLabel: class:sc-e8425ea6-0 hOBPaw sc-d3791a4f-0 sc-d3791a4f-5 sc-3ce961f7-0 sc-7e7bc024-0 ewGlDn lnCuH fqbaql jcMEtI id: text:dashboardTất cả nội dung nghe nhìn title: visible:true] map[ariaHasPopup: ariaLabel: class:sc-e8425ea6-0 hOBPaw sc-d3791a4f-0 sc-d3791a4f-5 sc-3ce961f7-0 ewGlDn hGbzYr fqbaql id: text:imageXem hình ảnh title: visible:true] map[ariaHasPopup: ariaLabel: class:sc-e8425ea6-0 hOBPaw sc-d3791a4f-0 sc-d3791a4f-5 sc-3ce961f7-0 ewGlDn hGbzYr fqbaql id: text:accessibility_newNhân vật title: visible:true] map[ariaHasPopup: ariaLabel: class:sc-e8425ea6-0 hOBPaw sc-d3791a4f-0 sc-d3791a4f-5 sc-3ce961f7-0 ewGlDn hGbzYr fqbaql id: text:movieXem các cảnh title: visible:true] map[ariaHasPopup: ariaLabel: class:sc-e8425ea6-0 hOBPaw sc-d3791a4f-0 sc-d3791a4f-5 sc-3ce961f7-0 ewGlDn hGbzYr fqbaql id: text:apps_spark_2Công cụ title: visible:true] map[ariaHasPopup: ariaLabel: class:sc-e8425ea6-0 hOBPaw sc-d3791a4f-0 sc-d3791a4f-5 sc-3ce961f7-0 ewGlDn hGbzYr fqbaql id: text:deleteXem thùng rác title: visible:true] map[ariaHasPopup: ariaLabel: class:sc-e8425ea6-0 hOBPaw sc-d3791a4f-0 sc-d3791a4f-5 sc-3ce961f7-0 ewGlDn hGbzYr fqbaql id: text:left_panel_closeThu gọn title: visible:true] map[ariaHasPopup:dialog ariaLabel: class:sc-e8425ea6-0 hOBPaw sc-d3791a4f-0 sc-d3791a4f-4 sc-253cad92-0 ewGlDn famhRe joSmHx id: text:add_2Tạo title: visible:true] map[ariaHasPopup: ariaLabel: class:sc-59223abb-3 bdRbOx id: text:Tác nhân title: visible:true] map[ariaHasPopup: ariaLabel: class:sc-e8425ea6-0 hOBPaw sc-d3791a4f-0 sc-d3791a4f-4 sc-c4e423a0-1 sc-c4e423a0-2 ewGlDn famhRe kOxyKx id: text:article_sparkHướng dẫn cho tác nhân title: visible:true] map[ariaHasPopup: ariaLabel: class:sc-e8425ea6-0 hOBPaw sc-d3791a4f-0 sc-d3791a4f-4 sc-c4e423a0-1 ewGlDn famhRe kOxyKx id: text:tuneCài đặt title: visible:true] map[ariaHasPopup: ariaLabel: class:sc-e8425ea6-0 hOBPaw sc-d3791a4f-0 sc-d3791a4f-4 sc-26b30722-5 ewGlDn famhRe jDvIwb id: text:arrow_forwardTạo title: visible:true] map[ariaHasPopup: ariaLabel: class:sc-e8425ea6-0 hOBPaw sc-d3791a4f-0 sc-d3791a4f-4 sc-c4e423a0-3 ewGlDn famhRe ewxUEp id: text:expand_contentMở rộng title: visible:true]]
2026-07-20 18:50:53 - Cấu hình tỷ lệ khung hình: 9:16
2026-07-20 18:50:54 - Cấu hình số lượng (batch size): 4x
2026-07-20 18:50:55 - Cấu hình Model: Nano Banana Pro
2026-07-20 18:50:58 - Không tìm thấy nút dropdown chọn Model trong popover: context canceled
2026-07-20 18:50:58 - Đóng hộp thoại cấu hình tác nhân bằng cách hover và click vào ô nhập prompt...
2026-07-20 18:53:30 - Phát hiện link dự án cũ đã lưu: https://labs.google/fx/vi/tools/flow/project/61b83cbb-f0c2-4ce7-b12c-414da3808f17. Tiến hành mở dự án này...
2026-07-20 18:53:30 - Bắt đầu mở trang Google Flow: https://labs.google/fx/vi/tools/flow/project/61b83cbb-f0c2-4ce7-b12c-414da3808f17
2026-07-20 18:53:30 - Đang chờ trình duyệt tải xong trang Google Flow...
2026-07-20 18:53:30 - URL hiện tại của trình duyệt (chờ load): 
2026-07-20 18:53:30 - URL hiện tại của trình duyệt (chờ load): https://labs.google/fx/vi/tools/flow/project/61b83cbb-f0c2-4ce7-b12c-414da3808f17
2026-07-20 18:53:33 - Bắt đầu kiểm tra trạng thái đăng nhập...
2026-07-20 18:53:33 - URL sau khi kiểm tra redirect login: https://labs.google/fx/vi/tools/flow/project/61b83cbb-f0c2-4ce7-b12c-414da3808f17
2026-07-20 18:53:33 - Đăng nhập thành công. Đang đóng welcome overlays nếu có...
2026-07-20 18:53:33 - Xác minh dự án cũ có hoạt động bình thường không...
2026-07-20 18:53:33 - Dự án cũ hoạt động bình thường! Tiếp tục sử dụng.
2026-07-20 18:53:33 - Đã vào dự án thành công!
2026-07-20 18:53:33 - Bắt đầu quét tìm ô PromptInput...
2026-07-20 18:53:33 - Đã tìm thấy PromptInput! HTML snippet: <div role="textbox" aria-multiline="true" spellcheck="false" class="sc-a8ba1f43-0 djaQmW sc-26b30722-6 jwWpiy" data-slate-editor="true" data-slate-node="value" contenteditable="true" zindex="-1" style...
2026-07-20 18:53:33 - Kiểm tra trạng thái nút Tác nhân (Agent)...
2026-07-20 18:53:33 - Đã tìm thấy nút Tác nhân nhưng không lấy được HTML: context canceled
2026-07-20 18:53:37 - Nút Tác nhân đã ở trạng thái TẮT (aria-pressed=false) sau khi đã chờ React load. Bỏ qua.
2026-07-20 18:53:37 - Bắt đầu cấu hình cài đặt tác nhân (Model: Nano Banana Pro, Aspect: 9:16, Batch: 4x)...
2026-07-20 18:53:37 - NÚT CẤU HÌNH ĐƯỢC TÌM THẤY: ID=<nil>, Text=
2026-07-20 18:53:37 - Mở popover cấu hình bằng cách click nút cài đặt (JS)...
2026-07-20 18:53:40 - Cấu hình loại media tab: IMAGE
2026-07-20 18:53:40 - DUMP BUTTONS BEFORE CONFIG: [map[ariaHasPopup: ariaLabel: class:sc-e8425ea6-0 hOBPaw sc-d3791a4f-0 sc-d3791a4f-4 sc-7cbbf1fc-2 ewGlDn famhRe jjdvrX id: text:arrow_backQuay lại title: visible:true] map[ariaHasPopup:menu ariaLabel: class:sc-e8425ea6-0 hOBPaw sc-d3791a4f-0 sc-d3791a4f-4 sc-26aa1721-3 ewGlDn famhRe dUDRen id:radix-:r3: text:more_vertTuỳ chọn khác title: visible:true] map[ariaHasPopup: ariaLabel: class:sc-e8425ea6-0 hOBPaw sc-d3791a4f-0 sc-d3791a4f-4 sc-eed1ec57-2 ewGlDn famhRe jceYol id: text:searchTìm kiếm title: visible:true] map[ariaHasPopup:menu ariaLabel: class:sc-16c4830a-1 dnFqQq sc-e7a64add-0 sc-e7a64add-2 fPutAP blvbdy sc-98525c58-8 iQjEOG id:radix-:r5: text:filter_listSắp xếp và lọc title: visible:true] map[ariaHasPopup:menu ariaLabel: class:sc-e8425ea6-0 hOBPaw sc-d3791a4f-0 sc-d3791a4f-4 sc-5c4c0aea-1 ewGlDn famhRe eqhuae id:radix-:r7: text:addThêm nội dung nghe nhìn title: visible:true] map[ariaHasPopup: ariaLabel: class:sc-e8425ea6-0 hOBPaw sc-d3791a4f-0 sc-d3791a4f-4 sc-51397942-2 ewGlDn famhRe kCsEmL id: text:helpTrợ giúp về sản phẩm title: visible:true] map[ariaHasPopup:menu ariaLabel: class:sc-e8425ea6-0 hOBPaw sc-d3791a4f-0 sc-d3791a4f-4 sc-a4925f7f-6 ewGlDn famhRe gdBgFb id:radix-:rb: text:settings_2Cài đặt chế độ xem title: visible:true] map[ariaHasPopup:menu ariaLabel: class:sc-e8425ea6-0 hOBPaw sc-d3791a4f-0 sc-d3791a4f-4 sc-4fec6fdf-1 ewGlDn famhRe lokAjc id:radix-:re: text:more_vertKhác title: visible:true] map[ariaHasPopup: ariaLabel: class:sc-a14123c8-0 iNGyoc id: text:ULTRA title: visible:true] map[ariaHasPopup: ariaLabel: class:sc-e8425ea6-0 hOBPaw sc-d3791a4f-0 sc-d3791a4f-5 sc-3ce961f7-0 sc-7e7bc024-0 ewGlDn lnCuH fqbaql jcMEtI id: text:dashboardTất cả nội dung nghe nhìn title: visible:true] map[ariaHasPopup: ariaLabel: class:sc-e8425ea6-0 hOBPaw sc-d3791a4f-0 sc-d3791a4f-5 sc-3ce961f7-0 ewGlDn hGbzYr fqbaql id: text:imageXem hình ảnh title: visible:true] map[ariaHasPopup: ariaLabel: class:sc-e8425ea6-0 hOBPaw sc-d3791a4f-0 sc-d3791a4f-5 sc-3ce961f7-0 ewGlDn hGbzYr fqbaql id: text:accessibility_newNhân vật title: visible:true] map[ariaHasPopup: ariaLabel: class:sc-e8425ea6-0 hOBPaw sc-d3791a4f-0 sc-d3791a4f-5 sc-3ce961f7-0 ewGlDn hGbzYr fqbaql id: text:movieXem các cảnh title: visible:true] map[ariaHasPopup: ariaLabel: class:sc-e8425ea6-0 hOBPaw sc-d3791a4f-0 sc-d3791a4f-5 sc-3ce961f7-0 ewGlDn hGbzYr fqbaql id: text:apps_spark_2Công cụ title: visible:true] map[ariaHasPopup: ariaLabel: class:sc-e8425ea6-0 hOBPaw sc-d3791a4f-0 sc-d3791a4f-5 sc-3ce961f7-0 ewGlDn hGbzYr fqbaql id: text:deleteXem thùng rác title: visible:true] map[ariaHasPopup: ariaLabel: class:sc-e8425ea6-0 hOBPaw sc-d3791a4f-0 sc-d3791a4f-5 sc-3ce961f7-0 ewGlDn hGbzYr fqbaql id: text:left_panel_closeThu gọn title: visible:true] map[ariaHasPopup:dialog ariaLabel: class:sc-e8425ea6-0 hOBPaw sc-d3791a4f-0 sc-d3791a4f-4 sc-253cad92-0 ewGlDn famhRe joSmHx id: text:add_2Tạo title: visible:true] map[ariaHasPopup: ariaLabel: class:sc-59223abb-3 bdRbOx id: text:Tác nhân title: visible:true] map[ariaHasPopup: ariaLabel: class:sc-e8425ea6-0 hOBPaw sc-d3791a4f-0 sc-d3791a4f-4 sc-c4e423a0-1 sc-c4e423a0-2 ewGlDn famhRe kOxyKx id: text:article_sparkHướng dẫn cho tác nhân title: visible:true] map[ariaHasPopup: ariaLabel: class:sc-e8425ea6-0 hOBPaw sc-d3791a4f-0 sc-d3791a4f-4 sc-c4e423a0-1 ewGlDn famhRe kOxyKx id: text:tuneCài đặt title: visible:true] map[ariaHasPopup: ariaLabel: class:sc-e8425ea6-0 hOBPaw sc-d3791a4f-0 sc-d3791a4f-4 sc-26b30722-5 ewGlDn famhRe jDvIwb id: text:arrow_forwardTạo title: visible:true] map[ariaHasPopup: ariaLabel: class:sc-e8425ea6-0 hOBPaw sc-d3791a4f-0 sc-d3791a4f-4 sc-c4e423a0-3 ewGlDn famhRe ewxUEp id: text:expand_contentMở rộng title: visible:true]]
2026-07-20 18:53:46 - Không cấu hình được media tab: context deadline exceeded
2026-07-20 18:53:46 - Cấu hình tỷ lệ khung hình: 9:16
2026-07-20 18:53:52 - Không cấu hình được tỷ lệ khung hình: context deadline exceeded
2026-07-20 18:53:52 - Cấu hình số lượng (batch size): 4x
2026-07-20 18:53:58 - Không cấu hình được số lượng batch size: context deadline exceeded
2026-07-20 18:53:58 - Cấu hình Model: Nano Banana Pro
2026-07-20 18:54:04 - Không tìm thấy nút dropdown chọn Model trong popover: context deadline exceeded
2026-07-20 18:54:04 - Đóng hộp thoại cấu hình tác nhân bằng cách hover và click vào ô nhập prompt...
2026-07-20 18:54:05 - Đã hover và click vào ô nhập prompt thành công.
2026-07-20 18:54:05 - URL nhóm ảnh cuối cùng trước khi tạo: []
2026-07-20 18:54:06 - Bắt đầu thực hiện gửi prompt...
2026-07-20 18:54:06 - Thử gửi bằng phím Enter ảo...
2026-07-20 18:54:07 - Đã gửi prompt thành công qua phím Enter ảo!
2026-07-20 18:54:15 - Phát hiện cảnh báo giới hạn hạn mức từ Google Flow: Bạn đã đạt đến hạn mức sử dụng Tác nhân công cụ. Hãy quay lại vào ngày mai hoặc nâng cấp để trò chuyện được nhiều hơn!
2026-07-20 18:55:43 - Phát hiện link dự án cũ đã lưu: https://labs.google/fx/vi/tools/flow/project/61b83cbb-f0c2-4ce7-b12c-414da3808f17. Tiến hành mở dự án này...
2026-07-20 18:55:43 - Bắt đầu mở trang Google Flow: https://labs.google/fx/vi/tools/flow/project/61b83cbb-f0c2-4ce7-b12c-414da3808f17
2026-07-20 18:55:43 - Đang chờ trình duyệt tải xong trang Google Flow...
2026-07-20 18:55:43 - URL hiện tại của trình duyệt (chờ load): 
2026-07-20 18:55:44 - URL hiện tại của trình duyệt (chờ load): https://labs.google/fx/vi/tools/flow/project/61b83cbb-f0c2-4ce7-b12c-414da3808f17
2026-07-20 18:55:46 - Bắt đầu kiểm tra trạng thái đăng nhập...
2026-07-20 18:55:46 - URL sau khi kiểm tra redirect login: https://labs.google/fx/vi/tools/flow/project/61b83cbb-f0c2-4ce7-b12c-414da3808f17
2026-07-20 18:55:46 - Đăng nhập thành công. Đang đóng welcome overlays nếu có...
2026-07-20 18:55:47 - Xác minh dự án cũ có hoạt động bình thường không...
2026-07-20 18:55:47 - Dự án cũ hoạt động bình thường! Tiếp tục sử dụng.
2026-07-20 18:55:47 - Đã vào dự án thành công!
2026-07-20 18:55:47 - Bắt đầu quét tìm ô PromptInput...
2026-07-20 18:55:47 - Đã tìm thấy PromptInput! HTML snippet: <div role="textbox" aria-multiline="true" spellcheck="false" class="sc-a8ba1f43-0 djaQmW sc-26b30722-6 jwWpiy" data-slate-editor="true" data-slate-node="value" contenteditable="true" zindex="-1" style...
2026-07-20 18:55:47 - Kiểm tra trạng thái nút Tác nhân (Agent)...
2026-07-20 18:55:47 - Đã tìm thấy nút Tác nhân! HTML: <button type="button" aria-pressed="true" class="sc-59223abb-3 bdRbOx"><div class="sc-59223abb-2 kLZsnZ"><div class="sc-59223abb-0 kIwoAm"></div><div class="sc-59223abb-0 hYlLce"></div><div class="sc-59223abb-1 dJqkeL"></div><span class="content">Tác nhân</span></div></button>
2026-07-20 18:55:50 - Nút Tác nhân đã ở trạng thái TẮT (aria-pressed=false) sau khi đã chờ React load. Bỏ qua.
2026-07-20 18:55:50 - Bắt đầu cấu hình cài đặt tác nhân (Model: Nano Banana Pro, Aspect: 9:16, Batch: 4x)...
2026-07-20 18:55:50 - NÚT CẤU HÌNH ĐƯỢC TÌM THẤY: ID=0x24a72b1956e0, Text=settings_2
Cài đặt chế độ xem
2026-07-20 18:55:50 - Mở popover cấu hình bằng cách click nút cài đặt (JS)...
2026-07-20 18:55:53 - Cấu hình loại media tab: IMAGE
2026-07-20 18:55:53 - DUMP BUTTONS BEFORE CONFIG: [map[ariaHasPopup: ariaLabel: class:sc-e8425ea6-0 hOBPaw sc-d3791a4f-0 sc-d3791a4f-4 sc-7cbbf1fc-2 ewGlDn famhRe jjdvrX id: text:arrow_backQuay lại title: visible:true] map[ariaHasPopup:menu ariaLabel: class:sc-e8425ea6-0 hOBPaw sc-d3791a4f-0 sc-d3791a4f-4 sc-26aa1721-3 ewGlDn famhRe dUDRen id:radix-:r3: text:more_vertTuỳ chọn khác title: visible:true] map[ariaHasPopup: ariaLabel: class:sc-e8425ea6-0 hOBPaw sc-d3791a4f-0 sc-d3791a4f-4 sc-eed1ec57-2 ewGlDn famhRe jceYol id: text:searchTìm kiếm title: visible:true] map[ariaHasPopup:menu ariaLabel: class:sc-16c4830a-1 dnFqQq sc-e7a64add-0 sc-e7a64add-2 fPutAP blvbdy sc-98525c58-8 iQjEOG id:radix-:r5: text:filter_listSắp xếp và lọc title: visible:true] map[ariaHasPopup:menu ariaLabel: class:sc-e8425ea6-0 hOBPaw sc-d3791a4f-0 sc-d3791a4f-4 sc-5c4c0aea-1 ewGlDn famhRe eqhuae id:radix-:r7: text:addThêm nội dung nghe nhìn title: visible:true] map[ariaHasPopup: ariaLabel: class:sc-e8425ea6-0 hOBPaw sc-d3791a4f-0 sc-d3791a4f-4 sc-51397942-2 ewGlDn famhRe kCsEmL id: text:helpTrợ giúp về sản phẩm title: visible:true] map[ariaHasPopup:menu ariaLabel: class:sc-e8425ea6-0 hOBPaw sc-d3791a4f-0 sc-d3791a4f-4 sc-a4925f7f-6 ewGlDn famhRe gdBgFb id:radix-:rb: text:settings_2Cài đặt chế độ xem title: visible:true] map[ariaHasPopup:menu ariaLabel: class:sc-e8425ea6-0 hOBPaw sc-d3791a4f-0 sc-d3791a4f-4 sc-4fec6fdf-1 ewGlDn famhRe lokAjc id:radix-:re: text:more_vertKhác title: visible:true] map[ariaHasPopup: ariaLabel: class:sc-a14123c8-0 iNGyoc id: text:ULTRA title: visible:true] map[ariaHasPopup: ariaLabel: class:sc-e8425ea6-0 hOBPaw sc-d3791a4f-0 sc-d3791a4f-5 sc-3ce961f7-0 sc-7e7bc024-0 ewGlDn lnCuH fqbaql jcMEtI id: text:dashboardTất cả nội dung nghe nhìn title: visible:true] map[ariaHasPopup: ariaLabel: class:sc-e8425ea6-0 hOBPaw sc-d3791a4f-0 sc-d3791a4f-5 sc-3ce961f7-0 ewGlDn hGbzYr fqbaql id: text:imageXem hình ảnh title: visible:true] map[ariaHasPopup: ariaLabel: class:sc-e8425ea6-0 hOBPaw sc-d3791a4f-0 sc-d3791a4f-5 sc-3ce961f7-0 ewGlDn hGbzYr fqbaql id: text:accessibility_newNhân vật title: visible:true] map[ariaHasPopup: ariaLabel: class:sc-e8425ea6-0 hOBPaw sc-d3791a4f-0 sc-d3791a4f-5 sc-3ce961f7-0 ewGlDn hGbzYr fqbaql id: text:movieXem các cảnh title: visible:true] map[ariaHasPopup: ariaLabel: class:sc-e8425ea6-0 hOBPaw sc-d3791a4f-0 sc-d3791a4f-5 sc-3ce961f7-0 ewGlDn hGbzYr fqbaql id: text:apps_spark_2Công cụ title: visible:true] map[ariaHasPopup: ariaLabel: class:sc-e8425ea6-0 hOBPaw sc-d3791a4f-0 sc-d3791a4f-5 sc-3ce961f7-0 ewGlDn hGbzYr fqbaql id: text:deleteXem thùng rác title: visible:true] map[ariaHasPopup: ariaLabel: class:sc-e8425ea6-0 hOBPaw sc-d3791a4f-0 sc-d3791a4f-5 sc-3ce961f7-0 ewGlDn hGbzYr fqbaql id: text:left_panel_closeThu gọn title: visible:true] map[ariaHasPopup:dialog ariaLabel: class:sc-e8425ea6-0 hOBPaw sc-d3791a4f-0 sc-d3791a4f-4 sc-253cad92-0 ewGlDn famhRe joSmHx id: text:add_2Tạo title: visible:true] map[ariaHasPopup: ariaLabel: class:sc-59223abb-3 bdRbOx id: text:Tác nhân title: visible:true] map[ariaHasPopup: ariaLabel: class:sc-e8425ea6-0 hOBPaw sc-d3791a4f-0 sc-d3791a4f-4 sc-c4e423a0-1 sc-c4e423a0-2 ewGlDn famhRe kOxyKx id: text:article_sparkHướng dẫn cho tác nhân title: visible:true] map[ariaHasPopup: ariaLabel: class:sc-e8425ea6-0 hOBPaw sc-d3791a4f-0 sc-d3791a4f-4 sc-c4e423a0-1 ewGlDn famhRe kOxyKx id: text:tuneCài đặt title: visible:true] map[ariaHasPopup: ariaLabel: class:sc-e8425ea6-0 hOBPaw sc-d3791a4f-0 sc-d3791a4f-4 sc-26b30722-5 ewGlDn famhRe jDvIwb id: text:arrow_forwardTạo title: visible:true] map[ariaHasPopup: ariaLabel: class:sc-e8425ea6-0 hOBPaw sc-d3791a4f-0 sc-d3791a4f-4 sc-c4e423a0-3 ewGlDn famhRe ewxUEp id: text:expand_contentMở rộng title: visible:true]]
2026-07-20 18:55:59 - Không cấu hình được media tab: context deadline exceeded
2026-07-20 18:55:59 - Cấu hình tỷ lệ khung hình: 9:16
2026-07-20 18:56:05 - Không cấu hình được tỷ lệ khung hình: context deadline exceeded
2026-07-20 18:56:05 - Cấu hình số lượng (batch size): 4x
2026-07-20 18:56:11 - Không cấu hình được số lượng batch size: context deadline exceeded
2026-07-20 18:56:11 - Cấu hình Model: Nano Banana Pro
2026-07-20 18:56:17 - Không tìm thấy nút dropdown chọn Model trong popover: context deadline exceeded
2026-07-20 18:56:17 - Đóng hộp thoại cấu hình tác nhân bằng cách hover và click vào ô nhập prompt...
2026-07-20 18:56:19 - Đã hover và click vào ô nhập prompt thành công.
2026-07-20 18:56:19 - URL nhóm ảnh cuối cùng trước khi tạo: []
2026-07-20 18:56:20 - Bắt đầu thực hiện gửi prompt...
2026-07-20 18:56:20 - Thử gửi bằng phím Enter ảo...
2026-07-20 18:56:21 - Đã gửi prompt thành công qua phím Enter ảo!
2026-07-20 18:58:34 - Phát hiện link dự án cũ đã lưu: https://labs.google/fx/vi/tools/flow/project/61b83cbb-f0c2-4ce7-b12c-414da3808f17. Tiến hành mở dự án này...
2026-07-20 18:58:34 - Bắt đầu mở trang Google Flow: https://labs.google/fx/vi/tools/flow/project/61b83cbb-f0c2-4ce7-b12c-414da3808f17
2026-07-20 18:58:35 - Đang chờ trình duyệt tải xong trang Google Flow...
2026-07-20 18:58:35 - URL hiện tại của trình duyệt (chờ load): 
2026-07-20 18:58:35 - URL hiện tại của trình duyệt (chờ load): https://labs.google/fx/vi/tools/flow/project/61b83cbb-f0c2-4ce7-b12c-414da3808f17
2026-07-20 18:58:36 - Bắt đầu kiểm tra trạng thái đăng nhập...
2026-07-20 18:58:36 - URL sau khi kiểm tra redirect login: https://labs.google/fx/vi/tools/flow/project/61b83cbb-f0c2-4ce7-b12c-414da3808f17
2026-07-20 18:58:36 - Đăng nhập thành công. Đang đóng welcome overlays nếu có...
2026-07-20 18:58:37 - Xác minh dự án cũ có hoạt động bình thường không...
2026-07-20 18:58:42 - Không tìm thấy ô nhập liệu trong dự án cũ sau 5 giây. Có vẻ dự án này đã bị lỗi hoặc bị xóa. Tiến hành mở trang chủ để tạo dự án mới...
2026-07-20 18:58:46 - Dự án cũ không hoạt động hoặc không có. Tiến hành click tạo dự án mới...
2026-07-20 18:58:54 - Đang chờ URL chuyển hướng sang '/project/'...
2026-07-20 18:58:54 - URL hiện tại của trình duyệt (chờ /project/): https://labs.google/fx/vi/tools/flow
2026-07-20 18:58:54 - URL hiện tại của trình duyệt (chờ /project/): https://labs.google/fx/vi/tools/flow
2026-07-20 18:58:55 - URL hiện tại của trình duyệt (chờ /project/): https://labs.google/fx/vi/tools/flow
2026-07-20 18:58:55 - URL hiện tại của trình duyệt (chờ /project/): https://labs.google/fx/vi/tools/flow
2026-07-20 18:58:56 - URL hiện tại của trình duyệt (chờ /project/): https://labs.google/fx/vi/tools/flow
2026-07-20 18:58:56 - URL hiện tại của trình duyệt (chờ /project/): https://labs.google/fx/vi/tools/flow
2026-07-20 18:58:57 - URL hiện tại của trình duyệt (chờ /project/): https://labs.google/fx/vi/tools/flow
2026-07-20 18:58:57 - URL hiện tại của trình duyệt (chờ /project/): https://labs.google/fx/vi/tools/flow
2026-07-20 18:58:58 - URL hiện tại của trình duyệt (chờ /project/): https://labs.google/fx/vi/tools/flow
2026-07-20 18:58:58 - URL hiện tại của trình duyệt (chờ /project/): https://labs.google/fx/vi/tools/flow
2026-07-20 18:58:59 - URL hiện tại của trình duyệt (chờ /project/): https://labs.google/fx/vi/tools/flow
2026-07-20 18:58:59 - URL hiện tại của trình duyệt (chờ /project/): https://labs.google/fx/vi/tools/flow
2026-07-20 18:59:00 - URL hiện tại của trình duyệt (chờ /project/): https://labs.google/fx/vi/tools/flow
2026-07-20 18:59:00 - URL hiện tại của trình duyệt (chờ /project/): https://labs.google/fx/vi/tools/flow
2026-07-20 18:59:01 - URL hiện tại của trình duyệt (chờ /project/): https://labs.google/fx/vi/tools/flow
2026-07-20 18:59:01 - URL hiện tại của trình duyệt (chờ /project/): https://labs.google/fx/vi/tools/flow
2026-07-20 18:59:02 - URL hiện tại của trình duyệt (chờ /project/): https://labs.google/fx/vi/tools/flow
2026-07-20 18:59:02 - URL hiện tại của trình duyệt (chờ /project/): https://labs.google/fx/vi/tools/flow
2026-07-20 18:59:03 - URL hiện tại của trình duyệt (chờ /project/): https://labs.google/fx/vi/tools/flow
2026-07-20 18:59:03 - URL hiện tại của trình duyệt (chờ /project/): https://labs.google/fx/vi/tools/flow
2026-07-20 18:59:04 - URL hiện tại của trình duyệt (chờ /project/): https://labs.google/fx/vi/tools/flow
2026-07-20 18:59:04 - URL hiện tại của trình duyệt (chờ /project/): https://labs.google/fx/vi/tools/flow
2026-07-20 18:59:05 - URL hiện tại của trình duyệt (chờ /project/): https://labs.google/fx/vi/tools/flow
2026-07-20 18:59:05 - URL hiện tại của trình duyệt (chờ /project/): https://labs.google/fx/vi/tools/flow
2026-07-20 18:59:06 - URL hiện tại của trình duyệt (chờ /project/): https://labs.google/fx/vi/tools/flow
2026-07-20 18:59:06 - URL hiện tại của trình duyệt (chờ /project/): https://labs.google/fx/vi/tools/flow
2026-07-20 18:59:07 - URL hiện tại của trình duyệt (chờ /project/): https://labs.google/fx/vi/tools/flow
2026-07-20 18:59:07 - URL hiện tại của trình duyệt (chờ /project/): https://labs.google/fx/vi/tools/flow
2026-07-20 18:59:08 - URL hiện tại của trình duyệt (chờ /project/): https://labs.google/fx/vi/tools/flow
2026-07-20 18:59:08 - URL hiện tại của trình duyệt (chờ /project/): https://labs.google/fx/vi/tools/flow
2026-07-20 18:59:09 - Timeout chờ chuyển hướng sang /project/. URL hiện tại: https://labs.google/fx/vi/tools/flow
2026-07-20 19:00:01 - Phát hiện link dự án cũ đã lưu: https://labs.google/fx/vi/tools/flow/project/61b83cbb-f0c2-4ce7-b12c-414da3808f17. Tiến hành mở dự án này...
2026-07-20 19:00:02 - Bắt đầu mở trang Google Flow: https://labs.google/fx/vi/tools/flow/project/61b83cbb-f0c2-4ce7-b12c-414da3808f17
2026-07-20 19:00:02 - Đang chờ trình duyệt tải xong trang Google Flow...
2026-07-20 19:00:02 - URL hiện tại của trình duyệt (chờ load): https://labs.google/fx/vi/tools/flow/project/61b83cbb-f0c2-4ce7-b12c-414da3808f17
2026-07-20 19:00:04 - Bắt đầu kiểm tra trạng thái đăng nhập...
2026-07-20 19:00:04 - URL sau khi kiểm tra redirect login: https://labs.google/fx/vi/tools/flow/project/61b83cbb-f0c2-4ce7-b12c-414da3808f17
2026-07-20 19:00:04 - Đăng nhập thành công. Đang đóng welcome overlays nếu có...
2026-07-20 19:00:05 - Xác minh dự án cũ có hoạt động bình thường không...
2026-07-20 19:00:05 - Dự án cũ hoạt động bình thường! Tiếp tục sử dụng.
2026-07-20 19:00:05 - Đã vào dự án thành công!
2026-07-20 19:00:05 - Bắt đầu quét tìm ô PromptInput...
2026-07-20 19:00:05 - Đã tìm thấy PromptInput! HTML snippet: <div role="textbox" aria-multiline="true" spellcheck="false" class="sc-a8ba1f43-0 djaQmW sc-26b30722-6 jwWpiy" data-slate-editor="true" data-slate-node="value" contenteditable="true" zindex="-1" style...
2026-07-20 19:00:05 - Kiểm tra trạng thái nút Tác nhân (Agent)...
2026-07-20 19:00:11 - Không tìm thấy nút Tác nhân (Agent) trên giao diện hoặc gặp lỗi: context deadline exceeded
2026-07-20 19:00:11 - Bắt đầu cấu hình cài đặt tác nhân (Model: Nano Banana Pro, Aspect: 9:16, Batch: 4x)...
2026-07-20 19:00:11 - NÚT CẤU HÌNH ĐƯỢC TÌM THẤY: ID=0x39523b54d0f0, Text=settings_2
Cài đặt chế độ xem
2026-07-20 19:00:11 - Mở popover cấu hình bằng cách click nút cài đặt (JS)...
2026-07-20 19:00:14 - Cấu hình loại media tab: IMAGE
2026-07-20 19:00:14 - DUMP BUTTONS BEFORE CONFIG: [map[ariaHasPopup: ariaLabel: class:sc-e8425ea6-0 hOBPaw sc-d3791a4f-0 sc-d3791a4f-4 sc-7cbbf1fc-2 ewGlDn famhRe jjdvrX id: text:arrow_backQuay lại title: visible:true] map[ariaHasPopup:menu ariaLabel: class:sc-e8425ea6-0 hOBPaw sc-d3791a4f-0 sc-d3791a4f-4 sc-26aa1721-3 ewGlDn famhRe dUDRen id:radix-:r3: text:more_vertTuỳ chọn khác title: visible:true] map[ariaHasPopup: ariaLabel: class:sc-e8425ea6-0 hOBPaw sc-d3791a4f-0 sc-d3791a4f-4 sc-eed1ec57-2 ewGlDn famhRe jceYol id: text:searchTìm kiếm title: visible:true] map[ariaHasPopup:menu ariaLabel: class:sc-16c4830a-1 dnFqQq sc-e7a64add-0 sc-e7a64add-2 fPutAP blvbdy sc-98525c58-8 iQjEOG id:radix-:r5: text:filter_listSắp xếp và lọc title: visible:true] map[ariaHasPopup:menu ariaLabel: class:sc-e8425ea6-0 hOBPaw sc-d3791a4f-0 sc-d3791a4f-4 sc-5c4c0aea-1 ewGlDn famhRe eqhuae id:radix-:r7: text:addThêm nội dung nghe nhìn title: visible:true] map[ariaHasPopup: ariaLabel: class:sc-e8425ea6-0 hOBPaw sc-d3791a4f-0 sc-d3791a4f-4 sc-51397942-2 ewGlDn famhRe kCsEmL id: text:helpTrợ giúp về sản phẩm title: visible:true] map[ariaHasPopup:menu ariaLabel: class:sc-e8425ea6-0 hOBPaw sc-d3791a4f-0 sc-d3791a4f-4 sc-a4925f7f-6 ewGlDn famhRe gdBgFb id:radix-:rb: text:settings_2Cài đặt chế độ xem title: visible:true] map[ariaHasPopup:menu ariaLabel: class:sc-e8425ea6-0 hOBPaw sc-d3791a4f-0 sc-d3791a4f-4 sc-4fec6fdf-1 ewGlDn famhRe lokAjc id:radix-:re: text:more_vertKhác title: visible:true] map[ariaHasPopup: ariaLabel: class:sc-a14123c8-0 iNGyoc id: text:ULTRA title: visible:true] map[ariaHasPopup: ariaLabel: class:sc-e8425ea6-0 hOBPaw sc-d3791a4f-0 sc-d3791a4f-5 sc-3ce961f7-0 sc-7e7bc024-0 ewGlDn lnCuH fqbaql jcMEtI id: text:dashboardTất cả nội dung nghe nhìn title: visible:true] map[ariaHasPopup: ariaLabel: class:sc-e8425ea6-0 hOBPaw sc-d3791a4f-0 sc-d3791a4f-5 sc-3ce961f7-0 ewGlDn hGbzYr fqbaql id: text:imageXem hình ảnh title: visible:true] map[ariaHasPopup: ariaLabel: class:sc-e8425ea6-0 hOBPaw sc-d3791a4f-0 sc-d3791a4f-5 sc-3ce961f7-0 ewGlDn hGbzYr fqbaql id: text:accessibility_newNhân vật title: visible:true] map[ariaHasPopup: ariaLabel: class:sc-e8425ea6-0 hOBPaw sc-d3791a4f-0 sc-d3791a4f-5 sc-3ce961f7-0 ewGlDn hGbzYr fqbaql id: text:movieXem các cảnh title: visible:true] map[ariaHasPopup: ariaLabel: class:sc-e8425ea6-0 hOBPaw sc-d3791a4f-0 sc-d3791a4f-5 sc-3ce961f7-0 ewGlDn hGbzYr fqbaql id: text:apps_spark_2Công cụ title: visible:true] map[ariaHasPopup: ariaLabel: class:sc-e8425ea6-0 hOBPaw sc-d3791a4f-0 sc-d3791a4f-5 sc-3ce961f7-0 ewGlDn hGbzYr fqbaql id: text:deleteXem thùng rác title: visible:true] map[ariaHasPopup: ariaLabel: class:sc-e8425ea6-0 hOBPaw sc-d3791a4f-0 sc-d3791a4f-5 sc-3ce961f7-0 ewGlDn hGbzYr fqbaql id: text:left_panel_closeThu gọn title: visible:true] map[ariaHasPopup: ariaLabel: class:sc-e8425ea6-0 hOBPaw sc-d3791a4f-0 sc-d3791a4f-4 sc-d3791a4f-6 sc-afb29c84-2 ewGlDn famhRe kkTxKe glBdvh id: text:favoriteYêu thích title: visible:true] map[ariaHasPopup: ariaLabel: class:sc-e8425ea6-0 hOBPaw sc-d3791a4f-0 sc-d3791a4f-4 sc-d3791a4f-6 sc-afb29c84-2 sc-afb29c84-3 ewGlDn famhRe kkTxKe glBdvh eWyBjA id: text:redoSử dụng lại câu lệnh title: visible:true] map[ariaHasPopup:menu ariaLabel: class:sc-e8425ea6-0 hOBPaw sc-d3791a4f-0 sc-d3791a4f-4 sc-d3791a4f-6 sc-afb29c84-2 ewGlDn famhRe kkTxKe glBdvh id:radix-:r22: text:more_vertKhác title: visible:true] map[ariaHasPopup:dialog ariaLabel: class:sc-e8425ea6-0 hOBPaw sc-d3791a4f-0 sc-d3791a4f-4 sc-253cad92-0 ewGlDn famhRe joSmHx id: text:add_2Tạo title: visible:true] map[ariaHasPopup: ariaLabel: class:sc-59223abb-3 bdRbOx id: text:Tác nhân title: visible:true] map[ariaHasPopup: ariaLabel: class:sc-e8425ea6-0 hOBPaw sc-d3791a4f-0 sc-d3791a4f-4 sc-c4e423a0-1 sc-c4e423a0-2 ewGlDn famhRe kOxyKx id: text:article_sparkHướng dẫn cho tác nhân title: visible:true] map[ariaHasPopup: ariaLabel: class:sc-e8425ea6-0 hOBPaw sc-d3791a4f-0 sc-d3791a4f-4 sc-c4e423a0-1 ewGlDn famhRe kOxyKx id: text:tuneCài đặt title: visible:true] map[ariaHasPopup: ariaLabel: class:sc-e8425ea6-0 hOBPaw sc-d3791a4f-0 sc-d3791a4f-4 sc-26b30722-5 ewGlDn famhRe jDvIwb id: text:arrow_forwardTạo title: visible:true] map[ariaHasPopup: ariaLabel: class:sc-e8425ea6-0 hOBPaw sc-d3791a4f-0 sc-d3791a4f-4 sc-c4e423a0-3 ewGlDn famhRe ewxUEp id: text:expand_contentMở rộng title: visible:true]]
2026-07-20 19:00:19 - Không cấu hình được media tab: context canceled
2026-07-20 19:00:19 - Cấu hình tỷ lệ khung hình: 9:16
2026-07-20 19:00:19 - Không cấu hình được tỷ lệ khung hình: context canceled
2026-07-20 19:00:19 - Cấu hình số lượng (batch size): 4x
2026-07-20 19:00:19 - Không cấu hình được số lượng batch size: context canceled
2026-07-20 19:00:19 - Cấu hình Model: Nano Banana Pro
2026-07-20 19:00:19 - Không tìm thấy nút dropdown chọn Model trong popover: context canceled
2026-07-20 19:00:19 - Đóng hộp thoại cấu hình tác nhân bằng cách hover và click vào ô nhập prompt...
2026-07-20 19:00:20 - Đã hover và click vào ô nhập prompt thành công.
2026-07-20 19:00:20 - URL nhóm ảnh cuối cùng trước khi tạo: []
2026-07-20 19:00:53 - Phát hiện link dự án cũ đã lưu: https://labs.google/fx/vi/tools/flow/project/61b83cbb-f0c2-4ce7-b12c-414da3808f17. Tiến hành mở dự án này...
2026-07-20 19:00:53 - Bắt đầu mở trang Google Flow: https://labs.google/fx/vi/tools/flow/project/61b83cbb-f0c2-4ce7-b12c-414da3808f17
2026-07-20 19:00:54 - Đang chờ trình duyệt tải xong trang Google Flow...
2026-07-20 19:00:54 - URL hiện tại của trình duyệt (chờ load): 
2026-07-20 19:00:54 - URL hiện tại của trình duyệt (chờ load): https://labs.google/fx/vi/tools/flow/project/61b83cbb-f0c2-4ce7-b12c-414da3808f17
2026-07-20 19:00:57 - Bắt đầu kiểm tra trạng thái đăng nhập...
2026-07-20 19:00:57 - URL sau khi kiểm tra redirect login: https://labs.google/fx/vi/tools/flow/project/61b83cbb-f0c2-4ce7-b12c-414da3808f17
2026-07-20 19:00:57 - Đăng nhập thành công. Đang đóng welcome overlays nếu có...
2026-07-20 19:00:57 - Xác minh dự án cũ có hoạt động bình thường không...
2026-07-20 19:00:57 - Dự án cũ hoạt động bình thường! Tiếp tục sử dụng.
2026-07-20 19:00:57 - Đã vào dự án thành công!
2026-07-20 19:00:57 - Bắt đầu quét tìm ô PromptInput...
2026-07-20 19:00:57 - Đã tìm thấy PromptInput! HTML snippet: <div role="textbox" aria-multiline="true" spellcheck="false" class="sc-a8ba1f43-0 djaQmW sc-26b30722-6 jwWpiy" data-slate-editor="true" data-slate-node="value" contenteditable="true" zindex="-1" style...
2026-07-20 19:00:57 - Kiểm tra trạng thái nút Tác nhân (Agent)...
2026-07-20 19:00:57 - Đã tìm thấy nút Tác nhân! HTML: <button type="button" aria-pressed="true" class="sc-59223abb-3 bdRbOx"><div class="sc-59223abb-2 kLZsnZ"><div class="sc-59223abb-0 kIwoAm"></div><div class="sc-59223abb-0 hYlLce"></div><div class="sc-59223abb-1 dJqkeL"></div><span class="content">Tác nhân</span></div></button>
2026-07-20 19:00:57 - Nút Tác nhân đang hoạt động (phát hiện ở vòng lặp 1, aria-pressed=true).
2026-07-20 19:00:57 - Tiến hành click để TẮT nút Tác nhân...
2026-07-20 19:00:59 - CẢNH BÁO: Đã click nhưng nút Tác nhân vẫn BẬT! Thử click lại lần 2...
2026-07-20 19:01:00 - LỖI: Không thể tắt nút Tác nhân.
2026-07-20 19:01:00 - Bắt đầu cấu hình cài đặt tác nhân (Model: Nano Banana Pro, Aspect: 9:16, Batch: 4x)...
2026-07-20 19:01:00 - NÚT CẤU HÌNH ĐƯỢC TÌM THẤY: ID=0x41da0382f90, Text=settings_2
Cài đặt chế độ xem
2026-07-20 19:01:00 - Mở popover cấu hình bằng cách click nút cài đặt (JS)...
2026-07-20 19:01:03 - Cấu hình loại media tab: IMAGE
2026-07-20 19:01:03 - DUMP BUTTONS BEFORE CONFIG: [map[ariaHasPopup: ariaLabel: class:sc-e8425ea6-0 hOBPaw sc-d3791a4f-0 sc-d3791a4f-4 sc-7cbbf1fc-2 ewGlDn famhRe jjdvrX id: text:arrow_backQuay lại title: visible:true] map[ariaHasPopup:menu ariaLabel: class:sc-e8425ea6-0 hOBPaw sc-d3791a4f-0 sc-d3791a4f-4 sc-26aa1721-3 ewGlDn famhRe dUDRen id:radix-:r3: text:more_vertTuỳ chọn khác title: visible:true] map[ariaHasPopup: ariaLabel: class:sc-e8425ea6-0 hOBPaw sc-d3791a4f-0 sc-d3791a4f-4 sc-eed1ec57-2 ewGlDn famhRe jceYol id: text:searchTìm kiếm title: visible:true] map[ariaHasPopup:menu ariaLabel: class:sc-16c4830a-1 dnFqQq sc-e7a64add-0 sc-e7a64add-2 fPutAP blvbdy sc-98525c58-8 iQjEOG id:radix-:r5: text:filter_listSắp xếp và lọc title: visible:true] map[ariaHasPopup:menu ariaLabel: class:sc-e8425ea6-0 hOBPaw sc-d3791a4f-0 sc-d3791a4f-4 sc-5c4c0aea-1 ewGlDn famhRe eqhuae id:radix-:r7: text:addThêm nội dung nghe nhìn title: visible:true] map[ariaHasPopup: ariaLabel: class:sc-e8425ea6-0 hOBPaw sc-d3791a4f-0 sc-d3791a4f-4 sc-51397942-2 ewGlDn famhRe kCsEmL id: text:helpTrợ giúp về sản phẩm title: visible:true] map[ariaHasPopup:menu ariaLabel: class:sc-e8425ea6-0 hOBPaw sc-d3791a4f-0 sc-d3791a4f-4 sc-a4925f7f-6 ewGlDn famhRe gdBgFb id:radix-:rb: text:settings_2Cài đặt chế độ xem title: visible:true] map[ariaHasPopup:menu ariaLabel: class:sc-e8425ea6-0 hOBPaw sc-d3791a4f-0 sc-d3791a4f-4 sc-4fec6fdf-1 ewGlDn famhRe lokAjc id:radix-:re: text:more_vertKhác title: visible:true] map[ariaHasPopup: ariaLabel: class:sc-a14123c8-0 iNGyoc id: text:ULTRA title: visible:true] map[ariaHasPopup: ariaLabel: class:sc-e8425ea6-0 hOBPaw sc-d3791a4f-0 sc-d3791a4f-5 sc-3ce961f7-0 sc-7e7bc024-0 ewGlDn lnCuH fqbaql jcMEtI id: text:dashboardTất cả nội dung nghe nhìn title: visible:true] map[ariaHasPopup: ariaLabel: class:sc-e8425ea6-0 hOBPaw sc-d3791a4f-0 sc-d3791a4f-5 sc-3ce961f7-0 ewGlDn hGbzYr fqbaql id: text:imageXem hình ảnh title: visible:true] map[ariaHasPopup: ariaLabel: class:sc-e8425ea6-0 hOBPaw sc-d3791a4f-0 sc-d3791a4f-5 sc-3ce961f7-0 ewGlDn hGbzYr fqbaql id: text:accessibility_newNhân vật title: visible:true] map[ariaHasPopup: ariaLabel: class:sc-e8425ea6-0 hOBPaw sc-d3791a4f-0 sc-d3791a4f-5 sc-3ce961f7-0 ewGlDn hGbzYr fqbaql id: text:movieXem các cảnh title: visible:true] map[ariaHasPopup: ariaLabel: class:sc-e8425ea6-0 hOBPaw sc-d3791a4f-0 sc-d3791a4f-5 sc-3ce961f7-0 ewGlDn hGbzYr fqbaql id: text:apps_spark_2Công cụ title: visible:true] map[ariaHasPopup: ariaLabel: class:sc-e8425ea6-0 hOBPaw sc-d3791a4f-0 sc-d3791a4f-5 sc-3ce961f7-0 ewGlDn hGbzYr fqbaql id: text:deleteXem thùng rác title: visible:true] map[ariaHasPopup: ariaLabel: class:sc-e8425ea6-0 hOBPaw sc-d3791a4f-0 sc-d3791a4f-5 sc-3ce961f7-0 ewGlDn hGbzYr fqbaql id: text:left_panel_closeThu gọn title: visible:true] map[ariaHasPopup:dialog ariaLabel: class:sc-e8425ea6-0 hOBPaw sc-d3791a4f-0 sc-d3791a4f-4 sc-253cad92-0 ewGlDn famhRe joSmHx id: text:add_2Tạo title: visible:true] map[ariaHasPopup: ariaLabel: class:sc-59223abb-3 dmZGYv id: text:Tác nhân title: visible:true] map[ariaHasPopup:menu ariaLabel: class:sc-16c4830a-1 dnFqQq sc-e7a64add-0 sc-e7a64add-1 fPutAP jmLZrS sc-93abd9dc-1 ldbhld id:radix-:r1s: text:🍌 Nano Banana 2crop_16_9x2 title: visible:true] map[ariaHasPopup: ariaLabel: class:sc-e8425ea6-0 hOBPaw sc-d3791a4f-0 sc-d3791a4f-4 sc-26b30722-5 ewGlDn famhRe jDvIwb id: text:arrow_forwardTạo title: visible:true]]
2026-07-20 19:01:09 - Không cấu hình được media tab: context deadline exceeded
2026-07-20 19:01:09 - Cấu hình tỷ lệ khung hình: 9:16
2026-07-20 19:01:14 - Không cấu hình được tỷ lệ khung hình: context canceled
2026-07-20 19:01:14 - Cấu hình số lượng (batch size): 4x
2026-07-20 19:01:14 - Không cấu hình được số lượng batch size: context canceled
2026-07-20 19:01:14 - Cấu hình Model: Nano Banana Pro
2026-07-20 19:01:14 - Không tìm thấy nút dropdown chọn Model trong popover: context canceled
2026-07-20 19:01:14 - Đóng hộp thoại cấu hình tác nhân bằng cách hover và click vào ô nhập prompt...
2026-07-20 19:01:16 - Đã hover và click vào ô nhập prompt thành công.
2026-07-20 19:01:16 - URL nhóm ảnh cuối cùng trước khi tạo: []
2026-07-20 19:03:02 - Phát hiện link dự án cũ đã lưu: https://labs.google/fx/vi/tools/flow/project/61b83cbb-f0c2-4ce7-b12c-414da3808f17. Tiến hành mở dự án này...
2026-07-20 19:03:02 - Bắt đầu mở trang Google Flow: https://labs.google/fx/vi/tools/flow/project/61b83cbb-f0c2-4ce7-b12c-414da3808f17
2026-07-20 19:03:03 - Đang chờ trình duyệt tải xong trang Google Flow...
2026-07-20 19:03:03 - URL hiện tại của trình duyệt (chờ load): 
2026-07-20 19:03:03 - URL hiện tại của trình duyệt (chờ load): https://labs.google/fx/vi/tools/flow/project/61b83cbb-f0c2-4ce7-b12c-414da3808f17
2026-07-20 19:03:06 - Bắt đầu kiểm tra trạng thái đăng nhập...
2026-07-20 19:03:06 - URL sau khi kiểm tra redirect login: https://labs.google/fx/vi/tools/flow/project/61b83cbb-f0c2-4ce7-b12c-414da3808f17
2026-07-20 19:03:06 - Đăng nhập thành công. Đang đóng welcome overlays nếu có...
2026-07-20 19:03:06 - Xác minh dự án cũ có hoạt động bình thường không...
2026-07-20 19:03:06 - Dự án cũ hoạt động bình thường! Tiếp tục sử dụng.
2026-07-20 19:03:06 - Đã vào dự án thành công!
2026-07-20 19:03:06 - Bắt đầu quét tìm ô PromptInput...
2026-07-20 19:03:06 - Đã tìm thấy PromptInput! HTML snippet: <div role="textbox" aria-multiline="true" spellcheck="false" class="sc-a8ba1f43-0 djaQmW sc-26b30722-6 jwWpiy" data-slate-editor="true" data-slate-node="value" contenteditable="true" zindex="-1" style...
2026-07-20 19:03:06 - Kiểm tra trạng thái nút Tác nhân (Agent)...
2026-07-20 19:03:06 - Đã tìm thấy nút Tác nhân! HTML: <button type="button" aria-pressed="false" class="sc-59223abb-3 dmZGYv"><div class="sc-59223abb-2 jGESqS"><span class="content">Tác nhân</span></div></button>
2026-07-20 19:03:10 - Nút Tác nhân đã ở trạng thái TẮT (aria-pressed=false) sau khi đã chờ React load. Bỏ qua.
2026-07-20 19:03:10 - Bắt đầu cấu hình cài đặt tác nhân (Model: Nano Banana Pro, Aspect: 9:16, Batch: 4x)...
2026-07-20 19:03:10 - NÚT CẤU HÌNH ĐƯỢC TÌM THẤY: ID=0x1f8f8e4d69d0, Text=settings_2
Cài đặt chế độ xem
2026-07-20 19:03:10 - Mở popover cấu hình bằng cách click nút cài đặt (JS)...
2026-07-20 19:03:13 - Cấu hình loại media tab: IMAGE
2026-07-20 19:03:13 - DUMP BUTTONS BEFORE CONFIG: [map[ariaHasPopup: ariaLabel: class:sc-e8425ea6-0 hOBPaw sc-d3791a4f-0 sc-d3791a4f-4 sc-7cbbf1fc-2 ewGlDn famhRe jjdvrX id: text:arrow_backQuay lại title: visible:true] map[ariaHasPopup:menu ariaLabel: class:sc-e8425ea6-0 hOBPaw sc-d3791a4f-0 sc-d3791a4f-4 sc-26aa1721-3 ewGlDn famhRe dUDRen id:radix-:r3: text:more_vertTuỳ chọn khác title: visible:true] map[ariaHasPopup: ariaLabel: class:sc-e8425ea6-0 hOBPaw sc-d3791a4f-0 sc-d3791a4f-4 sc-eed1ec57-2 ewGlDn famhRe jceYol id: text:searchTìm kiếm title: visible:true] map[ariaHasPopup:menu ariaLabel: class:sc-16c4830a-1 dnFqQq sc-e7a64add-0 sc-e7a64add-2 fPutAP blvbdy sc-98525c58-8 iQjEOG id:radix-:r5: text:filter_listSắp xếp và lọc title: visible:true] map[ariaHasPopup:menu ariaLabel: class:sc-e8425ea6-0 hOBPaw sc-d3791a4f-0 sc-d3791a4f-4 sc-5c4c0aea-1 ewGlDn famhRe eqhuae id:radix-:r7: text:addThêm nội dung nghe nhìn title: visible:true] map[ariaHasPopup: ariaLabel: class:sc-e8425ea6-0 hOBPaw sc-d3791a4f-0 sc-d3791a4f-4 sc-51397942-2 ewGlDn famhRe kCsEmL id: text:helpTrợ giúp về sản phẩm title: visible:true] map[ariaHasPopup:menu ariaLabel: class:sc-e8425ea6-0 hOBPaw sc-d3791a4f-0 sc-d3791a4f-4 sc-a4925f7f-6 ewGlDn famhRe gdBgFb id:radix-:rb: text:settings_2Cài đặt chế độ xem title: visible:true] map[ariaHasPopup:menu ariaLabel: class:sc-e8425ea6-0 hOBPaw sc-d3791a4f-0 sc-d3791a4f-4 sc-4fec6fdf-1 ewGlDn famhRe lokAjc id:radix-:re: text:more_vertKhác title: visible:true] map[ariaHasPopup: ariaLabel: class:sc-a14123c8-0 iNGyoc id: text:ULTRA title: visible:true] map[ariaHasPopup: ariaLabel: class:sc-e8425ea6-0 hOBPaw sc-d3791a4f-0 sc-d3791a4f-5 sc-3ce961f7-0 sc-7e7bc024-0 ewGlDn lnCuH fqbaql jcMEtI id: text:dashboardTất cả nội dung nghe nhìn title: visible:true] map[ariaHasPopup: ariaLabel: class:sc-e8425ea6-0 hOBPaw sc-d3791a4f-0 sc-d3791a4f-5 sc-3ce961f7-0 ewGlDn hGbzYr fqbaql id: text:imageXem hình ảnh title: visible:true] map[ariaHasPopup: ariaLabel: class:sc-e8425ea6-0 hOBPaw sc-d3791a4f-0 sc-d3791a4f-5 sc-3ce961f7-0 ewGlDn hGbzYr fqbaql id: text:accessibility_newNhân vật title: visible:true] map[ariaHasPopup: ariaLabel: class:sc-e8425ea6-0 hOBPaw sc-d3791a4f-0 sc-d3791a4f-5 sc-3ce961f7-0 ewGlDn hGbzYr fqbaql id: text:movieXem các cảnh title: visible:true] map[ariaHasPopup: ariaLabel: class:sc-e8425ea6-0 hOBPaw sc-d3791a4f-0 sc-d3791a4f-5 sc-3ce961f7-0 ewGlDn hGbzYr fqbaql id: text:apps_spark_2Công cụ title: visible:true] map[ariaHasPopup: ariaLabel: class:sc-e8425ea6-0 hOBPaw sc-d3791a4f-0 sc-d3791a4f-5 sc-3ce961f7-0 ewGlDn hGbzYr fqbaql id: text:deleteXem thùng rác title: visible:true] map[ariaHasPopup: ariaLabel: class:sc-e8425ea6-0 hOBPaw sc-d3791a4f-0 sc-d3791a4f-5 sc-3ce961f7-0 ewGlDn hGbzYr fqbaql id: text:left_panel_closeThu gọn title: visible:true] map[ariaHasPopup:dialog ariaLabel: class:sc-e8425ea6-0 hOBPaw sc-d3791a4f-0 sc-d3791a4f-4 sc-253cad92-0 ewGlDn famhRe joSmHx id: text:add_2Tạo title: visible:true] map[ariaHasPopup: ariaLabel: class:sc-59223abb-3 dmZGYv id: text:Tác nhân title: visible:true] map[ariaHasPopup:menu ariaLabel: class:sc-16c4830a-1 dnFqQq sc-e7a64add-0 sc-e7a64add-1 fPutAP jmLZrS sc-93abd9dc-1 ldbhld id:radix-:rn: text:🍌 Nano Banana 2crop_16_9x2 title: visible:true] map[ariaHasPopup: ariaLabel: class:sc-e8425ea6-0 hOBPaw sc-d3791a4f-0 sc-d3791a4f-4 sc-26b30722-5 ewGlDn famhRe jDvIwb id: text:arrow_forwardTạo title: visible:true]]
2026-07-20 19:03:19 - Không cấu hình được media tab: context deadline exceeded
2026-07-20 19:03:19 - Cấu hình tỷ lệ khung hình: 9:16
2026-07-20 19:03:25 - Không cấu hình được tỷ lệ khung hình: context deadline exceeded
2026-07-20 19:03:25 - Cấu hình số lượng (batch size): 4x
2026-07-20 19:03:31 - Không cấu hình được số lượng batch size: context deadline exceeded
2026-07-20 19:03:31 - Cấu hình Model: Nano Banana Pro
2026-07-20 19:03:37 - Không tìm thấy nút dropdown chọn Model trong popover: context deadline exceeded
2026-07-20 19:03:37 - Đóng hộp thoại cấu hình tác nhân bằng cách hover và click vào ô nhập prompt...
2026-07-20 19:03:42 - Đã hover và click vào ô nhập prompt thành công.
2026-07-20 19:03:42 - URL nhóm ảnh cuối cùng trước khi tạo: []
2026-07-20 19:03:44 - Bắt đầu thực hiện gửi prompt...
2026-07-20 19:03:44 - Thử gửi bằng phím Enter ảo...
2026-07-20 19:03:45 - Thử gửi bằng sự kiện keydown Enter (JS)...
2026-07-20 19:03:45 - Lỗi dispatch event Enter: eval js error: TypeError: Cannot read properties of undefined (reading 'dispatchEvent')
    at HTMLDivElement.<anonymous> (<anonymous>:10:8)
    at HTMLDivElement.<anonymous> (<anonymous>:11:7) <nil>
2026-07-20 19:03:47 - Bắt đầu quét tìm nút gửi bằng JS...
2026-07-20 19:03:47 - Phương án quét JS thất bại. Thử dùng danh sách Selectors dự phòng...
2026-07-20 19:06:04 - Phát hiện link dự án cũ đã lưu: https://labs.google/fx/vi/tools/flow/project/61b83cbb-f0c2-4ce7-b12c-414da3808f17. Tiến hành mở dự án này...
2026-07-20 19:06:04 - Bắt đầu mở trang Google Flow: https://labs.google/fx/vi/tools/flow/project/61b83cbb-f0c2-4ce7-b12c-414da3808f17
2026-07-20 19:06:05 - Đang chờ trình duyệt tải xong trang Google Flow...
2026-07-20 19:06:05 - URL hiện tại của trình duyệt (chờ load): 
2026-07-20 19:06:05 - URL hiện tại của trình duyệt (chờ load): https://labs.google/fx/vi/tools/flow/project/61b83cbb-f0c2-4ce7-b12c-414da3808f17
2026-07-20 19:06:07 - Bắt đầu kiểm tra trạng thái đăng nhập...
2026-07-20 19:06:07 - URL sau khi kiểm tra redirect login: https://labs.google/fx/vi/tools/flow/project/61b83cbb-f0c2-4ce7-b12c-414da3808f17
2026-07-20 19:06:07 - Đăng nhập thành công. Đang đóng welcome overlays nếu có...
2026-07-20 19:06:08 - Xác minh dự án cũ có hoạt động bình thường không...
2026-07-20 19:06:08 - Dự án cũ hoạt động bình thường! Tiếp tục sử dụng.
2026-07-20 19:06:08 - Đã vào dự án thành công!
2026-07-20 19:06:08 - Bắt đầu quét tìm ô PromptInput...
2026-07-20 19:06:08 - Đã tìm thấy PromptInput! HTML snippet: <div role="textbox" aria-multiline="true" spellcheck="false" class="sc-a8ba1f43-0 djaQmW sc-26b30722-6 jwWpiy" data-slate-editor="true" data-slate-node="value" contenteditable="true" zindex="-1" style...
2026-07-20 19:06:08 - Kiểm tra trạng thái nút Tác nhân (Agent)...
2026-07-20 19:06:08 - Đã tìm thấy nút Tác nhân! HTML: <button type="button" aria-pressed="false" class="sc-59223abb-3 dmZGYv"><div class="sc-59223abb-2 jGESqS"><span class="content">Tác nhân</span></div></button>
2026-07-20 19:06:12 - Nút Tác nhân đã ở trạng thái TẮT (aria-pressed=false) sau khi đã chờ React load. Bỏ qua.
2026-07-20 19:06:12 - Bắt đầu cấu hình cài đặt tác nhân (Model: Nano Banana Pro, Aspect: 9:16, Batch: 4x)...
2026-07-20 19:06:12 - NÚT CẤU HÌNH ĐƯỢC TÌM THẤY: ID=0x1b6b2a8c1d0, Text=🍌 Nano Banana 2
crop_16_9
x2
2026-07-20 19:06:12 - Mở popover cấu hình bằng cách click nút cài đặt (JS)...
2026-07-20 19:06:15 - Cấu hình loại media tab: IMAGE
2026-07-20 19:06:15 - DUMP BUTTONS BEFORE CONFIG: [map[ariaHasPopup: ariaLabel: class:sc-e8425ea6-0 hOBPaw sc-d3791a4f-0 sc-d3791a4f-4 sc-7cbbf1fc-2 ewGlDn famhRe jjdvrX id: text:arrow_backQuay lại title: visible:true] map[ariaHasPopup:menu ariaLabel: class:sc-e8425ea6-0 hOBPaw sc-d3791a4f-0 sc-d3791a4f-4 sc-26aa1721-3 ewGlDn famhRe dUDRen id:radix-:r3: text:more_vertTuỳ chọn khác title: visible:true] map[ariaHasPopup: ariaLabel: class:sc-e8425ea6-0 hOBPaw sc-d3791a4f-0 sc-d3791a4f-4 sc-eed1ec57-2 ewGlDn famhRe jceYol id: text:searchTìm kiếm title: visible:true] map[ariaHasPopup:menu ariaLabel: class:sc-16c4830a-1 dnFqQq sc-e7a64add-0 sc-e7a64add-2 fPutAP blvbdy sc-98525c58-8 iQjEOG id:radix-:r5: text:filter_listSắp xếp và lọc title: visible:true] map[ariaHasPopup:menu ariaLabel: class:sc-e8425ea6-0 hOBPaw sc-d3791a4f-0 sc-d3791a4f-4 sc-5c4c0aea-1 ewGlDn famhRe eqhuae id:radix-:r7: text:addThêm nội dung nghe nhìn title: visible:true] map[ariaHasPopup: ariaLabel: class:sc-e8425ea6-0 hOBPaw sc-d3791a4f-0 sc-d3791a4f-4 sc-51397942-2 ewGlDn famhRe kCsEmL id: text:helpTrợ giúp về sản phẩm title: visible:true] map[ariaHasPopup:menu ariaLabel: class:sc-e8425ea6-0 hOBPaw sc-d3791a4f-0 sc-d3791a4f-4 sc-a4925f7f-6 ewGlDn famhRe gdBgFb id:radix-:rb: text:settings_2Cài đặt chế độ xem title: visible:true] map[ariaHasPopup:menu ariaLabel: class:sc-e8425ea6-0 hOBPaw sc-d3791a4f-0 sc-d3791a4f-4 sc-4fec6fdf-1 ewGlDn famhRe lokAjc id:radix-:re: text:more_vertKhác title: visible:true] map[ariaHasPopup: ariaLabel: class:sc-a14123c8-0 iNGyoc id: text:ULTRA title: visible:true] map[ariaHasPopup: ariaLabel: class:sc-e8425ea6-0 hOBPaw sc-d3791a4f-0 sc-d3791a4f-5 sc-3ce961f7-0 sc-7e7bc024-0 ewGlDn lnCuH fqbaql jcMEtI id: text:dashboardTất cả nội dung nghe nhìn title: visible:true] map[ariaHasPopup: ariaLabel: class:sc-e8425ea6-0 hOBPaw sc-d3791a4f-0 sc-d3791a4f-5 sc-3ce961f7-0 ewGlDn hGbzYr fqbaql id: text:imageXem hình ảnh title: visible:true] map[ariaHasPopup: ariaLabel: class:sc-e8425ea6-0 hOBPaw sc-d3791a4f-0 sc-d3791a4f-5 sc-3ce961f7-0 ewGlDn hGbzYr fqbaql id: text:accessibility_newNhân vật title: visible:true] map[ariaHasPopup: ariaLabel: class:sc-e8425ea6-0 hOBPaw sc-d3791a4f-0 sc-d3791a4f-5 sc-3ce961f7-0 ewGlDn hGbzYr fqbaql id: text:movieXem các cảnh title: visible:true] map[ariaHasPopup: ariaLabel: class:sc-e8425ea6-0 hOBPaw sc-d3791a4f-0 sc-d3791a4f-5 sc-3ce961f7-0 ewGlDn hGbzYr fqbaql id: text:apps_spark_2Công cụ title: visible:true] map[ariaHasPopup: ariaLabel: class:sc-e8425ea6-0 hOBPaw sc-d3791a4f-0 sc-d3791a4f-5 sc-3ce961f7-0 ewGlDn hGbzYr fqbaql id: text:deleteXem thùng rác title: visible:true] map[ariaHasPopup: ariaLabel: class:sc-e8425ea6-0 hOBPaw sc-d3791a4f-0 sc-d3791a4f-5 sc-3ce961f7-0 ewGlDn hGbzYr fqbaql id: text:left_panel_closeThu gọn title: visible:true] map[ariaHasPopup:dialog ariaLabel: class:sc-e8425ea6-0 hOBPaw sc-d3791a4f-0 sc-d3791a4f-4 sc-253cad92-0 ewGlDn famhRe joSmHx id: text:add_2Tạo title: visible:true] map[ariaHasPopup: ariaLabel: class:sc-59223abb-3 dmZGYv id: text:Tác nhân title: visible:true] map[ariaHasPopup:menu ariaLabel: class:sc-16c4830a-1 dnFqQq sc-e7a64add-0 sc-e7a64add-1 fPutAP jmLZrS sc-93abd9dc-1 ldbhld id:radix-:rn: text:🍌 Nano Banana 2crop_16_9x2 title: visible:true] map[ariaHasPopup: ariaLabel: class:sc-e8425ea6-0 hOBPaw sc-d3791a4f-0 sc-d3791a4f-4 sc-26b30722-5 ewGlDn famhRe jDvIwb id: text:arrow_forwardTạo title: visible:true]]
2026-07-20 19:06:21 - Không cấu hình được media tab: context deadline exceeded
2026-07-20 19:06:21 - Cấu hình tỷ lệ khung hình: 9:16
2026-07-20 19:06:27 - Không cấu hình được tỷ lệ khung hình: context deadline exceeded
2026-07-20 19:06:27 - Cấu hình số lượng (batch size): 4x
2026-07-20 19:06:33 - Không cấu hình được số lượng batch size: context deadline exceeded
2026-07-20 19:06:33 - Cấu hình Model: Nano Banana Pro
2026-07-20 19:06:38 - Không tìm thấy nút dropdown chọn Model trong popover: {-32001 Session with given id not found. }
2026-07-20 19:06:38 - Đóng hộp thoại cấu hình tác nhân bằng cách hover và click vào ô nhập prompt...
2026-07-20 19:06:38 - Không tìm thấy ô nhập prompt để đóng popover.
2026-07-20 19:06:38 - URL nhóm ảnh cuối cùng trước khi tạo: []
2026-07-20 19:06:38 - Phát hiện lỗi từ Google Flow hoặc quá trình tạo thất bại. Tự động gửi lại prompt (Thử lại lần 2/3)...
2026-07-20 19:06:39 - Phát hiện lỗi từ Google Flow hoặc quá trình tạo thất bại. Tự động gửi lại prompt (Thử lại lần 3/3)...
2026-07-20 19:07:22 - Phát hiện link dự án cũ đã lưu: https://labs.google/fx/vi/tools/flow/project/61b83cbb-f0c2-4ce7-b12c-414da3808f17. Tiến hành mở dự án này...
2026-07-20 19:07:22 - Bắt đầu mở trang Google Flow: https://labs.google/fx/vi/tools/flow/project/61b83cbb-f0c2-4ce7-b12c-414da3808f17
2026-07-20 19:07:23 - Đang chờ trình duyệt tải xong trang Google Flow...
2026-07-20 19:07:23 - URL hiện tại của trình duyệt (chờ load): 
2026-07-20 19:07:24 - URL hiện tại của trình duyệt (chờ load): https://labs.google/fx/vi/tools/flow/project/61b83cbb-f0c2-4ce7-b12c-414da3808f17
2026-07-20 19:07:26 - Bắt đầu kiểm tra trạng thái đăng nhập...
2026-07-20 19:07:26 - URL sau khi kiểm tra redirect login: https://labs.google/fx/vi/tools/flow/project/61b83cbb-f0c2-4ce7-b12c-414da3808f17
2026-07-20 19:07:26 - Đăng nhập thành công. Đang đóng welcome overlays nếu có...
2026-07-20 19:07:27 - Xác minh dự án cũ có hoạt động bình thường không...
2026-07-20 19:07:27 - Dự án cũ hoạt động bình thường! Tiếp tục sử dụng.
2026-07-20 19:07:27 - Đã vào dự án thành công!
2026-07-20 19:07:27 - Bắt đầu quét tìm ô PromptInput...
2026-07-20 19:07:27 - Đã tìm thấy PromptInput! HTML snippet: <div role="textbox" aria-multiline="true" spellcheck="false" class="sc-a8ba1f43-0 djaQmW sc-26b30722-6 jwWpiy" data-slate-editor="true" data-slate-node="value" contenteditable="true" zindex="-1" style...
2026-07-20 19:07:27 - Kiểm tra trạng thái nút Tác nhân (Agent)...
2026-07-20 19:07:27 - Đã tìm thấy nút Tác nhân! HTML: <button type="button" aria-pressed="true" class="sc-59223abb-3 bdRbOx"><div class="sc-59223abb-2 kLZsnZ"><div class="sc-59223abb-0 kIwoAm"></div><div class="sc-59223abb-0 hYlLce"></div><div class="sc-59223abb-1 dJqkeL"></div><span class="content">Tác nhân</span></div></button>
2026-07-20 19:07:27 - Nút Tác nhân đang hoạt động (phát hiện ở vòng lặp 1, aria-pressed=true).
2026-07-20 19:07:27 - Tiến hành click để TẮT nút Tác nhân...
2026-07-20 19:07:28 - Đã tắt nút Tác nhân thành công (aria-pressed=false).
2026-07-20 19:07:28 - Bắt đầu cấu hình cài đặt tác nhân (Model: Nano Banana Pro, Aspect: 9:16, Batch: 4x)...
2026-07-20 19:07:28 - NÚT CẤU HÌNH ĐƯỢC TÌM THẤY: ID=0x1b6b2866ce0, Text=🍌 Nano Banana 2
crop_16_9
x2
2026-07-20 19:07:28 - Mở popover cấu hình bằng cách click nút cài đặt (JS)...
2026-07-20 19:07:31 - Cấu hình loại media tab: IMAGE
2026-07-20 19:07:31 - DUMP BUTTONS BEFORE CONFIG: [map[ariaHasPopup: ariaLabel: class:sc-e8425ea6-0 hOBPaw sc-d3791a4f-0 sc-d3791a4f-4 sc-7cbbf1fc-2 ewGlDn famhRe jjdvrX id: text:arrow_backQuay lại title: visible:true] map[ariaHasPopup:menu ariaLabel: class:sc-e8425ea6-0 hOBPaw sc-d3791a4f-0 sc-d3791a4f-4 sc-26aa1721-3 ewGlDn famhRe dUDRen id:radix-:r3: text:more_vertTuỳ chọn khác title: visible:true] map[ariaHasPopup: ariaLabel: class:sc-e8425ea6-0 hOBPaw sc-d3791a4f-0 sc-d3791a4f-4 sc-eed1ec57-2 ewGlDn famhRe jceYol id: text:searchTìm kiếm title: visible:true] map[ariaHasPopup:menu ariaLabel: class:sc-16c4830a-1 dnFqQq sc-e7a64add-0 sc-e7a64add-2 fPutAP blvbdy sc-98525c58-8 iQjEOG id:radix-:r5: text:filter_listSắp xếp và lọc title: visible:true] map[ariaHasPopup:menu ariaLabel: class:sc-e8425ea6-0 hOBPaw sc-d3791a4f-0 sc-d3791a4f-4 sc-5c4c0aea-1 ewGlDn famhRe eqhuae id:radix-:r7: text:addThêm nội dung nghe nhìn title: visible:true] map[ariaHasPopup: ariaLabel: class:sc-e8425ea6-0 hOBPaw sc-d3791a4f-0 sc-d3791a4f-4 sc-51397942-2 ewGlDn famhRe kCsEmL id: text:helpTrợ giúp về sản phẩm title: visible:true] map[ariaHasPopup:menu ariaLabel: class:sc-e8425ea6-0 hOBPaw sc-d3791a4f-0 sc-d3791a4f-4 sc-a4925f7f-6 ewGlDn famhRe gdBgFb id:radix-:rb: text:settings_2Cài đặt chế độ xem title: visible:true] map[ariaHasPopup:menu ariaLabel: class:sc-e8425ea6-0 hOBPaw sc-d3791a4f-0 sc-d3791a4f-4 sc-4fec6fdf-1 ewGlDn famhRe lokAjc id:radix-:re: text:more_vertKhác title: visible:true] map[ariaHasPopup: ariaLabel: class:sc-a14123c8-0 iNGyoc id: text:ULTRA title: visible:true] map[ariaHasPopup: ariaLabel: class:sc-e8425ea6-0 hOBPaw sc-d3791a4f-0 sc-d3791a4f-5 sc-3ce961f7-0 sc-7e7bc024-0 ewGlDn lnCuH fqbaql jcMEtI id: text:dashboardTất cả nội dung nghe nhìn title: visible:true] map[ariaHasPopup: ariaLabel: class:sc-e8425ea6-0 hOBPaw sc-d3791a4f-0 sc-d3791a4f-5 sc-3ce961f7-0 ewGlDn hGbzYr fqbaql id: text:imageXem hình ảnh title: visible:true] map[ariaHasPopup: ariaLabel: class:sc-e8425ea6-0 hOBPaw sc-d3791a4f-0 sc-d3791a4f-5 sc-3ce961f7-0 ewGlDn hGbzYr fqbaql id: text:accessibility_newNhân vật title: visible:true] map[ariaHasPopup: ariaLabel: class:sc-e8425ea6-0 hOBPaw sc-d3791a4f-0 sc-d3791a4f-5 sc-3ce961f7-0 ewGlDn hGbzYr fqbaql id: text:movieXem các cảnh title: visible:true] map[ariaHasPopup: ariaLabel: class:sc-e8425ea6-0 hOBPaw sc-d3791a4f-0 sc-d3791a4f-5 sc-3ce961f7-0 ewGlDn hGbzYr fqbaql id: text:apps_spark_2Công cụ title: visible:true] map[ariaHasPopup: ariaLabel: class:sc-e8425ea6-0 hOBPaw sc-d3791a4f-0 sc-d3791a4f-5 sc-3ce961f7-0 ewGlDn hGbzYr fqbaql id: text:deleteXem thùng rác title: visible:true] map[ariaHasPopup: ariaLabel: class:sc-e8425ea6-0 hOBPaw sc-d3791a4f-0 sc-d3791a4f-5 sc-3ce961f7-0 ewGlDn hGbzYr fqbaql id: text:left_panel_closeThu gọn title: visible:true] map[ariaHasPopup:dialog ariaLabel: class:sc-e8425ea6-0 hOBPaw sc-d3791a4f-0 sc-d3791a4f-4 sc-253cad92-0 ewGlDn famhRe joSmHx id: text:add_2Tạo title: visible:true] map[ariaHasPopup: ariaLabel: class:sc-59223abb-3 dmZGYv id: text:Tác nhân title: visible:true] map[ariaHasPopup:menu ariaLabel: class:sc-16c4830a-1 dnFqQq sc-e7a64add-0 sc-e7a64add-1 fPutAP jmLZrS sc-93abd9dc-1 ldbhld id:radix-:r1h: text:🍌 Nano Banana 2crop_16_9x2 title: visible:true] map[ariaHasPopup: ariaLabel: class:sc-e8425ea6-0 hOBPaw sc-d3791a4f-0 sc-d3791a4f-4 sc-26b30722-5 ewGlDn famhRe jDvIwb id: text:arrow_forwardTạo title: visible:true]]
2026-07-20 19:07:37 - Không cấu hình được media tab: context deadline exceeded
2026-07-20 19:07:37 - Cấu hình tỷ lệ khung hình: 9:16
2026-07-20 19:07:43 - Không cấu hình được tỷ lệ khung hình: context deadline exceeded
2026-07-20 19:07:43 - Cấu hình số lượng (batch size): 4x
2026-07-20 19:07:49 - Không cấu hình được số lượng batch size: context deadline exceeded
2026-07-20 19:07:49 - Cấu hình Model: Nano Banana Pro
2026-07-20 19:07:55 - Không tìm thấy nút dropdown chọn Model trong popover: context deadline exceeded
2026-07-20 19:07:55 - Đóng hộp thoại cấu hình tác nhân bằng cách hover và click vào ô nhập prompt...
2026-07-20 19:07:57 - Đã hover và click vào ô nhập prompt thành công.
2026-07-20 19:07:57 - URL nhóm ảnh cuối cùng trước khi tạo: []
2026-07-20 19:11:33 - Phát hiện link dự án cũ đã lưu: https://labs.google/fx/vi/tools/flow/project/61b83cbb-f0c2-4ce7-b12c-414da3808f17. Tiến hành mở dự án này...
2026-07-20 19:11:33 - Bắt đầu mở trang Google Flow: https://labs.google/fx/vi/tools/flow/project/61b83cbb-f0c2-4ce7-b12c-414da3808f17
2026-07-20 19:11:34 - Đang chờ trình duyệt tải xong trang Google Flow...
2026-07-20 19:11:34 - URL hiện tại của trình duyệt (chờ load): 
2026-07-20 19:11:34 - URL hiện tại của trình duyệt (chờ load): https://labs.google/fx/vi/tools/flow/project/61b83cbb-f0c2-4ce7-b12c-414da3808f17
2026-07-20 19:11:37 - Bắt đầu kiểm tra trạng thái đăng nhập...
2026-07-20 19:11:37 - URL sau khi kiểm tra redirect login: https://labs.google/fx/vi/tools/flow/project/61b83cbb-f0c2-4ce7-b12c-414da3808f17
2026-07-20 19:11:37 - Đăng nhập thành công. Đang đóng welcome overlays nếu có...
2026-07-20 19:11:37 - Xác minh dự án cũ có hoạt động bình thường không...
2026-07-20 19:11:37 - Dự án cũ hoạt động bình thường! Tiếp tục sử dụng.
2026-07-20 19:11:37 - Đã vào dự án thành công!
2026-07-20 19:11:37 - Bắt đầu quét tìm ô PromptInput...
2026-07-20 19:11:37 - Đã tìm thấy PromptInput! HTML snippet: <div role="textbox" aria-multiline="true" spellcheck="false" class="sc-a8ba1f43-0 djaQmW sc-26b30722-6 jwWpiy" data-slate-editor="true" data-slate-node="value" contenteditable="true" zindex="-1" style...
2026-07-20 19:11:37 - Kiểm tra trạng thái nút Tác nhân (Agent)...
2026-07-20 19:11:37 - Đã tìm thấy nút Tác nhân! HTML: <button type="button" aria-pressed="false" class="sc-59223abb-3 dmZGYv"><div class="sc-59223abb-2 jGESqS"><span class="content">Tác nhân</span></div></button>
2026-07-20 19:11:41 - Nút Tác nhân đã ở trạng thái TẮT (aria-pressed=false) sau khi đã chờ React load. Bỏ qua.
2026-07-20 19:11:41 - Bắt đầu cấu hình cài đặt tác nhân (Model: Nano Banana Pro, Aspect: 9:16, Batch: 4x)...
2026-07-20 19:11:41 - NÚT CẤU HÌNH ĐƯỢC TÌM THẤY: ID=0x23b2e81f04f0, Text=🍌 Nano Banana 2 crop_16_9 x2
2026-07-20 19:11:41 - Mở popover cấu hình bằng cách click nút cài đặt (JS)...
2026-07-20 19:11:44 - Cấu hình loại media tab: IMAGE
2026-07-20 19:11:44 - DUMP BUTTONS BEFORE CONFIG: [map[ariaHasPopup: ariaLabel: class:sc-e8425ea6-0 hOBPaw sc-d3791a4f-0 sc-d3791a4f-4 sc-7cbbf1fc-2 ewGlDn famhRe jjdvrX id: text:arrow_backQuay lại title: visible:true] map[ariaHasPopup:menu ariaLabel: class:sc-e8425ea6-0 hOBPaw sc-d3791a4f-0 sc-d3791a4f-4 sc-26aa1721-3 ewGlDn famhRe dUDRen id:radix-:r3: text:more_vertTuỳ chọn khác title: visible:true] map[ariaHasPopup: ariaLabel: class:sc-e8425ea6-0 hOBPaw sc-d3791a4f-0 sc-d3791a4f-4 sc-eed1ec57-2 ewGlDn famhRe jceYol id: text:searchTìm kiếm title: visible:true] map[ariaHasPopup:menu ariaLabel: class:sc-16c4830a-1 dnFqQq sc-e7a64add-0 sc-e7a64add-2 fPutAP blvbdy sc-98525c58-8 iQjEOG id:radix-:r5: text:filter_listSắp xếp và lọc title: visible:true] map[ariaHasPopup:menu ariaLabel: class:sc-e8425ea6-0 hOBPaw sc-d3791a4f-0 sc-d3791a4f-4 sc-5c4c0aea-1 ewGlDn famhRe eqhuae id:radix-:r7: text:addThêm nội dung nghe nhìn title: visible:true] map[ariaHasPopup: ariaLabel: class:sc-e8425ea6-0 hOBPaw sc-d3791a4f-0 sc-d3791a4f-4 sc-51397942-2 ewGlDn famhRe kCsEmL id: text:helpTrợ giúp về sản phẩm title: visible:true] map[ariaHasPopup:menu ariaLabel: class:sc-e8425ea6-0 hOBPaw sc-d3791a4f-0 sc-d3791a4f-4 sc-a4925f7f-6 ewGlDn famhRe gdBgFb id:radix-:rb: text:settings_2Cài đặt chế độ xem title: visible:true] map[ariaHasPopup:menu ariaLabel: class:sc-e8425ea6-0 hOBPaw sc-d3791a4f-0 sc-d3791a4f-4 sc-4fec6fdf-1 ewGlDn famhRe lokAjc id:radix-:re: text:more_vertKhác title: visible:true] map[ariaHasPopup: ariaLabel: class:sc-a14123c8-0 iNGyoc id: text:ULTRA title: visible:true] map[ariaHasPopup: ariaLabel: class:sc-e8425ea6-0 hOBPaw sc-d3791a4f-0 sc-d3791a4f-5 sc-3ce961f7-0 sc-7e7bc024-0 ewGlDn lnCuH fqbaql jcMEtI id: text:dashboardTất cả nội dung nghe nhìn title: visible:true] map[ariaHasPopup: ariaLabel: class:sc-e8425ea6-0 hOBPaw sc-d3791a4f-0 sc-d3791a4f-5 sc-3ce961f7-0 ewGlDn hGbzYr fqbaql id: text:imageXem hình ảnh title: visible:true] map[ariaHasPopup: ariaLabel: class:sc-e8425ea6-0 hOBPaw sc-d3791a4f-0 sc-d3791a4f-5 sc-3ce961f7-0 ewGlDn hGbzYr fqbaql id: text:accessibility_newNhân vật title: visible:true] map[ariaHasPopup: ariaLabel: class:sc-e8425ea6-0 hOBPaw sc-d3791a4f-0 sc-d3791a4f-5 sc-3ce961f7-0 ewGlDn hGbzYr fqbaql id: text:movieXem các cảnh title: visible:true] map[ariaHasPopup: ariaLabel: class:sc-e8425ea6-0 hOBPaw sc-d3791a4f-0 sc-d3791a4f-5 sc-3ce961f7-0 ewGlDn hGbzYr fqbaql id: text:apps_spark_2Công cụ title: visible:true] map[ariaHasPopup: ariaLabel: class:sc-e8425ea6-0 hOBPaw sc-d3791a4f-0 sc-d3791a4f-5 sc-3ce961f7-0 ewGlDn hGbzYr fqbaql id: text:deleteXem thùng rác title: visible:true] map[ariaHasPopup: ariaLabel: class:sc-e8425ea6-0 hOBPaw sc-d3791a4f-0 sc-d3791a4f-5 sc-3ce961f7-0 ewGlDn hGbzYr fqbaql id: text:left_panel_closeThu gọn title: visible:true] map[ariaHasPopup:dialog ariaLabel: class:sc-e8425ea6-0 hOBPaw sc-d3791a4f-0 sc-d3791a4f-4 sc-253cad92-0 ewGlDn famhRe joSmHx id: text:add_2Tạo title: visible:true] map[ariaHasPopup: ariaLabel: class:sc-59223abb-3 dmZGYv id: text:Tác nhân title: visible:true] map[ariaHasPopup:menu ariaLabel: class:sc-16c4830a-1 dnFqQq sc-e7a64add-0 sc-e7a64add-1 fPutAP jmLZrS sc-93abd9dc-1 ldbhld id:radix-:rn: text:🍌 Nano Banana 2crop_16_9x2 title: visible:true] map[ariaHasPopup: ariaLabel: class:sc-e8425ea6-0 hOBPaw sc-d3791a4f-0 sc-d3791a4f-4 sc-26b30722-5 ewGlDn famhRe jDvIwb id: text:arrow_forwardTạo title: visible:true]]
2026-07-20 19:11:50 - Không cấu hình được media tab: context deadline exceeded
2026-07-20 19:11:50 - Cấu hình tỷ lệ khung hình: 9:16
2026-07-20 19:11:56 - Không cấu hình được tỷ lệ khung hình: context deadline exceeded
2026-07-20 19:11:56 - Cấu hình số lượng (batch size): 4x
2026-07-20 19:12:02 - Không cấu hình được số lượng batch size: context deadline exceeded
2026-07-20 19:12:02 - Cấu hình Model: Nano Banana Pro
2026-07-20 19:12:08 - Không tìm thấy nút dropdown chọn Model trong popover: context deadline exceeded
2026-07-20 19:12:08 - Đóng hộp thoại cấu hình tác nhân bằng cách hover và click vào ô nhập prompt...
2026-07-20 19:12:09 - Đã hover và click vào ô nhập prompt thành công.
2026-07-20 19:12:09 - URL nhóm ảnh cuối cùng trước khi tạo: []
2026-07-20 19:12:10 - Bắt đầu thực hiện gửi prompt...
2026-07-20 19:12:10 - Thử gửi bằng phím Enter ảo...
2026-07-20 19:12:11 - Thử gửi bằng sự kiện keydown Enter (JS)...
2026-07-20 19:12:11 - Lỗi dispatch event Enter: eval js error: TypeError: Cannot read properties of undefined (reading 'dispatchEvent')
    at HTMLDivElement.<anonymous> (<anonymous>:10:8)
    at HTMLDivElement.<anonymous> (<anonymous>:11:7) <nil>
2026-07-20 19:12:12 - Bắt đầu quét tìm nút gửi bằng JS...
2026-07-20 19:12:12 - Phương án quét JS thất bại. Thử dùng danh sách Selectors dự phòng...
2026-07-20 19:14:18 - Phát hiện link dự án cũ đã lưu: https://labs.google/fx/vi/tools/flow/project/61b83cbb-f0c2-4ce7-b12c-414da3808f17. Tiến hành mở dự án này...
2026-07-20 19:14:18 - Bắt đầu mở trang Google Flow: https://labs.google/fx/vi/tools/flow/project/61b83cbb-f0c2-4ce7-b12c-414da3808f17
2026-07-20 19:14:18 - Đang chờ trình duyệt tải xong trang Google Flow...
2026-07-20 19:14:18 - URL hiện tại của trình duyệt (chờ load): 
2026-07-20 19:14:19 - URL hiện tại của trình duyệt (chờ load): https://labs.google/fx/vi/tools/flow/project/61b83cbb-f0c2-4ce7-b12c-414da3808f17
2026-07-20 19:14:21 - Bắt đầu kiểm tra trạng thái đăng nhập...
2026-07-20 19:14:21 - URL sau khi kiểm tra redirect login: https://labs.google/fx/vi/tools/flow/project/61b83cbb-f0c2-4ce7-b12c-414da3808f17
2026-07-20 19:14:21 - Đăng nhập thành công. Đang đóng welcome overlays nếu có...
2026-07-20 19:14:21 - Xác minh dự án cũ có hoạt động bình thường không...
2026-07-20 19:14:21 - Dự án cũ hoạt động bình thường! Tiếp tục sử dụng.
2026-07-20 19:14:21 - Đã vào dự án thành công!
2026-07-20 19:14:21 - Bắt đầu quét tìm ô PromptInput...
2026-07-20 19:14:21 - Đã tìm thấy PromptInput! HTML snippet: <div role="textbox" aria-multiline="true" spellcheck="false" class="sc-a8ba1f43-0 djaQmW sc-26b30722-6 jwWpiy" data-slate-editor="true" data-slate-node="value" contenteditable="true" zindex="-1" style...
2026-07-20 19:14:21 - Kiểm tra trạng thái nút Tác nhân (Agent)...
2026-07-20 19:14:21 - Đã tìm thấy nút Tác nhân! HTML: <button type="button" aria-pressed="false" class="sc-59223abb-3 dmZGYv"><div class="sc-59223abb-2 jGESqS"><span class="content">Tác nhân</span></div></button>
2026-07-20 19:14:25 - Nút Tác nhân đã ở trạng thái TẮT (aria-pressed=false) sau khi đã chờ React load. Bỏ qua.
2026-07-20 19:14:25 - Bắt đầu cấu hình cài đặt tác nhân (Model: Nano Banana Pro, Aspect: 9:16, Batch: 4x)...
2026-07-20 19:14:25 - NÚT CẤU HÌNH ĐƯỢC TÌM THẤY: ID=radix-:rn:, Text=[🍌 Nano Banana 2 crop_16_9 x2]
2026-07-20 19:14:25 - ĐỐI CHIẾU CẤU HÌNH: Cấu hình hiện tại vs Yêu cầu [Model: Nano Banana Pro, Aspect: 9:16, Batch: 4x] -> Trùng khớp: false
2026-07-20 19:14:25 - Cấu hình hiện tại KHÔNG trùng khớp. Tiến hành mở popover để cấu hình lại...
2026-07-20 19:14:25 - Mở popover cấu hình bằng cách click nút cài đặt (Real Click)...
2026-07-20 19:14:28 - Cấu hình loại media tab: IMAGE
2026-07-20 19:14:28 - DUMP BUTTONS BEFORE CONFIG: [map[ariaHasPopup: ariaLabel: class:sc-e8425ea6-0 hOBPaw sc-d3791a4f-0 sc-d3791a4f-4 sc-7cbbf1fc-2 ewGlDn famhRe jjdvrX id: text:arrow_backQuay lại title: visible:true] map[ariaHasPopup:menu ariaLabel: class:sc-e8425ea6-0 hOBPaw sc-d3791a4f-0 sc-d3791a4f-4 sc-26aa1721-3 ewGlDn famhRe dUDRen id:radix-:r3: text:more_vertTuỳ chọn khác title: visible:true] map[ariaHasPopup: ariaLabel: class:sc-e8425ea6-0 hOBPaw sc-d3791a4f-0 sc-d3791a4f-4 sc-eed1ec57-2 ewGlDn famhRe jceYol id: text:searchTìm kiếm title: visible:true] map[ariaHasPopup:menu ariaLabel: class:sc-16c4830a-1 dnFqQq sc-e7a64add-0 sc-e7a64add-2 fPutAP blvbdy sc-98525c58-8 iQjEOG id:radix-:r5: text:filter_listSắp xếp và lọc title: visible:true] map[ariaHasPopup:menu ariaLabel: class:sc-e8425ea6-0 hOBPaw sc-d3791a4f-0 sc-d3791a4f-4 sc-5c4c0aea-1 ewGlDn famhRe eqhuae id:radix-:r7: text:addThêm nội dung nghe nhìn title: visible:true] map[ariaHasPopup: ariaLabel: class:sc-e8425ea6-0 hOBPaw sc-d3791a4f-0 sc-d3791a4f-4 sc-51397942-2 ewGlDn famhRe kCsEmL id: text:helpTrợ giúp về sản phẩm title: visible:true] map[ariaHasPopup:menu ariaLabel: class:sc-e8425ea6-0 hOBPaw sc-d3791a4f-0 sc-d3791a4f-4 sc-a4925f7f-6 ewGlDn famhRe gdBgFb id:radix-:rb: text:settings_2Cài đặt chế độ xem title: visible:true] map[ariaHasPopup:menu ariaLabel: class:sc-e8425ea6-0 hOBPaw sc-d3791a4f-0 sc-d3791a4f-4 sc-4fec6fdf-1 ewGlDn famhRe lokAjc id:radix-:re: text:more_vertKhác title: visible:true] map[ariaHasPopup: ariaLabel: class:sc-a14123c8-0 iNGyoc id: text:ULTRA title: visible:true] map[ariaHasPopup: ariaLabel: class:sc-e8425ea6-0 hOBPaw sc-d3791a4f-0 sc-d3791a4f-5 sc-3ce961f7-0 sc-7e7bc024-0 ewGlDn lnCuH fqbaql jcMEtI id: text:dashboardTất cả nội dung nghe nhìn title: visible:true] map[ariaHasPopup: ariaLabel: class:sc-e8425ea6-0 hOBPaw sc-d3791a4f-0 sc-d3791a4f-5 sc-3ce961f7-0 ewGlDn hGbzYr fqbaql id: text:imageXem hình ảnh title: visible:true] map[ariaHasPopup: ariaLabel: class:sc-e8425ea6-0 hOBPaw sc-d3791a4f-0 sc-d3791a4f-5 sc-3ce961f7-0 ewGlDn hGbzYr fqbaql id: text:accessibility_newNhân vật title: visible:true] map[ariaHasPopup: ariaLabel: class:sc-e8425ea6-0 hOBPaw sc-d3791a4f-0 sc-d3791a4f-5 sc-3ce961f7-0 ewGlDn hGbzYr fqbaql id: text:movieXem các cảnh title: visible:true] map[ariaHasPopup: ariaLabel: class:sc-e8425ea6-0 hOBPaw sc-d3791a4f-0 sc-d3791a4f-5 sc-3ce961f7-0 ewGlDn hGbzYr fqbaql id: text:apps_spark_2Công cụ title: visible:true] map[ariaHasPopup: ariaLabel: class:sc-e8425ea6-0 hOBPaw sc-d3791a4f-0 sc-d3791a4f-5 sc-3ce961f7-0 ewGlDn hGbzYr fqbaql id: text:deleteXem thùng rác title: visible:true] map[ariaHasPopup: ariaLabel: class:sc-e8425ea6-0 hOBPaw sc-d3791a4f-0 sc-d3791a4f-5 sc-3ce961f7-0 ewGlDn hGbzYr fqbaql id: text:left_panel_closeThu gọn title: visible:true] map[ariaHasPopup:dialog ariaLabel: class:sc-e8425ea6-0 hOBPaw sc-d3791a4f-0 sc-d3791a4f-4 sc-253cad92-0 ewGlDn famhRe joSmHx id: text:add_2Tạo title: visible:true] map[ariaHasPopup: ariaLabel: class:sc-59223abb-3 dmZGYv id: text:Tác nhân title: visible:true] map[ariaHasPopup:menu ariaLabel: class:sc-16c4830a-1 dnFqQq sc-e7a64add-0 sc-e7a64add-1 fPutAP jmLZrS sc-93abd9dc-1 ldbhld id:radix-:rn: text:🍌 Nano Banana 2crop_16_9x2 title: visible:true] map[ariaHasPopup: ariaLabel: class:sc-e8425ea6-0 hOBPaw sc-d3791a4f-0 sc-d3791a4f-4 sc-26b30722-5 ewGlDn famhRe jDvIwb id: text:arrow_forwardTạo title: visible:true] map[ariaHasPopup: ariaLabel: class:sc-eb68e7f-2 jrTHnf flow_tab_slider_trigger id:radix-:r1f:-trigger-IMAGE text:imageHình ảnh title: visible:true] map[ariaHasPopup: ariaLabel: class:sc-eb68e7f-2 jrTHnf flow_tab_slider_trigger id:radix-:r1f:-trigger-VIDEO text:play_circleVideo title: visible:true] map[ariaHasPopup: ariaLabel: class:sc-eb68e7f-2 dNQytQ flow_tab_slider_trigger id:radix-:r1i:-trigger-LANDSCAPE text:crop_16_916:9 title: visible:true] map[ariaHasPopup: ariaLabel: class:sc-eb68e7f-2 dNQytQ flow_tab_slider_trigger id:radix-:r1i:-trigger-LANDSCAPE_4_3 text:crop_landscape4:3 title: visible:true] map[ariaHasPopup: ariaLabel: class:sc-eb68e7f-2 dNQytQ flow_tab_slider_trigger id:radix-:r1i:-trigger-SQUARE text:crop_square1:1 title: visible:true] map[ariaHasPopup: ariaLabel: class:sc-eb68e7f-2 dNQytQ flow_tab_slider_trigger id:radix-:r1i:-trigger-PORTRAIT_3_4 text:crop_portrait3:4 title: visible:true] map[ariaHasPopup: ariaLabel: class:sc-eb68e7f-2 dNQytQ flow_tab_slider_trigger id:radix-:r1i:-trigger-PORTRAIT text:crop_9_169:16 title: visible:true] map[ariaHasPopup: ariaLabel: class:sc-eb68e7f-2 DoEQM flow_tab_slider_trigger id:radix-:r1o:-trigger-1 text:1x title: visible:true] map[ariaHasPopup: ariaLabel: class:sc-eb68e7f-2 DoEQM flow_tab_slider_trigger id:radix-:r1o:-trigger-2 text:x2 title: visible:true] map[ariaHasPopup: ariaLabel: class:sc-eb68e7f-2 DoEQM flow_tab_slider_trigger id:radix-:r1o:-trigger-3 text:x3 title: visible:true] map[ariaHasPopup: ariaLabel: class:sc-eb68e7f-2 DoEQM flow_tab_slider_trigger id:radix-:r1o:-trigger-4 text:x4 title: visible:true] map[ariaHasPopup:menu ariaLabel: class:sc-16c4830a-1 dnFqQq sc-e7a64add-0 sc-e7a64add-1 fPutAP jmLZrS sc-3f41cc92-1 eaVRLg id:radix-:r1t: text:🍌 Nano Banana 2arrow_drop_down title: visible:true]]
2026-07-20 19:14:29 - Cấu hình tỷ lệ khung hình: 9:16
2026-07-20 19:14:30 - Cấu hình số lượng (batch size): 4x
2026-07-20 19:14:31 - Cấu hình Model: Nano Banana Pro
2026-07-20 19:14:37 - Không tìm thấy nút dropdown chọn Model trong popover: context deadline exceeded
2026-07-20 19:14:37 - Đóng hộp thoại cấu hình tác nhân bằng cách hover và click vào ô nhập prompt...
2026-07-20 19:16:47 - Phát hiện link dự án cũ đã lưu: https://labs.google/fx/vi/tools/flow/project/61b83cbb-f0c2-4ce7-b12c-414da3808f17. Tiến hành mở dự án này...
2026-07-20 19:16:47 - Bắt đầu mở trang Google Flow: https://labs.google/fx/vi/tools/flow/project/61b83cbb-f0c2-4ce7-b12c-414da3808f17
2026-07-20 19:16:47 - Đang chờ trình duyệt tải xong trang Google Flow...
2026-07-20 19:16:47 - URL hiện tại của trình duyệt (chờ load): 
2026-07-20 19:16:48 - URL hiện tại của trình duyệt (chờ load): https://labs.google/fx/vi/tools/flow/project/61b83cbb-f0c2-4ce7-b12c-414da3808f17
2026-07-20 19:16:50 - Bắt đầu kiểm tra trạng thái đăng nhập...
2026-07-20 19:16:50 - URL sau khi kiểm tra redirect login: https://labs.google/fx/vi/tools/flow/project/61b83cbb-f0c2-4ce7-b12c-414da3808f17
2026-07-20 19:16:50 - Đăng nhập thành công. Đang đóng welcome overlays nếu có...
2026-07-20 19:16:51 - Xác minh dự án cũ có hoạt động bình thường không...
2026-07-20 19:16:51 - Dự án cũ hoạt động bình thường! Tiếp tục sử dụng.
2026-07-20 19:16:51 - Đã vào dự án thành công!
2026-07-20 19:16:51 - Bắt đầu quét tìm ô PromptInput...
2026-07-20 19:16:51 - Đã tìm thấy PromptInput! HTML snippet: <div role="textbox" aria-multiline="true" spellcheck="false" class="sc-a8ba1f43-0 djaQmW sc-26b30722-6 jwWpiy" data-slate-editor="true" data-slate-node="value" contenteditable="true" zindex="-1" style...
2026-07-20 19:16:51 - Kiểm tra trạng thái nút Tác nhân (Agent)...
2026-07-20 19:16:51 - Đã tìm thấy nút Tác nhân! HTML: <button type="button" aria-pressed="false" class="sc-59223abb-3 dmZGYv"><div class="sc-59223abb-2 jGESqS"><span class="content">Tác nhân</span></div></button>
2026-07-20 19:16:54 - Nút Tác nhân đã ở trạng thái TẮT (aria-pressed=false) sau khi đã chờ React load. Bỏ qua.
2026-07-20 19:16:54 - Bắt đầu cấu hình cài đặt tác nhân (Model: Nano Banana Pro, Aspect: 9:16, Batch: 4x)...
2026-07-20 19:16:54 - NÚT CẤU HÌNH ĐƯỢC TÌM THẤY: ID=radix-:rn:, Text=[🍌 Nano Banana 2 crop_16_9 x2]
2026-07-20 19:16:54 - ĐỐI CHIẾU CẤU HÌNH: Cấu hình hiện tại vs Yêu cầu [Model: Nano Banana Pro, Aspect: 9:16, Batch: 4x] -> Trùng khớp: false
2026-07-20 19:16:54 - Cấu hình hiện tại KHÔNG trùng khớp. Tiến hành mở popover để cấu hình lại...
2026-07-20 19:16:54 - Mở popover cấu hình bằng cách click nút cài đặt (Real Click)...
2026-07-20 19:16:58 - Cấu hình loại media tab: IMAGE
2026-07-20 19:16:58 - DUMP BUTTONS BEFORE CONFIG: [map[ariaHasPopup: ariaLabel: class:sc-e8425ea6-0 hOBPaw sc-d3791a4f-0 sc-d3791a4f-4 sc-7cbbf1fc-2 ewGlDn famhRe jjdvrX id: text:arrow_backQuay lại title: visible:true] map[ariaHasPopup:menu ariaLabel: class:sc-e8425ea6-0 hOBPaw sc-d3791a4f-0 sc-d3791a4f-4 sc-26aa1721-3 ewGlDn famhRe dUDRen id:radix-:r3: text:more_vertTuỳ chọn khác title: visible:true] map[ariaHasPopup: ariaLabel: class:sc-e8425ea6-0 hOBPaw sc-d3791a4f-0 sc-d3791a4f-4 sc-eed1ec57-2 ewGlDn famhRe jceYol id: text:searchTìm kiếm title: visible:true] map[ariaHasPopup:menu ariaLabel: class:sc-16c4830a-1 dnFqQq sc-e7a64add-0 sc-e7a64add-2 fPutAP blvbdy sc-98525c58-8 iQjEOG id:radix-:r5: text:filter_listSắp xếp và lọc title: visible:true] map[ariaHasPopup:menu ariaLabel: class:sc-e8425ea6-0 hOBPaw sc-d3791a4f-0 sc-d3791a4f-4 sc-5c4c0aea-1 ewGlDn famhRe eqhuae id:radix-:r7: text:addThêm nội dung nghe nhìn title: visible:true] map[ariaHasPopup: ariaLabel: class:sc-e8425ea6-0 hOBPaw sc-d3791a4f-0 sc-d3791a4f-4 sc-51397942-2 ewGlDn famhRe kCsEmL id: text:helpTrợ giúp về sản phẩm title: visible:true] map[ariaHasPopup:menu ariaLabel: class:sc-e8425ea6-0 hOBPaw sc-d3791a4f-0 sc-d3791a4f-4 sc-a4925f7f-6 ewGlDn famhRe gdBgFb id:radix-:rb: text:settings_2Cài đặt chế độ xem title: visible:true] map[ariaHasPopup:menu ariaLabel: class:sc-e8425ea6-0 hOBPaw sc-d3791a4f-0 sc-d3791a4f-4 sc-4fec6fdf-1 ewGlDn famhRe lokAjc id:radix-:re: text:more_vertKhác title: visible:true] map[ariaHasPopup: ariaLabel: class:sc-a14123c8-0 iNGyoc id: text:ULTRA title: visible:true] map[ariaHasPopup: ariaLabel: class:sc-e8425ea6-0 hOBPaw sc-d3791a4f-0 sc-d3791a4f-5 sc-3ce961f7-0 sc-7e7bc024-0 ewGlDn lnCuH fqbaql jcMEtI id: text:dashboardTất cả nội dung nghe nhìn title: visible:true] map[ariaHasPopup: ariaLabel: class:sc-e8425ea6-0 hOBPaw sc-d3791a4f-0 sc-d3791a4f-5 sc-3ce961f7-0 ewGlDn hGbzYr fqbaql id: text:imageXem hình ảnh title: visible:true] map[ariaHasPopup: ariaLabel: class:sc-e8425ea6-0 hOBPaw sc-d3791a4f-0 sc-d3791a4f-5 sc-3ce961f7-0 ewGlDn hGbzYr fqbaql id: text:accessibility_newNhân vật title: visible:true] map[ariaHasPopup: ariaLabel: class:sc-e8425ea6-0 hOBPaw sc-d3791a4f-0 sc-d3791a4f-5 sc-3ce961f7-0 ewGlDn hGbzYr fqbaql id: text:movieXem các cảnh title: visible:true] map[ariaHasPopup: ariaLabel: class:sc-e8425ea6-0 hOBPaw sc-d3791a4f-0 sc-d3791a4f-5 sc-3ce961f7-0 ewGlDn hGbzYr fqbaql id: text:apps_spark_2Công cụ title: visible:true] map[ariaHasPopup: ariaLabel: class:sc-e8425ea6-0 hOBPaw sc-d3791a4f-0 sc-d3791a4f-5 sc-3ce961f7-0 ewGlDn hGbzYr fqbaql id: text:deleteXem thùng rác title: visible:true] map[ariaHasPopup: ariaLabel: class:sc-e8425ea6-0 hOBPaw sc-d3791a4f-0 sc-d3791a4f-5 sc-3ce961f7-0 ewGlDn hGbzYr fqbaql id: text:left_panel_closeThu gọn title: visible:true] map[ariaHasPopup:dialog ariaLabel: class:sc-e8425ea6-0 hOBPaw sc-d3791a4f-0 sc-d3791a4f-4 sc-253cad92-0 ewGlDn famhRe joSmHx id: text:add_2Tạo title: visible:true] map[ariaHasPopup: ariaLabel: class:sc-59223abb-3 dmZGYv id: text:Tác nhân title: visible:true] map[ariaHasPopup:menu ariaLabel: class:sc-16c4830a-1 dnFqQq sc-e7a64add-0 sc-e7a64add-1 fPutAP jmLZrS sc-93abd9dc-1 ldbhld id:radix-:rn: text:🍌 Nano Banana 2crop_16_9x2 title: visible:true] map[ariaHasPopup: ariaLabel: class:sc-e8425ea6-0 hOBPaw sc-d3791a4f-0 sc-d3791a4f-4 sc-26b30722-5 ewGlDn famhRe jDvIwb id: text:arrow_forwardTạo title: visible:true] map[ariaHasPopup: ariaLabel: class:sc-eb68e7f-2 jrTHnf flow_tab_slider_trigger id:radix-:r1f:-trigger-IMAGE text:imageHình ảnh title: visible:true] map[ariaHasPopup: ariaLabel: class:sc-eb68e7f-2 jrTHnf flow_tab_slider_trigger id:radix-:r1f:-trigger-VIDEO text:play_circleVideo title: visible:true] map[ariaHasPopup: ariaLabel: class:sc-eb68e7f-2 dNQytQ flow_tab_slider_trigger id:radix-:r1i:-trigger-LANDSCAPE text:crop_16_916:9 title: visible:true] map[ariaHasPopup: ariaLabel: class:sc-eb68e7f-2 dNQytQ flow_tab_slider_trigger id:radix-:r1i:-trigger-LANDSCAPE_4_3 text:crop_landscape4:3 title: visible:true] map[ariaHasPopup: ariaLabel: class:sc-eb68e7f-2 dNQytQ flow_tab_slider_trigger id:radix-:r1i:-trigger-SQUARE text:crop_square1:1 title: visible:true] map[ariaHasPopup: ariaLabel: class:sc-eb68e7f-2 dNQytQ flow_tab_slider_trigger id:radix-:r1i:-trigger-PORTRAIT_3_4 text:crop_portrait3:4 title: visible:true] map[ariaHasPopup: ariaLabel: class:sc-eb68e7f-2 dNQytQ flow_tab_slider_trigger id:radix-:r1i:-trigger-PORTRAIT text:crop_9_169:16 title: visible:true] map[ariaHasPopup: ariaLabel: class:sc-eb68e7f-2 DoEQM flow_tab_slider_trigger id:radix-:r1o:-trigger-1 text:1x title: visible:true] map[ariaHasPopup: ariaLabel: class:sc-eb68e7f-2 DoEQM flow_tab_slider_trigger id:radix-:r1o:-trigger-2 text:x2 title: visible:true] map[ariaHasPopup: ariaLabel: class:sc-eb68e7f-2 DoEQM flow_tab_slider_trigger id:radix-:r1o:-trigger-3 text:x3 title: visible:true] map[ariaHasPopup: ariaLabel: class:sc-eb68e7f-2 DoEQM flow_tab_slider_trigger id:radix-:r1o:-trigger-4 text:x4 title: visible:true] map[ariaHasPopup:menu ariaLabel: class:sc-16c4830a-1 dnFqQq sc-e7a64add-0 sc-e7a64add-1 fPutAP jmLZrS sc-3f41cc92-1 eaVRLg id:radix-:r1t: text:🍌 Nano Banana 2arrow_drop_down title: visible:true]]
2026-07-20 19:16:59 - Cấu hình tỷ lệ khung hình: 9:16
2026-07-20 19:17:00 - Cấu hình số lượng (batch size): 4x
2026-07-20 19:17:01 - Cấu hình Model: Nano Banana Pro
2026-07-20 19:17:09 - Không cấu hình được model item Nano Banana Pro: context deadline exceeded
2026-07-20 19:17:09 - Đóng hộp thoại cấu hình tác nhân bằng cách hover và click vào ô nhập prompt...
2026-07-20 19:22:32 - Phát hiện link dự án cũ đã lưu: https://labs.google/fx/vi/tools/flow/project/61b83cbb-f0c2-4ce7-b12c-414da3808f17. Tiến hành mở dự án này...
2026-07-20 19:22:32 - Bắt đầu mở trang Google Flow: https://labs.google/fx/vi/tools/flow/project/61b83cbb-f0c2-4ce7-b12c-414da3808f17
2026-07-20 19:22:33 - Đang chờ trình duyệt tải xong trang Google Flow...
2026-07-20 19:22:33 - URL hiện tại của trình duyệt (chờ load): 
2026-07-20 19:22:34 - URL hiện tại của trình duyệt (chờ load): https://labs.google/fx/vi/tools/flow/project/61b83cbb-f0c2-4ce7-b12c-414da3808f17
2026-07-20 19:22:36 - Bắt đầu kiểm tra trạng thái đăng nhập...
2026-07-20 19:22:36 - URL sau khi kiểm tra redirect login: https://labs.google/fx/vi/tools/flow/project/61b83cbb-f0c2-4ce7-b12c-414da3808f17
2026-07-20 19:22:36 - Đăng nhập thành công. Đang đóng welcome overlays nếu có...
2026-07-20 19:22:37 - Xác minh dự án cũ có hoạt động bình thường không...
2026-07-20 19:22:37 - Dự án cũ hoạt động bình thường! Tiếp tục sử dụng.
2026-07-20 19:22:37 - Đã vào dự án thành công!
2026-07-20 19:22:37 - Bắt đầu quét tìm ô PromptInput...
2026-07-20 19:22:37 - Đã tìm thấy PromptInput! HTML snippet: <div role="textbox" aria-multiline="true" spellcheck="false" class="sc-a8ba1f43-0 djaQmW sc-26b30722-6 jwWpiy" data-slate-editor="true" data-slate-node="value" contenteditable="true" zindex="-1" style...
2026-07-20 19:22:37 - Kiểm tra trạng thái nút Tác nhân (Agent)...
2026-07-20 19:22:37 - Đã tìm thấy nút Tác nhân! HTML: <button type="button" aria-pressed="false" class="sc-59223abb-3 dmZGYv"><div class="sc-59223abb-2 jGESqS"><span class="content">Tác nhân</span></div></button>
2026-07-20 19:22:40 - Nút Tác nhân đã ở trạng thái TẮT (aria-pressed=false) sau khi đã chờ React load. Bỏ qua.
2026-07-20 19:22:40 - Bắt đầu cấu hình cài đặt tác nhân (Model: Nano Banana Pro, Aspect: 9:16, Batch: 4x)...
2026-07-20 19:22:40 - NÚT CẤU HÌNH ĐƯỢC TÌM THẤY: ID=radix-:rn:, Text=[🍌 Nano Banana 2 crop_9_16 x4]
2026-07-20 19:22:40 - ĐỐI CHIẾU CẤU HÌNH: Cấu hình hiện tại vs Yêu cầu [Model: Nano Banana Pro, Aspect: 9:16, Batch: 4x] -> Trùng khớp: false
2026-07-20 19:22:40 - Cấu hình hiện tại KHÔNG trùng khớp. Tiến hành mở popover để cấu hình lại...
2026-07-20 19:22:40 - Mở popover cấu hình bằng cách click nút cài đặt (Real Click)...
2026-07-20 19:22:43 - Cấu hình loại media tab: IMAGE
2026-07-20 19:22:43 - DUMP BUTTONS BEFORE CONFIG: [map[ariaHasPopup: ariaLabel: class:sc-e8425ea6-0 hOBPaw sc-d3791a4f-0 sc-d3791a4f-4 sc-7cbbf1fc-2 ewGlDn famhRe jjdvrX id: text:arrow_backQuay lại title: visible:true] map[ariaHasPopup:menu ariaLabel: class:sc-e8425ea6-0 hOBPaw sc-d3791a4f-0 sc-d3791a4f-4 sc-26aa1721-3 ewGlDn famhRe dUDRen id:radix-:r3: text:more_vertTuỳ chọn khác title: visible:true] map[ariaHasPopup: ariaLabel: class:sc-e8425ea6-0 hOBPaw sc-d3791a4f-0 sc-d3791a4f-4 sc-eed1ec57-2 ewGlDn famhRe jceYol id: text:searchTìm kiếm title: visible:true] map[ariaHasPopup:menu ariaLabel: class:sc-16c4830a-1 dnFqQq sc-e7a64add-0 sc-e7a64add-2 fPutAP blvbdy sc-98525c58-8 iQjEOG id:radix-:r5: text:filter_listSắp xếp và lọc title: visible:true] map[ariaHasPopup:menu ariaLabel: class:sc-e8425ea6-0 hOBPaw sc-d3791a4f-0 sc-d3791a4f-4 sc-5c4c0aea-1 ewGlDn famhRe eqhuae id:radix-:r7: text:addThêm nội dung nghe nhìn title: visible:true] map[ariaHasPopup: ariaLabel: class:sc-e8425ea6-0 hOBPaw sc-d3791a4f-0 sc-d3791a4f-4 sc-51397942-2 ewGlDn famhRe kCsEmL id: text:helpTrợ giúp về sản phẩm title: visible:true] map[ariaHasPopup:menu ariaLabel: class:sc-e8425ea6-0 hOBPaw sc-d3791a4f-0 sc-d3791a4f-4 sc-a4925f7f-6 ewGlDn famhRe gdBgFb id:radix-:rb: text:settings_2Cài đặt chế độ xem title: visible:true] map[ariaHasPopup:menu ariaLabel: class:sc-e8425ea6-0 hOBPaw sc-d3791a4f-0 sc-d3791a4f-4 sc-4fec6fdf-1 ewGlDn famhRe lokAjc id:radix-:re: text:more_vertKhác title: visible:true] map[ariaHasPopup: ariaLabel: class:sc-a14123c8-0 iNGyoc id: text:ULTRA title: visible:true] map[ariaHasPopup: ariaLabel: class:sc-e8425ea6-0 hOBPaw sc-d3791a4f-0 sc-d3791a4f-5 sc-3ce961f7-0 sc-7e7bc024-0 ewGlDn lnCuH fqbaql jcMEtI id: text:dashboardTất cả nội dung nghe nhìn title: visible:true] map[ariaHasPopup: ariaLabel: class:sc-e8425ea6-0 hOBPaw sc-d3791a4f-0 sc-d3791a4f-5 sc-3ce961f7-0 ewGlDn hGbzYr fqbaql id: text:imageXem hình ảnh title: visible:true] map[ariaHasPopup: ariaLabel: class:sc-e8425ea6-0 hOBPaw sc-d3791a4f-0 sc-d3791a4f-5 sc-3ce961f7-0 ewGlDn hGbzYr fqbaql id: text:accessibility_newNhân vật title: visible:true] map[ariaHasPopup: ariaLabel: class:sc-e8425ea6-0 hOBPaw sc-d3791a4f-0 sc-d3791a4f-5 sc-3ce961f7-0 ewGlDn hGbzYr fqbaql id: text:movieXem các cảnh title: visible:true] map[ariaHasPopup: ariaLabel: class:sc-e8425ea6-0 hOBPaw sc-d3791a4f-0 sc-d3791a4f-5 sc-3ce961f7-0 ewGlDn hGbzYr fqbaql id: text:apps_spark_2Công cụ title: visible:true] map[ariaHasPopup: ariaLabel: class:sc-e8425ea6-0 hOBPaw sc-d3791a4f-0 sc-d3791a4f-5 sc-3ce961f7-0 ewGlDn hGbzYr fqbaql id: text:deleteXem thùng rác title: visible:true] map[ariaHasPopup: ariaLabel: class:sc-e8425ea6-0 hOBPaw sc-d3791a4f-0 sc-d3791a4f-5 sc-3ce961f7-0 ewGlDn hGbzYr fqbaql id: text:left_panel_closeThu gọn title: visible:true] map[ariaHasPopup:dialog ariaLabel: class:sc-e8425ea6-0 hOBPaw sc-d3791a4f-0 sc-d3791a4f-4 sc-253cad92-0 ewGlDn famhRe joSmHx id: text:add_2Tạo title: visible:true] map[ariaHasPopup: ariaLabel: class:sc-59223abb-3 dmZGYv id: text:Tác nhân title: visible:true] map[ariaHasPopup:menu ariaLabel: class:sc-16c4830a-1 dnFqQq sc-e7a64add-0 sc-e7a64add-1 fPutAP jmLZrS sc-93abd9dc-1 ldbhld id:radix-:rn: text:🍌 Nano Banana 2crop_9_16x4 title: visible:true] map[ariaHasPopup: ariaLabel: class:sc-e8425ea6-0 hOBPaw sc-d3791a4f-0 sc-d3791a4f-4 sc-26b30722-5 ewGlDn famhRe jDvIwb id: text:arrow_forwardTạo title: visible:true] map[ariaHasPopup: ariaLabel: class:sc-eb68e7f-2 jrTHnf flow_tab_slider_trigger id:radix-:r1f:-trigger-IMAGE text:imageHình ảnh title: visible:true] map[ariaHasPopup: ariaLabel: class:sc-eb68e7f-2 jrTHnf flow_tab_slider_trigger id:radix-:r1f:-trigger-VIDEO text:play_circleVideo title: visible:true] map[ariaHasPopup: ariaLabel: class:sc-eb68e7f-2 dNQytQ flow_tab_slider_trigger id:radix-:r1i:-trigger-LANDSCAPE text:crop_16_916:9 title: visible:true] map[ariaHasPopup: ariaLabel: class:sc-eb68e7f-2 dNQytQ flow_tab_slider_trigger id:radix-:r1i:-trigger-LANDSCAPE_4_3 text:crop_landscape4:3 title: visible:true] map[ariaHasPopup: ariaLabel: class:sc-eb68e7f-2 dNQytQ flow_tab_slider_trigger id:radix-:r1i:-trigger-SQUARE text:crop_square1:1 title: visible:true] map[ariaHasPopup: ariaLabel: class:sc-eb68e7f-2 dNQytQ flow_tab_slider_trigger id:radix-:r1i:-trigger-PORTRAIT_3_4 text:crop_portrait3:4 title: visible:true] map[ariaHasPopup: ariaLabel: class:sc-eb68e7f-2 dNQytQ flow_tab_slider_trigger id:radix-:r1i:-trigger-PORTRAIT text:crop_9_169:16 title: visible:true] map[ariaHasPopup: ariaLabel: class:sc-eb68e7f-2 DoEQM flow_tab_slider_trigger id:radix-:r1o:-trigger-1 text:1x title: visible:true] map[ariaHasPopup: ariaLabel: class:sc-eb68e7f-2 DoEQM flow_tab_slider_trigger id:radix-:r1o:-trigger-2 text:x2 title: visible:true] map[ariaHasPopup: ariaLabel: class:sc-eb68e7f-2 DoEQM flow_tab_slider_trigger id:radix-:r1o:-trigger-3 text:x3 title: visible:true] map[ariaHasPopup: ariaLabel: class:sc-eb68e7f-2 DoEQM flow_tab_slider_trigger id:radix-:r1o:-trigger-4 text:x4 title: visible:true] map[ariaHasPopup:menu ariaLabel: class:sc-16c4830a-1 dnFqQq sc-e7a64add-0 sc-e7a64add-1 fPutAP jmLZrS sc-3f41cc92-1 eaVRLg id:radix-:r1t: text:🍌 Nano Banana 2arrow_drop_down title: visible:true]]
2026-07-20 19:22:45 - Cấu hình tỷ lệ khung hình: 9:16
2026-07-20 19:22:46 - Cấu hình số lượng (batch size): 4x
2026-07-20 19:22:47 - Cấu hình Model: Nano Banana Pro
2026-07-20 19:22:49 - Đóng hộp thoại cấu hình tác nhân bằng cách hover và click vào ô nhập prompt...
2026-07-20 19:23:25 - Đã hover và click vào ô nhập prompt thành công.
2026-07-20 19:23:25 - URL nhóm ảnh cuối cùng trước khi tạo: []
2026-07-20 19:23:26 - Bắt đầu thực hiện gửi prompt...
2026-07-20 19:23:26 - Thử gửi bằng phím Enter ảo...
2026-07-20 19:23:27 - Thử gửi bằng sự kiện keydown Enter (JS)...
2026-07-20 19:23:27 - Lỗi dispatch event Enter: eval js error: TypeError: Cannot read properties of undefined (reading 'dispatchEvent')
    at HTMLDivElement.<anonymous> (<anonymous>:10:8)
    at HTMLDivElement.<anonymous> (<anonymous>:11:7) <nil>
2026-07-20 19:23:29 - Bắt đầu quét tìm nút gửi bằng JS...
2026-07-20 19:23:29 - Phương án quét JS thất bại. Thử dùng danh sách Selectors dự phòng...
2026-07-20 19:23:52 - Tìm thấy nhóm ảnh mới sinh thành công! Số lượng: 0
2026-07-20 19:23:52 - Tổng số lượng hình ảnh đang có trong dự án: 0
2026-07-20 19:23:52 - Phát hiện lỗi từ Google Flow hoặc quá trình tạo thất bại. Tự động gửi lại prompt (Thử lại lần 2/3)...
2026-07-20 19:23:52 - Bắt đầu thực hiện gửi prompt...
2026-07-20 19:23:52 - Thử gửi bằng phím Enter ảo...
2026-07-20 19:23:53 - Thử gửi bằng sự kiện keydown Enter (JS)...
2026-07-20 19:23:53 - Lỗi dispatch event Enter: eval js error: TypeError: Cannot read properties of undefined (reading 'dispatchEvent')
    at HTMLDivElement.<anonymous> (<anonymous>:10:8)
    at HTMLDivElement.<anonymous> (<anonymous>:11:7) <nil>
2026-07-20 19:23:55 - Bắt đầu quét tìm nút gửi bằng JS...
2026-07-20 19:23:55 - Phương án quét JS thất bại. Thử dùng danh sách Selectors dự phòng...
2026-07-20 19:35:39 - Phát hiện link dự án cũ đã lưu: https://labs.google/fx/vi/tools/flow/project/61b83cbb-f0c2-4ce7-b12c-414da3808f17. Tiến hành mở dự án này...
2026-07-20 19:35:39 - Bắt đầu mở trang Google Flow: https://labs.google/fx/vi/tools/flow/project/61b83cbb-f0c2-4ce7-b12c-414da3808f17
2026-07-20 19:35:40 - Đang chờ trình duyệt tải xong trang Google Flow...
2026-07-20 19:35:40 - URL hiện tại của trình duyệt (chờ load): 
2026-07-20 19:35:41 - URL hiện tại của trình duyệt (chờ load): https://labs.google/fx/vi/tools/flow/project/61b83cbb-f0c2-4ce7-b12c-414da3808f17
2026-07-20 19:35:42 - Bắt đầu kiểm tra trạng thái đăng nhập...
2026-07-20 19:35:42 - URL sau khi kiểm tra redirect login: https://labs.google/fx/vi/tools/flow/project/61b83cbb-f0c2-4ce7-b12c-414da3808f17
2026-07-20 19:35:42 - Đăng nhập thành công. Đang đóng welcome overlays nếu có...
2026-07-20 19:35:42 - Xác minh dự án cũ có hoạt động bình thường không...
2026-07-20 19:35:47 - Không tìm thấy ô nhập liệu trong dự án cũ sau 5 giây. Có vẻ dự án này đã bị lỗi hoặc bị xóa. Tiến hành mở trang chủ để tạo dự án mới...
2026-07-20 19:35:58 - Dự án cũ không hoạt động hoặc không có. Tiến hành click tạo dự án mới...
2026-07-20 19:36:06 - Đang chờ URL chuyển hướng sang '/project/'...
2026-07-20 19:36:06 - URL hiện tại của trình duyệt (chờ /project/): https://labs.google/fx/vi/tools/flow
2026-07-20 19:36:06 - URL hiện tại của trình duyệt (chờ /project/): https://labs.google/fx/vi/tools/flow
2026-07-20 19:36:07 - URL hiện tại của trình duyệt (chờ /project/): https://labs.google/fx/vi/tools/flow
2026-07-20 19:36:07 - URL hiện tại của trình duyệt (chờ /project/): https://labs.google/fx/vi/tools/flow
2026-07-20 19:36:08 - URL hiện tại của trình duyệt (chờ /project/): https://labs.google/fx/vi/tools/flow
2026-07-20 19:36:08 - URL hiện tại của trình duyệt (chờ /project/): https://labs.google/fx/vi/tools/flow
2026-07-20 19:36:09 - URL hiện tại của trình duyệt (chờ /project/): https://labs.google/fx/vi/tools/flow
2026-07-20 19:36:09 - URL hiện tại của trình duyệt (chờ /project/): https://labs.google/fx/vi/tools/flow
2026-07-20 19:36:10 - URL hiện tại của trình duyệt (chờ /project/): https://labs.google/fx/vi/tools/flow
2026-07-20 19:36:10 - URL hiện tại của trình duyệt (chờ /project/): https://labs.google/fx/vi/tools/flow
2026-07-20 19:36:11 - URL hiện tại của trình duyệt (chờ /project/): https://labs.google/fx/vi/tools/flow
2026-07-20 19:36:11 - URL hiện tại của trình duyệt (chờ /project/): https://labs.google/fx/vi/tools/flow
2026-07-20 19:36:12 - URL hiện tại của trình duyệt (chờ /project/): https://labs.google/fx/vi/tools/flow
2026-07-20 19:36:12 - URL hiện tại của trình duyệt (chờ /project/): https://labs.google/fx/vi/tools/flow
2026-07-20 19:36:13 - URL hiện tại của trình duyệt (chờ /project/): https://labs.google/fx/vi/tools/flow
2026-07-20 19:36:13 - URL hiện tại của trình duyệt (chờ /project/): https://labs.google/fx/vi/tools/flow
2026-07-20 19:36:14 - URL hiện tại của trình duyệt (chờ /project/): https://labs.google/fx/vi/tools/flow
2026-07-20 19:36:14 - URL hiện tại của trình duyệt (chờ /project/): https://labs.google/fx/vi/tools/flow
2026-07-20 19:36:15 - URL hiện tại của trình duyệt (chờ /project/): https://labs.google/fx/vi/tools/flow
2026-07-20 19:36:15 - URL hiện tại của trình duyệt (chờ /project/): https://labs.google/fx/vi/tools/flow
2026-07-20 19:36:17 - Không có link dự án cũ hoặc không hợp lệ. Tiến hành mở trang chủ...
2026-07-20 19:36:17 - Bắt đầu mở trang Google Flow: https://labs.google/fx/vi/tools/flow
2026-07-20 19:36:22 - Đang chờ trình duyệt tải xong trang Google Flow...
2026-07-20 19:36:22 - URL hiện tại của trình duyệt (chờ load): 
2026-07-20 19:36:23 - URL hiện tại của trình duyệt (chờ load): https://labs.google/fx/vi/tools/flow
2026-07-20 19:36:24 - Bắt đầu kiểm tra trạng thái đăng nhập...
2026-07-20 19:36:24 - URL sau khi kiểm tra redirect login: https://labs.google/fx/vi/tools/flow
2026-07-20 19:36:24 - Đăng nhập thành công. Đang đóng welcome overlays nếu có...
2026-07-20 19:36:25 - Dự án cũ không hoạt động hoặc không có. Tiến hành click tạo dự án mới...
2026-07-20 19:36:27 - Đang chờ URL chuyển hướng sang '/project/'...
2026-07-20 19:36:27 - URL hiện tại của trình duyệt (chờ /project/): https://labs.google/fx/vi/tools/flow/project/96ad8bba-2790-4beb-9f6a-9b3a2ac29dfd
2026-07-20 19:36:27 - Lưu link dự án mới vào settings.json: https://labs.google/fx/vi/tools/flow/project/96ad8bba-2790-4beb-9f6a-9b3a2ac29dfd
2026-07-20 19:36:27 - Đã vào dự án thành công!
2026-07-20 19:36:27 - Bắt đầu quét tìm ô PromptInput...
2026-07-20 19:36:30 - Đã tìm thấy PromptInput! HTML snippet: <div role="textbox" aria-multiline="true" spellcheck="false" class="sc-a8ba1f43-0 djaQmW sc-26b30722-6 jwWpiy" data-slate-editor="true" data-slate-node="value" contenteditable="true" zindex="-1" style...
2026-07-20 19:36:30 - Kiểm tra trạng thái nút Tác nhân (Agent)...
2026-07-20 19:36:30 - Đã tìm thấy nút Tác nhân! HTML: <button type="button" aria-pressed="false" class="sc-59223abb-3 dmZGYv"><div class="sc-59223abb-2 jGESqS"><span class="content">Tác nhân</span></div></button>
2026-07-20 19:36:33 - Nút Tác nhân đã ở trạng thái TẮT (aria-pressed=false) sau khi đã chờ React load. Bỏ qua.
2026-07-20 19:36:34 - Bắt đầu cấu hình cài đặt tác nhân (Model: Nano Banana Pro, Aspect: 9:16, Batch: 4x)...
2026-07-20 19:36:34 - NÚT CẤU HÌNH ĐƯỢC TÌM THẤY: ID=radix-:r27:, Text=[🍌 Nano Banana Pro crop_9_16 x4]
2026-07-20 19:36:34 - ĐỐI CHIẾU CẤU HÌNH: Cấu hình hiện tại vs Yêu cầu [Model: Nano Banana Pro, Aspect: 9:16, Batch: 4x] -> Trùng khớp: true
2026-07-20 19:36:34 - Cấu hình hiện tại ĐÃ TRÙNG KHỚP với yêu cầu. BỎ QUA toàn bộ các bước mở cấu hình.
2026-07-20 19:36:34 - URL nhóm ảnh cuối cùng trước khi tạo: []
2026-07-20 19:36:34 - Phát hiện lỗi từ Google Flow hoặc quá trình tạo thất bại. Tự động gửi lại prompt (Thử lại lần 2/3)...
2026-07-20 19:36:34 - Phát hiện lỗi từ Google Flow hoặc quá trình tạo thất bại. Tự động gửi lại prompt (Thử lại lần 3/3)...
2026-07-20 19:42:13 - Phát hiện link dự án cũ đã lưu: https://labs.google/fx/vi/tools/flow/project/96ad8bba-2790-4beb-9f6a-9b3a2ac29dfd. Tiến hành mở dự án này...
2026-07-20 19:42:13 - Bắt đầu mở trang Google Flow: https://labs.google/fx/vi/tools/flow/project/96ad8bba-2790-4beb-9f6a-9b3a2ac29dfd
2026-07-20 19:42:14 - Đang chờ trình duyệt tải xong trang Google Flow...
2026-07-20 19:42:14 - URL hiện tại của trình duyệt (chờ load): 
2026-07-20 19:42:14 - URL hiện tại của trình duyệt (chờ load): https://labs.google/fx/vi/tools/flow/project/96ad8bba-2790-4beb-9f6a-9b3a2ac29dfd
2026-07-20 19:42:15 - Bắt đầu kiểm tra trạng thái đăng nhập...
2026-07-20 19:42:15 - URL sau khi kiểm tra redirect login: https://labs.google/fx/vi/tools/flow/project/96ad8bba-2790-4beb-9f6a-9b3a2ac29dfd
2026-07-20 19:42:15 - Đăng nhập thành công. Đang đóng welcome overlays nếu có...
2026-07-20 19:42:16 - Xác minh dự án cũ có hoạt động bình thường không...
2026-07-20 19:42:36 - Không tìm thấy ô nhập liệu trong dự án cũ sau 20 giây. Có vẻ dự án này đã bị lỗi hoặc bị xóa. Tiến hành mở trang chủ để tạo dự án mới...
2026-07-20 19:42:39 - Dự án cũ không hoạt động hoặc không có. Tiến hành click tạo dự án mới...
2026-07-20 19:42:47 - Đang chờ URL chuyển hướng sang '/project/'...
2026-07-20 19:42:47 - URL hiện tại của trình duyệt (chờ /project/): https://labs.google/fx/vi/tools/flow
2026-07-20 19:42:47 - URL hiện tại của trình duyệt (chờ /project/): https://labs.google/fx/vi/tools/flow
2026-07-20 19:42:48 - URL hiện tại của trình duyệt (chờ /project/): https://labs.google/fx/vi/tools/flow
2026-07-20 19:42:48 - URL hiện tại của trình duyệt (chờ /project/): https://labs.google/fx/vi/tools/flow
2026-07-20 19:42:49 - URL hiện tại của trình duyệt (chờ /project/): https://labs.google/fx/vi/tools/flow
2026-07-20 19:42:49 - URL hiện tại của trình duyệt (chờ /project/): https://labs.google/fx/vi/tools/flow
2026-07-20 19:42:50 - URL hiện tại của trình duyệt (chờ /project/): https://labs.google/fx/vi/tools/flow
2026-07-20 19:42:50 - URL hiện tại của trình duyệt (chờ /project/): https://labs.google/fx/vi/tools/flow
2026-07-20 19:42:51 - URL hiện tại của trình duyệt (chờ /project/): https://labs.google/fx/vi/tools/flow
2026-07-20 19:42:51 - URL hiện tại của trình duyệt (chờ /project/): https://labs.google/fx/vi/tools/flow
2026-07-20 19:42:52 - URL hiện tại của trình duyệt (chờ /project/): https://labs.google/fx/vi/tools/flow
2026-07-20 19:42:52 - URL hiện tại của trình duyệt (chờ /project/): https://labs.google/fx/vi/tools/flow
2026-07-20 19:42:53 - URL hiện tại của trình duyệt (chờ /project/): https://labs.google/fx/vi/tools/flow
2026-07-20 19:42:53 - URL hiện tại của trình duyệt (chờ /project/): https://labs.google/fx/vi/tools/flow
2026-07-20 19:42:54 - URL hiện tại của trình duyệt (chờ /project/): https://labs.google/fx/vi/tools/flow
2026-07-20 19:42:54 - URL hiện tại của trình duyệt (chờ /project/): https://labs.google/fx/vi/tools/flow
2026-07-20 19:42:55 - URL hiện tại của trình duyệt (chờ /project/): https://labs.google/fx/vi/tools/flow
2026-07-20 19:42:55 - URL hiện tại của trình duyệt (chờ /project/): https://labs.google/fx/vi/tools/flow
2026-07-20 19:50:38 - Không có link dự án cũ hoặc không hợp lệ. Tiến hành mở trang chủ...
2026-07-20 19:50:38 - Bắt đầu mở trang Google Flow: https://labs.google/fx/vi/tools/flow
2026-07-20 19:50:40 - Đang chờ trình duyệt tải xong trang Google Flow...
2026-07-20 19:50:40 - URL hiện tại của trình duyệt (chờ load): 
2026-07-20 19:50:41 - URL hiện tại của trình duyệt (chờ load): https://labs.google/fx/vi/tools/flow
2026-07-20 19:50:42 - Bắt đầu kiểm tra trạng thái đăng nhập...
2026-07-20 19:50:42 - URL sau khi kiểm tra redirect login: https://labs.google/fx/vi/tools/flow
2026-07-20 19:50:42 - Đăng nhập thành công. Đang đóng welcome overlays nếu có...
2026-07-20 19:50:43 - Dự án cũ không hoạt động hoặc không có. Tiến hành click tạo dự án mới...
2026-07-20 19:50:43 - Đã tìm thấy nút Tạo dự án mới. Đang mô phỏng click chuột thật...
2026-07-20 19:50:43 - Đang chờ URL chuyển hướng sang '/project/'...
2026-07-20 19:50:43 - URL hiện tại của trình duyệt (chờ /project/): https://labs.google/fx/vi/tools/flow
2026-07-20 19:50:43 - URL hiện tại của trình duyệt (chờ /project/): https://labs.google/fx/vi/tools/flow
2026-07-20 19:50:44 - URL hiện tại của trình duyệt (chờ /project/): https://labs.google/fx/vi/tools/flow
2026-07-20 19:50:44 - URL hiện tại của trình duyệt (chờ /project/): https://labs.google/fx/vi/tools/flow
2026-07-20 19:50:45 - URL hiện tại của trình duyệt (chờ /project/): https://labs.google/fx/vi/tools/flow
2026-07-20 19:50:45 - URL hiện tại của trình duyệt (chờ /project/): https://labs.google/fx/vi/tools/flow
2026-07-20 19:50:46 - URL hiện tại của trình duyệt (chờ /project/): https://labs.google/fx/vi/tools/flow
2026-07-20 19:50:46 - URL hiện tại của trình duyệt (chờ /project/): https://labs.google/fx/vi/tools/flow
2026-07-20 19:50:47 - URL hiện tại của trình duyệt (chờ /project/): https://labs.google/fx/vi/tools/flow
2026-07-20 19:50:47 - URL hiện tại của trình duyệt (chờ /project/): https://labs.google/fx/vi/tools/flow
2026-07-20 19:50:48 - URL hiện tại của trình duyệt (chờ /project/): https://labs.google/fx/vi/tools/flow
2026-07-20 19:50:48 - URL hiện tại của trình duyệt (chờ /project/): https://labs.google/fx/vi/tools/flow
2026-07-20 19:50:49 - URL hiện tại của trình duyệt (chờ /project/): https://labs.google/fx/vi/tools/flow
2026-07-20 19:50:49 - URL hiện tại của trình duyệt (chờ /project/): https://labs.google/fx/vi/tools/flow
2026-07-20 19:50:50 - URL hiện tại của trình duyệt (chờ /project/): https://labs.google/fx/vi/tools/flow
2026-07-20 19:50:50 - URL hiện tại của trình duyệt (chờ /project/): https://labs.google/fx/vi/tools/flow
2026-07-20 19:50:51 - URL hiện tại của trình duyệt (chờ /project/): https://labs.google/fx/vi/tools/flow
2026-07-20 19:50:51 - URL hiện tại của trình duyệt (chờ /project/): https://labs.google/fx/vi/tools/flow
2026-07-20 19:50:52 - URL hiện tại của trình duyệt (chờ /project/): https://labs.google/fx/vi/tools/flow
2026-07-20 19:50:52 - URL hiện tại của trình duyệt (chờ /project/): https://labs.google/fx/vi/tools/flow
2026-07-20 19:50:53 - URL hiện tại của trình duyệt (chờ /project/): https://labs.google/fx/vi/tools/flow
2026-07-20 19:50:53 - URL hiện tại của trình duyệt (chờ /project/): https://labs.google/fx/vi/tools/flow
2026-07-20 19:50:54 - URL hiện tại của trình duyệt (chờ /project/): https://labs.google/fx/vi/tools/flow
2026-07-20 19:50:54 - URL hiện tại của trình duyệt (chờ /project/): https://labs.google/fx/vi/tools/flow
2026-07-20 19:50:55 - URL hiện tại của trình duyệt (chờ /project/): https://labs.google/fx/vi/tools/flow
2026-07-20 19:50:55 - URL hiện tại của trình duyệt (chờ /project/): https://labs.google/fx/vi/tools/flow
2026-07-20 19:50:56 - URL hiện tại của trình duyệt (chờ /project/): https://labs.google/fx/vi/tools/flow
2026-07-20 19:50:56 - URL hiện tại của trình duyệt (chờ /project/): https://labs.google/fx/vi/tools/flow
2026-07-20 19:50:57 - URL hiện tại của trình duyệt (chờ /project/): https://labs.google/fx/vi/tools/flow
2026-07-20 19:50:57 - URL hiện tại của trình duyệt (chờ /project/): https://labs.google/fx/vi/tools/flow
2026-07-20 19:50:58 - Timeout chờ chuyển hướng sang /project/. URL hiện tại: https://labs.google/fx/vi/tools/flow
2026-07-20 19:54:56 - Không có link dự án cũ hoặc không hợp lệ. Tiến hành mở trang chủ...
2026-07-20 19:54:56 - Bắt đầu mở trang Google Flow: https://labs.google/fx/vi/tools/flow
2026-07-20 19:54:57 - Đang chờ trình duyệt tải xong trang Google Flow...
2026-07-20 19:54:57 - URL hiện tại của trình duyệt (chờ load): 
2026-07-20 19:54:57 - URL hiện tại của trình duyệt (chờ load): https://labs.google/fx/vi/tools/flow
2026-07-20 19:54:59 - Bắt đầu kiểm tra trạng thái đăng nhập...
2026-07-20 19:54:59 - URL sau khi kiểm tra redirect login: https://labs.google/fx/vi/tools/flow
2026-07-20 19:54:59 - Đăng nhập thành công. Đang đóng welcome overlays nếu có...
2026-07-20 19:54:59 - Dự án cũ không hoạt động hoặc không có. Tiến hành click tạo dự án mới...
2026-07-20 19:54:59 - Đã tìm thấy nút Tạo dự án mới. Đang mô phỏng click chuột thật...
2026-07-20 19:55:01 - Đang chờ URL chuyển hướng sang '/project/'...
2026-07-20 19:55:01 - URL hiện tại của trình duyệt (chờ /project/): https://labs.google/fx/vi/tools/flow/project/01813d66-84e4-4f07-b53b-6ad0116dd714
2026-07-20 19:55:01 - Lưu link dự án mới vào settings.json: https://labs.google/fx/vi/tools/flow/project/01813d66-84e4-4f07-b53b-6ad0116dd714
2026-07-20 19:55:01 - Đã vào dự án thành công!
2026-07-20 19:55:01 - Bắt đầu quét tìm ô PromptInput...
2026-07-20 19:55:02 - Đã tìm thấy PromptInput! HTML snippet: <div role="textbox" aria-multiline="true" spellcheck="false" class="sc-a8ba1f43-0 djaQmW sc-26b30722-6 jwWpiy" data-slate-editor="true" data-slate-node="value" contenteditable="true" zindex="-1" style...
2026-07-20 19:55:02 - Kiểm tra trạng thái nút Tác nhân (Agent)...
2026-07-20 19:55:02 - Đã tìm thấy nút Tác nhân! HTML: <button type="button" aria-pressed="false" class="sc-59223abb-3 dmZGYv"><div class="sc-59223abb-2 jGESqS"><span class="content">Tác nhân</span></div></button>
2026-07-20 19:55:05 - Nút Tác nhân đã ở trạng thái TẮT (aria-pressed=false) sau khi đã chờ React load. Bỏ qua.
2026-07-20 19:55:05 - Bắt đầu cấu hình cài đặt tác nhân (Model: Nano Banana Pro, Aspect: 9:16, Batch: 4x)...
2026-07-20 19:55:05 - NÚT CẤU HÌNH ĐƯỢC TÌM THẤY: ID=radix-:r27:, Text=[🍌 Nano Banana Pro crop_9_16 x4]
2026-07-20 19:55:05 - ĐỐI CHIẾU CẤU HÌNH: Cấu hình hiện tại vs Yêu cầu [Model: Nano Banana Pro, Aspect: 9:16, Batch: 4x] -> Trùng khớp: true
2026-07-20 19:55:05 - Cấu hình hiện tại ĐÃ TRÙNG KHỚP với yêu cầu. BỎ QUA toàn bộ các bước mở cấu hình.
2026-07-20 19:55:05 - URL nhóm ảnh cuối cùng trước khi tạo: []
2026-07-20 19:55:05 - Bắt đầu thực hiện gửi prompt...
2026-07-20 19:55:05 - Thử gửi bằng phím Enter ảo...
2026-07-20 19:55:06 - Thử gửi bằng sự kiện keydown Enter (JS)...
2026-07-20 19:55:08 - Bắt đầu quét tìm nút gửi bằng JS...
2026-07-20 19:55:08 - Tiến hành click nút gửi...
2026-07-20 19:58:54 - Phát hiện link dự án cũ đã lưu: https://labs.google/fx/vi/tools/flow/project/01813d66-84e4-4f07-b53b-6ad0116dd714. Tiến hành mở dự án này...
2026-07-20 19:58:54 - Bắt đầu mở trang Google Flow: https://labs.google/fx/vi/tools/flow/project/01813d66-84e4-4f07-b53b-6ad0116dd714
2026-07-20 19:58:54 - Đang chờ trình duyệt tải xong trang Google Flow...
2026-07-20 19:58:54 - URL hiện tại của trình duyệt (chờ load): 
2026-07-20 19:58:55 - URL hiện tại của trình duyệt (chờ load): https://labs.google/fx/vi/tools/flow/project/01813d66-84e4-4f07-b53b-6ad0116dd714
2026-07-20 19:58:56 - Bắt đầu kiểm tra trạng thái đăng nhập...
2026-07-20 19:58:56 - URL sau khi kiểm tra redirect login: https://labs.google/fx/vi/tools/flow/project/01813d66-84e4-4f07-b53b-6ad0116dd714
2026-07-20 19:58:56 - Đăng nhập thành công. Đang đóng welcome overlays nếu có...
2026-07-20 19:58:57 - Xác minh dự án cũ có hoạt động bình thường không...
2026-07-20 19:58:57 - Dự án cũ hoạt động bình thường! Tiếp tục sử dụng.
2026-07-20 19:58:57 - Đã vào dự án thành công!
2026-07-20 19:58:57 - Bắt đầu quét tìm ô PromptInput...
2026-07-20 19:58:57 - Đã tìm thấy PromptInput! HTML snippet: <div role="textbox" aria-multiline="true" spellcheck="false" class="sc-a8ba1f43-0 djaQmW sc-26b30722-6 jwWpiy" data-slate-editor="true" data-slate-node="value" contenteditable="true" zindex="-1" style...
2026-07-20 19:58:57 - Kiểm tra trạng thái nút Tác nhân (Agent)...
2026-07-20 19:58:57 - Đã tìm thấy nút Tác nhân! HTML: <button type="button" aria-pressed="false" class="sc-59223abb-3 dmZGYv"><div class="sc-59223abb-2 jGESqS"><span class="content">Tác nhân</span></div></button>
2026-07-20 19:59:00 - Nút Tác nhân đã ở trạng thái TẮT (aria-pressed=false) sau khi đã chờ React load. Bỏ qua.
2026-07-20 19:59:00 - Bắt đầu cấu hình cài đặt tác nhân (Model: Nano Banana Pro, Aspect: 9:16, Batch: 2x)...
2026-07-20 19:59:00 - NÚT CẤU HÌNH ĐƯỢC TÌM THẤY: ID=radix-:rn:, Text=[🍌 Nano Banana Pro crop_9_16 x4]
2026-07-20 19:59:00 - ĐỐI CHIẾU CẤU HÌNH: Cấu hình hiện tại vs Yêu cầu [Model: Nano Banana Pro, Aspect: 9:16, Batch: 2x] -> Trùng khớp: false
2026-07-20 19:59:00 - Cấu hình hiện tại KHÔNG trùng khớp. Tiến hành mở popover để cấu hình lại...
2026-07-20 19:59:00 - Mở popover cấu hình bằng cách click nút cài đặt (Real Click)...
2026-07-20 19:59:04 - Cấu hình loại media tab: IMAGE
2026-07-20 19:59:04 - DUMP BUTTONS BEFORE CONFIG: [map[ariaHasPopup: ariaLabel: class:sc-e8425ea6-0 hOBPaw sc-d3791a4f-0 sc-d3791a4f-4 sc-7cbbf1fc-2 ewGlDn famhRe jjdvrX id: text:arrow_backQuay lại title: visible:true] map[ariaHasPopup:menu ariaLabel: class:sc-e8425ea6-0 hOBPaw sc-d3791a4f-0 sc-d3791a4f-4 sc-26aa1721-3 ewGlDn famhRe dUDRen id:radix-:r3: text:more_vertTuỳ chọn khác title: visible:true] map[ariaHasPopup: ariaLabel: class:sc-e8425ea6-0 hOBPaw sc-d3791a4f-0 sc-d3791a4f-4 sc-eed1ec57-2 ewGlDn famhRe jceYol id: text:searchTìm kiếm title: visible:true] map[ariaHasPopup:menu ariaLabel: class:sc-16c4830a-1 dnFqQq sc-e7a64add-0 sc-e7a64add-2 fPutAP blvbdy sc-98525c58-8 iQjEOG id:radix-:r5: text:filter_listSắp xếp và lọc title: visible:true] map[ariaHasPopup:menu ariaLabel: class:sc-e8425ea6-0 hOBPaw sc-d3791a4f-0 sc-d3791a4f-4 sc-5c4c0aea-1 ewGlDn famhRe eqhuae id:radix-:r7: text:addThêm nội dung nghe nhìn title: visible:true] map[ariaHasPopup: ariaLabel: class:sc-e8425ea6-0 hOBPaw sc-d3791a4f-0 sc-d3791a4f-4 sc-51397942-2 ewGlDn famhRe kCsEmL id: text:helpTrợ giúp về sản phẩm title: visible:true] map[ariaHasPopup:menu ariaLabel: class:sc-e8425ea6-0 hOBPaw sc-d3791a4f-0 sc-d3791a4f-4 sc-a4925f7f-6 ewGlDn famhRe gdBgFb id:radix-:rb: text:settings_2Cài đặt chế độ xem title: visible:true] map[ariaHasPopup:menu ariaLabel: class:sc-e8425ea6-0 hOBPaw sc-d3791a4f-0 sc-d3791a4f-4 sc-4fec6fdf-1 ewGlDn famhRe lokAjc id:radix-:re: text:more_vertKhác title: visible:true] map[ariaHasPopup: ariaLabel: class:sc-a14123c8-0 iNGyoc id: text:ULTRA title: visible:true] map[ariaHasPopup: ariaLabel: class:sc-e8425ea6-0 hOBPaw sc-d3791a4f-0 sc-d3791a4f-5 sc-3ce961f7-0 sc-7e7bc024-0 ewGlDn lnCuH fqbaql jcMEtI id: text:dashboardTất cả nội dung nghe nhìn title: visible:true] map[ariaHasPopup: ariaLabel: class:sc-e8425ea6-0 hOBPaw sc-d3791a4f-0 sc-d3791a4f-5 sc-3ce961f7-0 ewGlDn hGbzYr fqbaql id: text:accessibility_newNhân vật title: visible:true] map[ariaHasPopup: ariaLabel: class:sc-e8425ea6-0 hOBPaw sc-d3791a4f-0 sc-d3791a4f-5 sc-3ce961f7-0 ewGlDn hGbzYr fqbaql id: text:movieXem các cảnh title: visible:true] map[ariaHasPopup: ariaLabel: class:sc-e8425ea6-0 hOBPaw sc-d3791a4f-0 sc-d3791a4f-5 sc-3ce961f7-0 ewGlDn hGbzYr fqbaql id: text:apps_spark_2Công cụ title: visible:true] map[ariaHasPopup: ariaLabel: class:sc-e8425ea6-0 hOBPaw sc-d3791a4f-0 sc-d3791a4f-5 sc-3ce961f7-0 ewGlDn hGbzYr fqbaql id: text:deleteXem thùng rác title: visible:true] map[ariaHasPopup: ariaLabel: class:sc-e8425ea6-0 hOBPaw sc-d3791a4f-0 sc-d3791a4f-5 sc-3ce961f7-0 ewGlDn hGbzYr fqbaql id: text:left_panel_openMở rộng title: visible:true] map[ariaHasPopup: ariaLabel: class:sc-16c4830a-1 dnFqQq sc-e7a64add-0 sc-e7a64add-2 fPutAP blvbdy sc-d393a63f-6 gAGkIl id: text:Nhà hát với bộ âu phục màu đỏGóc nhìn phóng đại về một người mặc bộ đồ màu đỏ tươi đang nhảy một mình trong nhà hát có vô số chiếc ghế màu xanh dương nhạt chiếm trọn khung hình. Cách bố trí ghế trông giống như những con sóng trên đại dương. Hiệu ứng hạt mỏng cổ điển mờ ảo, chỉnh màu theo tông tương phản bổ sung, phong cách nhiếp ảnh kiểu chụp flash. title: visible:true] map[ariaHasPopup: ariaLabel: class:sc-16c4830a-1 dnFqQq sc-e7a64add-0 sc-e7a64add-2 fPutAP blvbdy sc-d393a63f-6 gAGkIl id: text:Công nghệ màu hồng mờẢnh cận cảnh một thiết kế thiết bị kỹ thuật số bỏ túi nhỏ gọn theo phong cách hậu hiện đại, có bề mặt bo tròn mềm mại, được bọc trong lớp vỏ nhựa mờ công nghiệp màu hồng tươi trong suốt, đồng thời được trang trí bằng các hình dán 3D rực rỡ, hình trái tim, mặt cười, móc khoá và đồ chơi làm bằng nhựa mờ trong suốt. Thiết bị này được đặt trên nền trắng. title: visible:true] map[ariaHasPopup: ariaLabel: class:sc-16c4830a-1 dnFqQq sc-e7a64add-0 sc-e7a64add-2 fPutAP blvbdy sc-d393a63f-6 gzpixc id: text:Xây dựng một thế giớiGiúp tôi xây dựng một thế giới để sáng tạo trong dự án này, sao cho tôi có thể tạo ra các kết quả nhất quán và chất lượng cao. Hãy đặt câu hỏi để giúp tôi bắt đầu tạo nhân vật, bối cảnh, đạo cụ, v.v., đồng thời hướng dẫn tôi cách tạo và sắp xếp những yếu tố này. title: visible:true] map[ariaHasPopup:dialog ariaLabel: class:sc-e8425ea6-0 hOBPaw sc-d3791a4f-0 sc-d3791a4f-4 sc-253cad92-0 ewGlDn famhRe joSmHx id: text:add_2Tạo title: visible:true] map[ariaHasPopup: ariaLabel: class:sc-59223abb-3 dmZGYv id: text:Tác nhân title: visible:true] map[ariaHasPopup:menu ariaLabel: class:sc-16c4830a-1 dnFqQq sc-e7a64add-0 sc-e7a64add-1 fPutAP jmLZrS sc-93abd9dc-1 ldbhld id:radix-:rn: text:🍌 Nano Banana Procrop_9_16x4 title: visible:true] map[ariaHasPopup: ariaLabel: class:sc-e8425ea6-0 hOBPaw sc-d3791a4f-0 sc-d3791a4f-4 sc-26b30722-5 ewGlDn famhRe jDvIwb id: text:arrow_forwardTạo title: visible:true] map[ariaHasPopup: ariaLabel: class:sc-eb68e7f-2 jrTHnf flow_tab_slider_trigger id:radix-:r1d:-trigger-IMAGE text:imageHình ảnh title: visible:true] map[ariaHasPopup: ariaLabel: class:sc-eb68e7f-2 jrTHnf flow_tab_slider_trigger id:radix-:r1d:-trigger-VIDEO text:play_circleVideo title: visible:true] map[ariaHasPopup: ariaLabel: class:sc-eb68e7f-2 dNQytQ flow_tab_slider_trigger id:radix-:r1g:-trigger-LANDSCAPE text:crop_16_916:9 title: visible:true] map[ariaHasPopup: ariaLabel: class:sc-eb68e7f-2 dNQytQ flow_tab_slider_trigger id:radix-:r1g:-trigger-LANDSCAPE_4_3 text:crop_landscape4:3 title: visible:true] map[ariaHasPopup: ariaLabel: class:sc-eb68e7f-2 dNQytQ flow_tab_slider_trigger id:radix-:r1g:-trigger-SQUARE text:crop_square1:1 title: visible:true] map[ariaHasPopup: ariaLabel: class:sc-eb68e7f-2 dNQytQ flow_tab_slider_trigger id:radix-:r1g:-trigger-PORTRAIT_3_4 text:crop_portrait3:4 title: visible:true] map[ariaHasPopup: ariaLabel: class:sc-eb68e7f-2 dNQytQ flow_tab_slider_trigger id:radix-:r1g:-trigger-PORTRAIT text:crop_9_169:16 title: visible:true] map[ariaHasPopup: ariaLabel: class:sc-eb68e7f-2 DoEQM flow_tab_slider_trigger id:radix-:r1m:-trigger-1 text:1x title: visible:true] map[ariaHasPopup: ariaLabel: class:sc-eb68e7f-2 DoEQM flow_tab_slider_trigger id:radix-:r1m:-trigger-2 text:x2 title: visible:true] map[ariaHasPopup: ariaLabel: class:sc-eb68e7f-2 DoEQM flow_tab_slider_trigger id:radix-:r1m:-trigger-3 text:x3 title: visible:true] map[ariaHasPopup: ariaLabel: class:sc-eb68e7f-2 DoEQM flow_tab_slider_trigger id:radix-:r1m:-trigger-4 text:x4 title: visible:true] map[ariaHasPopup:menu ariaLabel: class:sc-16c4830a-1 dnFqQq sc-e7a64add-0 sc-e7a64add-1 fPutAP jmLZrS sc-3f41cc92-1 eaVRLg id:radix-:r1r: text:🍌 Nano Banana Proarrow_drop_down title: visible:true]]
2026-07-20 19:59:05 - Cấu hình tỷ lệ khung hình: 9:16
2026-07-20 19:59:06 - Cấu hình số lượng (batch size): 2x
2026-07-20 19:59:07 - Cấu hình Model: Nano Banana Pro
2026-07-20 19:59:10 - Đóng hộp thoại cấu hình tác nhân bằng cách hover và click vào ô nhập prompt...
2026-07-20 19:59:42 - Đã hover và click vào ô nhập prompt thành công.
2026-07-20 19:59:42 - URL nhóm ảnh cuối cùng trước khi tạo: []
2026-07-20 19:59:42 - Bắt đầu thực hiện gửi prompt...
2026-07-20 19:59:42 - Thử gửi bằng phím Enter ảo...
2026-07-20 19:59:43 - Thử gửi bằng sự kiện keydown Enter (JS)...
2026-07-20 19:59:45 - Bắt đầu quét tìm nút gửi bằng JS...
2026-07-20 19:59:45 - Tiến hành click nút gửi...
2026-07-20 20:05:35 - Phát hiện link dự án cũ đã lưu: https://labs.google/fx/vi/tools/flow/project/01813d66-84e4-4f07-b53b-6ad0116dd714. Tiến hành mở dự án này...
2026-07-20 20:05:35 - Bắt đầu mở trang Google Flow: https://labs.google/fx/vi/tools/flow/project/01813d66-84e4-4f07-b53b-6ad0116dd714
2026-07-20 20:05:38 - Đang chờ trình duyệt tải xong trang Google Flow...
2026-07-20 20:05:38 - URL hiện tại của trình duyệt (chờ load): 
2026-07-20 20:05:38 - URL hiện tại của trình duyệt (chờ load): https://labs.google/fx/vi/tools/flow/project/01813d66-84e4-4f07-b53b-6ad0116dd714
2026-07-20 20:05:39 - Bắt đầu kiểm tra trạng thái đăng nhập...
2026-07-20 20:05:39 - URL sau khi kiểm tra redirect login: https://labs.google/fx/vi/tools/flow/project/01813d66-84e4-4f07-b53b-6ad0116dd714
2026-07-20 20:05:39 - Đăng nhập thành công. Đang đóng welcome overlays nếu có...
2026-07-20 20:05:40 - Xác minh dự án cũ có hoạt động bình thường không...
2026-07-20 20:06:10 - Không tìm thấy ô nhập liệu trong dự án cũ sau 30 giây. Có vẻ dự án này đã bị lỗi hoặc bị xóa. Tiến hành mở trang chủ để tạo dự án mới...
2026-07-20 20:06:16 - Dự án cũ không hoạt động hoặc không có. Tiến hành click tạo dự án mới...
2026-07-20 20:06:16 - Đã tìm thấy nút Tạo dự án mới. Đang mô phỏng click chuột thật...
2026-07-20 20:06:17 - Đang chờ URL chuyển hướng sang '/project/'...
2026-07-20 20:06:17 - URL hiện tại của trình duyệt (chờ /project/): https://labs.google/fx/vi/tools/flow/project/b46ba910-a810-480e-80f1-7531323ac1db
2026-07-20 20:06:17 - Lưu link dự án mới vào settings.json: https://labs.google/fx/vi/tools/flow/project/b46ba910-a810-480e-80f1-7531323ac1db
2026-07-20 20:06:17 - Đã vào dự án thành công!
2026-07-20 20:06:17 - Bắt đầu quét tìm ô PromptInput...
2026-07-20 20:06:18 - Đã tìm thấy PromptInput! HTML snippet: <div role="textbox" aria-multiline="true" spellcheck="false" class="sc-a8ba1f43-0 djaQmW sc-26b30722-6 jwWpiy" data-slate-editor="true" data-slate-node="value" contenteditable="true" zindex="-1" style...
2026-07-20 20:06:18 - Kiểm tra trạng thái nút Tác nhân (Agent)...
2026-07-20 20:06:18 - Đã tìm thấy nút Tác nhân! HTML: <button type="button" aria-pressed="false" class="sc-59223abb-3 dmZGYv"><div class="sc-59223abb-2 jGESqS"><span class="content">Tác nhân</span></div></button>
2026-07-20 20:06:21 - Nút Tác nhân đã ở trạng thái TẮT (aria-pressed=false) sau khi đã chờ React load. Bỏ qua.
2026-07-20 20:06:21 - Bắt đầu cấu hình cài đặt tác nhân (Model: Nano Banana Pro, Aspect: 9:16, Batch: 2x)...
2026-07-20 20:06:21 - NÚT CẤU HÌNH ĐƯỢC TÌM THẤY: ID=radix-:r27:, Text=[🍌 Nano Banana Pro crop_9_16 x2]
2026-07-20 20:06:21 - ĐỐI CHIẾU CẤU HÌNH: Cấu hình hiện tại vs Yêu cầu [Model: Nano Banana Pro, Aspect: 9:16, Batch: 2x] -> Trùng khớp: true
2026-07-20 20:06:21 - Cấu hình hiện tại ĐÃ TRÙNG KHỚP với yêu cầu. BỎ QUA toàn bộ các bước mở cấu hình.
2026-07-20 20:06:21 - URL nhóm ảnh cuối cùng trước khi tạo: []
2026-07-20 20:06:22 - Bắt đầu thực hiện gửi prompt...
2026-07-20 20:06:22 - Thử gửi bằng phím Enter ảo...
2026-07-20 20:06:23 - Thử gửi bằng sự kiện keydown Enter (JS)...
2026-07-20 20:06:24 - Bắt đầu quét tìm nút gửi bằng JS...
2026-07-20 20:06:24 - Tiến hành click nút gửi...
2026-07-20 20:15:27 - Phát hiện link dự án cũ đã lưu: https://labs.google/fx/vi/tools/flow/project/b46ba910-a810-480e-80f1-7531323ac1db. Tiến hành mở dự án này...
2026-07-20 20:15:27 - Bắt đầu mở trang Google Flow: https://labs.google/fx/vi/tools/flow/project/b46ba910-a810-480e-80f1-7531323ac1db
2026-07-20 20:15:28 - Đang chờ trình duyệt tải xong trang Google Flow...
2026-07-20 20:15:28 - URL hiện tại của trình duyệt (chờ load): 
2026-07-20 20:15:29 - URL hiện tại của trình duyệt (chờ load): https://labs.google/fx/vi/tools/flow/project/b46ba910-a810-480e-80f1-7531323ac1db
2026-07-20 20:15:31 - Bắt đầu kiểm tra trạng thái đăng nhập...
2026-07-20 20:15:31 - URL sau khi kiểm tra redirect login: https://labs.google/fx/vi/tools/flow/project/b46ba910-a810-480e-80f1-7531323ac1db
2026-07-20 20:15:31 - Đăng nhập thành công. Đang đóng welcome overlays nếu có...
2026-07-20 20:15:32 - Xác minh dự án cũ có hoạt động bình thường không...
2026-07-20 20:15:32 - Dự án cũ hoạt động bình thường! Tiếp tục sử dụng.
2026-07-20 20:15:32 - Đã vào dự án thành công!
2026-07-20 20:15:32 - Bắt đầu quét tìm ô PromptInput...
2026-07-20 20:15:32 - Đã tìm thấy PromptInput! HTML snippet: <div role="textbox" aria-multiline="true" spellcheck="false" class="sc-a8ba1f43-0 djaQmW sc-26b30722-6 jwWpiy" data-slate-editor="true" data-slate-node="value" contenteditable="true" zindex="-1" style...
2026-07-20 20:15:32 - Kiểm tra trạng thái nút Tác nhân (Agent)...
2026-07-20 20:15:33 - Đã tìm thấy nút Tác nhân! HTML: <button type="button" aria-pressed="false" class="sc-59223abb-3 dmZGYv"><div class="sc-59223abb-2 jGESqS"><span class="content">Tác nhân</span></div></button>
2026-07-20 20:15:37 - Nút Tác nhân đã ở trạng thái TẮT (aria-pressed=false) sau khi đã chờ React load. Bỏ qua.
2026-07-20 20:15:37 - Bắt đầu cấu hình cài đặt tác nhân (Model: Nano Banana 2 Lite, Aspect: 1:1, Batch: 2x)...
2026-07-20 20:15:37 - NÚT CẤU HÌNH ĐƯỢC TÌM THẤY: ID=radix-:rn:, Text=[🍌 Nano Banana Pro crop_9_16 x2]
2026-07-20 20:15:37 - ĐỐI CHIẾU CẤU HÌNH: Cấu hình hiện tại vs Yêu cầu [Model: Nano Banana 2 Lite, Aspect: 1:1, Batch: 2x] -> Trùng khớp: false
2026-07-20 20:15:37 - Cấu hình hiện tại KHÔNG trùng khớp. Tiến hành mở popover để cấu hình lại...
2026-07-20 20:15:37 - Mở popover cấu hình bằng cách click nút cài đặt (Real Click)...
2026-07-20 20:15:40 - Cấu hình loại media tab: IMAGE
2026-07-20 20:15:40 - DUMP BUTTONS BEFORE CONFIG: [map[ariaHasPopup: ariaLabel: class:sc-e8425ea6-0 hOBPaw sc-d3791a4f-0 sc-d3791a4f-4 sc-7cbbf1fc-2 ewGlDn famhRe jjdvrX id: text:arrow_backQuay lại title: visible:true] map[ariaHasPopup:menu ariaLabel: class:sc-e8425ea6-0 hOBPaw sc-d3791a4f-0 sc-d3791a4f-4 sc-26aa1721-3 ewGlDn famhRe dUDRen id:radix-:r3: text:more_vertTuỳ chọn khác title: visible:true] map[ariaHasPopup: ariaLabel: class:sc-e8425ea6-0 hOBPaw sc-d3791a4f-0 sc-d3791a4f-4 sc-eed1ec57-2 ewGlDn famhRe jceYol id: text:searchTìm kiếm title: visible:true] map[ariaHasPopup:menu ariaLabel: class:sc-16c4830a-1 dnFqQq sc-e7a64add-0 sc-e7a64add-2 fPutAP blvbdy sc-98525c58-8 iQjEOG id:radix-:r5: text:filter_listSắp xếp và lọc title: visible:true] map[ariaHasPopup:menu ariaLabel: class:sc-e8425ea6-0 hOBPaw sc-d3791a4f-0 sc-d3791a4f-4 sc-5c4c0aea-1 ewGlDn famhRe eqhuae id:radix-:r7: text:addThêm nội dung nghe nhìn title: visible:true] map[ariaHasPopup: ariaLabel: class:sc-e8425ea6-0 hOBPaw sc-d3791a4f-0 sc-d3791a4f-4 sc-51397942-2 ewGlDn famhRe kCsEmL id: text:helpTrợ giúp về sản phẩm title: visible:true] map[ariaHasPopup:menu ariaLabel: class:sc-e8425ea6-0 hOBPaw sc-d3791a4f-0 sc-d3791a4f-4 sc-a4925f7f-6 ewGlDn famhRe gdBgFb id:radix-:rb: text:settings_2Cài đặt chế độ xem title: visible:true] map[ariaHasPopup:menu ariaLabel: class:sc-e8425ea6-0 hOBPaw sc-d3791a4f-0 sc-d3791a4f-4 sc-4fec6fdf-1 ewGlDn famhRe lokAjc id:radix-:re: text:more_vertKhác title: visible:true] map[ariaHasPopup: ariaLabel: class:sc-a14123c8-0 iNGyoc id: text:ULTRA title: visible:true] map[ariaHasPopup: ariaLabel: class:sc-e8425ea6-0 hOBPaw sc-d3791a4f-0 sc-d3791a4f-5 sc-3ce961f7-0 sc-7e7bc024-0 ewGlDn lnCuH fqbaql jcMEtI id: text:dashboardTất cả nội dung nghe nhìn title: visible:true] map[ariaHasPopup: ariaLabel: class:sc-e8425ea6-0 hOBPaw sc-d3791a4f-0 sc-d3791a4f-5 sc-3ce961f7-0 ewGlDn hGbzYr fqbaql id: text:accessibility_newNhân vật title: visible:true] map[ariaHasPopup: ariaLabel: class:sc-e8425ea6-0 hOBPaw sc-d3791a4f-0 sc-d3791a4f-5 sc-3ce961f7-0 ewGlDn hGbzYr fqbaql id: text:movieXem các cảnh title: visible:true] map[ariaHasPopup: ariaLabel: class:sc-e8425ea6-0 hOBPaw sc-d3791a4f-0 sc-d3791a4f-5 sc-3ce961f7-0 ewGlDn hGbzYr fqbaql id: text:apps_spark_2Công cụ title: visible:true] map[ariaHasPopup: ariaLabel: class:sc-e8425ea6-0 hOBPaw sc-d3791a4f-0 sc-d3791a4f-5 sc-3ce961f7-0 ewGlDn hGbzYr fqbaql id: text:deleteXem thùng rác title: visible:true] map[ariaHasPopup: ariaLabel: class:sc-e8425ea6-0 hOBPaw sc-d3791a4f-0 sc-d3791a4f-5 sc-3ce961f7-0 ewGlDn hGbzYr fqbaql id: text:left_panel_openMở rộng title: visible:true] map[ariaHasPopup: ariaLabel: class:sc-16c4830a-1 dnFqQq sc-e7a64add-0 sc-e7a64add-2 fPutAP blvbdy sc-d393a63f-6 gzpixc id: text:Xây dựng một thế giớiGiúp tôi xây dựng một thế giới để sáng tạo trong dự án này, sao cho tôi có thể tạo ra các kết quả nhất quán và chất lượng cao. Hãy đặt câu hỏi để giúp tôi bắt đầu tạo nhân vật, bối cảnh, đạo cụ, v.v., đồng thời hướng dẫn tôi cách tạo và sắp xếp những yếu tố này. title: visible:true] map[ariaHasPopup: ariaLabel: class:sc-16c4830a-1 dnFqQq sc-e7a64add-0 sc-e7a64add-2 fPutAP blvbdy sc-d393a63f-6 gzpixc id: text:Tạo các phiên bảnTạo 6 hình ảnh 1:1 về một cây đàn piano cổ điển ở những địa điểm ngoài trời tối giản với phong cách thẩm mỹ khác nhau, độc đáo và không thể nhận ra. Giữ cho phần cốt lõi của các hình ảnh càng giống nhau càng tốt, chỉ thay đổi về địa điểm (ví dụ: Giữ nguyên bố cục, kiểu đàn piano và góc chụp). title: visible:true] map[ariaHasPopup: ariaLabel: class:sc-16c4830a-1 dnFqQq sc-e7a64add-0 sc-e7a64add-2 fPutAP blvbdy sc-d393a63f-6 gAGkIl id: text:Công nghệ màu hồng mờẢnh cận cảnh một thiết kế thiết bị kỹ thuật số bỏ túi nhỏ gọn theo phong cách hậu hiện đại, có bề mặt bo tròn mềm mại, được bọc trong lớp vỏ nhựa mờ công nghiệp màu hồng tươi trong suốt, đồng thời được trang trí bằng các hình dán 3D rực rỡ, hình trái tim, mặt cười, móc khoá và đồ chơi làm bằng nhựa mờ trong suốt. Thiết bị này được đặt trên nền trắng. title: visible:true] map[ariaHasPopup:dialog ariaLabel: class:sc-e8425ea6-0 hOBPaw sc-d3791a4f-0 sc-d3791a4f-4 sc-253cad92-0 ewGlDn famhRe joSmHx id: text:add_2Tạo title: visible:true] map[ariaHasPopup: ariaLabel: class:sc-59223abb-3 dmZGYv id: text:Tác nhân title: visible:true] map[ariaHasPopup:menu ariaLabel: class:sc-16c4830a-1 dnFqQq sc-e7a64add-0 sc-e7a64add-1 fPutAP jmLZrS sc-93abd9dc-1 ldbhld id:radix-:rn: text:🍌 Nano Banana Procrop_9_16x2 title: visible:true] map[ariaHasPopup: ariaLabel: class:sc-e8425ea6-0 hOBPaw sc-d3791a4f-0 sc-d3791a4f-4 sc-26b30722-5 ewGlDn famhRe jDvIwb id: text:arrow_forwardTạo title: visible:true] map[ariaHasPopup: ariaLabel: class:sc-eb68e7f-2 jrTHnf flow_tab_slider_trigger id:radix-:r1d:-trigger-IMAGE text:imageHình ảnh title: visible:true] map[ariaHasPopup: ariaLabel: class:sc-eb68e7f-2 jrTHnf flow_tab_slider_trigger id:radix-:r1d:-trigger-VIDEO text:play_circleVideo title: visible:true] map[ariaHasPopup: ariaLabel: class:sc-eb68e7f-2 dNQytQ flow_tab_slider_trigger id:radix-:r1g:-trigger-LANDSCAPE text:crop_16_916:9 title: visible:true] map[ariaHasPopup: ariaLabel: class:sc-eb68e7f-2 dNQytQ flow_tab_slider_trigger id:radix-:r1g:-trigger-LANDSCAPE_4_3 text:crop_landscape4:3 title: visible:true] map[ariaHasPopup: ariaLabel: class:sc-eb68e7f-2 dNQytQ flow_tab_slider_trigger id:radix-:r1g:-trigger-SQUARE text:crop_square1:1 title: visible:true] map[ariaHasPopup: ariaLabel: class:sc-eb68e7f-2 dNQytQ flow_tab_slider_trigger id:radix-:r1g:-trigger-PORTRAIT_3_4 text:crop_portrait3:4 title: visible:true] map[ariaHasPopup: ariaLabel: class:sc-eb68e7f-2 dNQytQ flow_tab_slider_trigger id:radix-:r1g:-trigger-PORTRAIT text:crop_9_169:16 title: visible:true] map[ariaHasPopup: ariaLabel: class:sc-eb68e7f-2 DoEQM flow_tab_slider_trigger id:radix-:r1m:-trigger-1 text:1x title: visible:true] map[ariaHasPopup: ariaLabel: class:sc-eb68e7f-2 DoEQM flow_tab_slider_trigger id:radix-:r1m:-trigger-2 text:x2 title: visible:true] map[ariaHasPopup: ariaLabel: class:sc-eb68e7f-2 DoEQM flow_tab_slider_trigger id:radix-:r1m:-trigger-3 text:x3 title: visible:true] map[ariaHasPopup: ariaLabel: class:sc-eb68e7f-2 DoEQM flow_tab_slider_trigger id:radix-:r1m:-trigger-4 text:x4 title: visible:true] map[ariaHasPopup:menu ariaLabel: class:sc-16c4830a-1 dnFqQq sc-e7a64add-0 sc-e7a64add-1 fPutAP jmLZrS sc-3f41cc92-1 eaVRLg id:radix-:r1r: text:🍌 Nano Banana Proarrow_drop_down title: visible:true]]
2026-07-20 20:15:41 - Cấu hình tỷ lệ khung hình: 1:1
2026-07-20 20:15:42 - Cấu hình số lượng (batch size): 2x
2026-07-20 20:15:43 - Cấu hình Model: Nano Banana 2 Lite
2026-07-20 20:15:46 - Đóng hộp thoại cấu hình tác nhân...
2026-07-20 20:15:46 - Phát hiện hộp thoại cấu hình vẫn đang mở. Tiến hành đóng...
2026-07-20 20:15:46 - Thử đóng bằng cách click vào ô nhập prompt...
2026-07-20 20:16:13 - URL nhóm ảnh cuối cùng trước khi tạo: []
2026-07-20 20:16:13 - Bắt đầu thực hiện gửi prompt...
2026-07-20 20:16:13 - Thử gửi bằng phím Enter ảo...
2026-07-20 20:16:14 - Thử gửi bằng sự kiện keydown Enter (JS)...
2026-07-20 20:16:16 - Bắt đầu quét tìm nút gửi bằng JS...
2026-07-20 20:16:16 - Tiến hành click nút gửi...
2026-07-20 20:26:39 - Phát hiện link dự án cũ đã lưu: https://labs.google/fx/vi/tools/flow/project/b46ba910-a810-480e-80f1-7531323ac1db. Tiến hành mở dự án này...
2026-07-20 20:26:39 - Bắt đầu mở trang Google Flow: https://labs.google/fx/vi/tools/flow/project/b46ba910-a810-480e-80f1-7531323ac1db
2026-07-20 20:26:39 - Đang chờ trình duyệt tải xong trang Google Flow...
2026-07-20 20:26:39 - URL hiện tại của trình duyệt (chờ load): 
2026-07-20 20:26:39 - URL hiện tại của trình duyệt (chờ load): https://labs.google/fx/vi/tools/flow/project/b46ba910-a810-480e-80f1-7531323ac1db
2026-07-20 20:26:41 - Bắt đầu kiểm tra trạng thái đăng nhập...
2026-07-20 20:26:41 - URL sau khi kiểm tra redirect login: https://labs.google/fx/vi/tools/flow/project/b46ba910-a810-480e-80f1-7531323ac1db
2026-07-20 20:26:41 - Đăng nhập thành công. Đang đóng welcome overlays nếu có...
2026-07-20 20:26:41 - Xác minh dự án cũ có hoạt động bình thường không...
2026-07-20 20:27:12 - Không tìm thấy ô nhập liệu trong dự án cũ sau 30 giây. Có vẻ dự án này đã bị lỗi hoặc bị xóa. Tiến hành mở trang chủ để tạo dự án mới...
2026-07-20 20:27:14 - Dự án cũ không hoạt động hoặc không có. Tiến hành click tạo dự án mới...
2026-07-20 20:27:14 - Đã tìm thấy nút Tạo dự án mới. Đang mô phỏng click chuột thật...
2026-07-20 20:27:16 - Đang chờ URL chuyển hướng sang '/project/'...
2026-07-20 20:27:16 - URL hiện tại của trình duyệt (chờ /project/): https://labs.google/fx/vi/tools/flow/project/9dd76de5-aa3d-4747-9d0c-37bd6aeb1112
2026-07-20 20:27:16 - Lưu link dự án mới vào settings.json: https://labs.google/fx/vi/tools/flow/project/9dd76de5-aa3d-4747-9d0c-37bd6aeb1112
2026-07-20 20:27:16 - Đã vào dự án thành công!
2026-07-20 20:27:16 - Bắt đầu quét tìm ô PromptInput...
2026-07-20 20:27:16 - Đã tìm thấy PromptInput! HTML snippet: <div role="textbox" aria-multiline="true" spellcheck="false" class="sc-a8ba1f43-0 djaQmW sc-26b30722-6 jwWpiy" data-slate-editor="true" data-slate-node="value" contenteditable="true" zindex="-1" style...
2026-07-20 20:27:16 - Kiểm tra trạng thái nút Tác nhân (Agent)...
2026-07-20 20:27:16 - Đã tìm thấy nút Tác nhân! HTML: <button type="button" aria-pressed="false" class="sc-59223abb-3 dmZGYv"><div class="sc-59223abb-2 jGESqS"><span class="content">Tác nhân</span></div></button>
2026-07-20 20:27:20 - Nút Tác nhân đã ở trạng thái TẮT (aria-pressed=false) sau khi đã chờ React load. Bỏ qua.
2026-07-20 20:27:20 - Bắt đầu cấu hình cài đặt tác nhân (Model: Nano Banana 2 Lite, Aspect: 1:1, Batch: 2x)...
2026-07-20 20:27:20 - NÚT CẤU HÌNH ĐƯỢC TÌM THẤY: ID=radix-:r1f:, Text=[🍌 Nano Banana 2 Lite crop_square x2]
2026-07-20 20:27:20 - ĐỐI CHIẾU CẤU HÌNH: Cấu hình hiện tại vs Yêu cầu [Model: Nano Banana 2 Lite, Aspect: 1:1, Batch: 2x] -> Trùng khớp: true
2026-07-20 20:27:20 - Cấu hình hiện tại ĐÃ TRÙNG KHỚP với yêu cầu. BỎ QUA toàn bộ các bước mở cấu hình.
2026-07-20 20:27:20 - URL nhóm ảnh cuối cùng trước khi tạo: []
2026-07-20 20:27:21 - Bắt đầu thực hiện gửi prompt...
2026-07-20 20:27:21 - Thử gửi bằng phím Enter ảo...
2026-07-20 20:27:22 - Thử gửi bằng sự kiện keydown Enter (JS)...
2026-07-20 20:27:24 - Bắt đầu quét tìm nút gửi bằng JS...
2026-07-20 20:27:24 - Tiến hành click nút gửi...
2026-07-20 20:27:52 - Phát hiện link dự án cũ đã lưu: https://labs.google/fx/vi/tools/flow/project/9dd76de5-aa3d-4747-9d0c-37bd6aeb1112. Tiến hành mở dự án này...
2026-07-20 20:27:52 - Bắt đầu mở trang Google Flow: https://labs.google/fx/vi/tools/flow/project/9dd76de5-aa3d-4747-9d0c-37bd6aeb1112
2026-07-20 20:27:54 - Đang chờ trình duyệt tải xong trang Google Flow...
2026-07-20 20:27:54 - URL hiện tại của trình duyệt (chờ load): 
2026-07-20 20:27:54 - URL hiện tại của trình duyệt (chờ load): https://labs.google/fx/vi/tools/flow/project/9dd76de5-aa3d-4747-9d0c-37bd6aeb1112
2026-07-20 20:27:57 - Bắt đầu kiểm tra trạng thái đăng nhập...
2026-07-20 20:27:57 - URL sau khi kiểm tra redirect login: https://labs.google/fx/vi/tools/flow/project/9dd76de5-aa3d-4747-9d0c-37bd6aeb1112
2026-07-20 20:27:57 - Đăng nhập thành công. Đang đóng welcome overlays nếu có...
2026-07-20 20:27:57 - Xác minh dự án cũ có hoạt động bình thường không...
2026-07-20 20:27:57 - Dự án cũ hoạt động bình thường! Tiếp tục sử dụng.
2026-07-20 20:27:57 - Đã vào dự án thành công!
2026-07-20 20:27:57 - Bắt đầu quét tìm ô PromptInput...
2026-07-20 20:27:57 - Đã tìm thấy PromptInput! HTML snippet: <div role="textbox" aria-multiline="true" spellcheck="false" class="sc-a8ba1f43-0 djaQmW sc-26b30722-6 jwWpiy" data-slate-editor="true" data-slate-node="value" contenteditable="true" zindex="-1" style...
2026-07-20 20:27:57 - Kiểm tra trạng thái nút Tác nhân (Agent)...
2026-07-20 20:27:57 - Đã tìm thấy nút Tác nhân! HTML: <button type="button" aria-pressed="false" class="sc-59223abb-3 dmZGYv"><div class="sc-59223abb-2 jGESqS"><span class="content">Tác nhân</span></div></button>
2026-07-20 20:28:01 - Nút Tác nhân đã ở trạng thái TẮT (aria-pressed=false) sau khi đã chờ React load. Bỏ qua.
2026-07-20 20:28:01 - Bắt đầu cấu hình cài đặt tác nhân (Model: Nano Banana 2 Lite, Aspect: 9:16, Batch: 2x)...
2026-07-20 20:28:01 - NÚT CẤU HÌNH ĐƯỢC TÌM THẤY: ID=radix-:rn:, Text=[🍌 Nano Banana 2 Lite crop_square x2]
2026-07-20 20:28:01 - ĐỐI CHIẾU CẤU HÌNH: Cấu hình hiện tại vs Yêu cầu [Model: Nano Banana 2 Lite, Aspect: 9:16, Batch: 2x] -> Trùng khớp: false
2026-07-20 20:28:01 - Cấu hình hiện tại KHÔNG trùng khớp. Tiến hành mở popover để cấu hình lại...
2026-07-20 20:28:01 - Mở popover cấu hình bằng cách click nút cài đặt (Human Click)...
2026-07-20 20:28:05 - Cấu hình loại media tab: IMAGE
2026-07-20 20:28:05 - DUMP BUTTONS BEFORE CONFIG: [map[ariaHasPopup: ariaLabel: class:sc-e8425ea6-0 hOBPaw sc-d3791a4f-0 sc-d3791a4f-4 sc-7cbbf1fc-2 ewGlDn famhRe jjdvrX id: text:arrow_backQuay lại title: visible:true] map[ariaHasPopup:menu ariaLabel: class:sc-e8425ea6-0 hOBPaw sc-d3791a4f-0 sc-d3791a4f-4 sc-26aa1721-3 ewGlDn famhRe dUDRen id:radix-:r3: text:more_vertTuỳ chọn khác title: visible:true] map[ariaHasPopup: ariaLabel: class:sc-e8425ea6-0 hOBPaw sc-d3791a4f-0 sc-d3791a4f-4 sc-eed1ec57-2 ewGlDn famhRe jceYol id: text:searchTìm kiếm title: visible:true] map[ariaHasPopup:menu ariaLabel: class:sc-16c4830a-1 dnFqQq sc-e7a64add-0 sc-e7a64add-2 fPutAP blvbdy sc-98525c58-8 iQjEOG id:radix-:r5: text:filter_listSắp xếp và lọc title: visible:true] map[ariaHasPopup:menu ariaLabel: class:sc-e8425ea6-0 hOBPaw sc-d3791a4f-0 sc-d3791a4f-4 sc-5c4c0aea-1 ewGlDn famhRe eqhuae id:radix-:r7: text:addThêm nội dung nghe nhìn title: visible:true] map[ariaHasPopup: ariaLabel: class:sc-e8425ea6-0 hOBPaw sc-d3791a4f-0 sc-d3791a4f-4 sc-51397942-2 ewGlDn famhRe kCsEmL id: text:helpTrợ giúp về sản phẩm title: visible:true] map[ariaHasPopup:menu ariaLabel: class:sc-e8425ea6-0 hOBPaw sc-d3791a4f-0 sc-d3791a4f-4 sc-a4925f7f-6 ewGlDn famhRe gdBgFb id:radix-:rb: text:settings_2Cài đặt chế độ xem title: visible:true] map[ariaHasPopup:menu ariaLabel: class:sc-e8425ea6-0 hOBPaw sc-d3791a4f-0 sc-d3791a4f-4 sc-4fec6fdf-1 ewGlDn famhRe lokAjc id:radix-:re: text:more_vertKhác title: visible:true] map[ariaHasPopup: ariaLabel: class:sc-a14123c8-0 iNGyoc id: text:ULTRA title: visible:true] map[ariaHasPopup: ariaLabel: class:sc-e8425ea6-0 hOBPaw sc-d3791a4f-0 sc-d3791a4f-5 sc-3ce961f7-0 sc-7e7bc024-0 ewGlDn lnCuH fqbaql jcMEtI id: text:dashboardTất cả nội dung nghe nhìn title: visible:true] map[ariaHasPopup: ariaLabel: class:sc-e8425ea6-0 hOBPaw sc-d3791a4f-0 sc-d3791a4f-5 sc-3ce961f7-0 ewGlDn hGbzYr fqbaql id: text:accessibility_newNhân vật title: visible:true] map[ariaHasPopup: ariaLabel: class:sc-e8425ea6-0 hOBPaw sc-d3791a4f-0 sc-d3791a4f-5 sc-3ce961f7-0 ewGlDn hGbzYr fqbaql id: text:movieXem các cảnh title: visible:true] map[ariaHasPopup: ariaLabel: class:sc-e8425ea6-0 hOBPaw sc-d3791a4f-0 sc-d3791a4f-5 sc-3ce961f7-0 ewGlDn hGbzYr fqbaql id: text:apps_spark_2Công cụ title: visible:true] map[ariaHasPopup: ariaLabel: class:sc-e8425ea6-0 hOBPaw sc-d3791a4f-0 sc-d3791a4f-5 sc-3ce961f7-0 ewGlDn hGbzYr fqbaql id: text:deleteXem thùng rác title: visible:true] map[ariaHasPopup: ariaLabel: class:sc-e8425ea6-0 hOBPaw sc-d3791a4f-0 sc-d3791a4f-5 sc-3ce961f7-0 ewGlDn hGbzYr fqbaql id: text:left_panel_openMở rộng title: visible:true] map[ariaHasPopup: ariaLabel: class:sc-16c4830a-1 dnFqQq sc-e7a64add-0 sc-e7a64add-2 fPutAP blvbdy sc-d393a63f-6 gzpixc id: text:Xây dựng một thế giớiGiúp tôi xây dựng một thế giới để sáng tạo trong dự án này, sao cho tôi có thể tạo ra các kết quả nhất quán và chất lượng cao. Hãy đặt câu hỏi để giúp tôi bắt đầu tạo nhân vật, bối cảnh, đạo cụ, v.v., đồng thời hướng dẫn tôi cách tạo và sắp xếp những yếu tố này. title: visible:true] map[ariaHasPopup: ariaLabel: class:sc-16c4830a-1 dnFqQq sc-e7a64add-0 sc-e7a64add-2 fPutAP blvbdy sc-d393a63f-6 gAGkIl id: text:Công nghệ màu hồng mờẢnh cận cảnh một thiết kế thiết bị kỹ thuật số bỏ túi nhỏ gọn theo phong cách hậu hiện đại, có bề mặt bo tròn mềm mại, được bọc trong lớp vỏ nhựa mờ công nghiệp màu hồng tươi trong suốt, đồng thời được trang trí bằng các hình dán 3D rực rỡ, hình trái tim, mặt cười, móc khoá và đồ chơi làm bằng nhựa mờ trong suốt. Thiết bị này được đặt trên nền trắng. title: visible:true] map[ariaHasPopup: ariaLabel: class:sc-16c4830a-1 dnFqQq sc-e7a64add-0 sc-e7a64add-2 fPutAP blvbdy sc-d393a63f-6 gAGkIl id: text:Cảnh tắc đường theo hình con rắnGóc nhìn từ phía sau của một con đường dài, hẹp, có một làn duy nhất, uốn lượn vô tận, tạo thành hình dạng con rắn cường điệu. Một hàng dài kẹt xe gồm những chiếc xe hatchback cổ điển thập niên 1970 với các màu sắc theo thứ tự sau: Xanh dương tươi>Trắng>Xanh lục tươi>Xám>Đen>Hồng. Chuỗi màu này lặp lại vô hạn. Hai bên đường là những cánh đồng cỏ xanh tươi bằng phẳng. Đường chân trời kéo dài vô tận. Bầu trời trong xanh, ánh sáng dịu nhẹ. Chụp bằng ống kính tele 300 mm. Phong cách nhiếp ảnh siêu thực. Chỉnh màu theo tông lạnh. title: visible:true] map[ariaHasPopup:dialog ariaLabel: class:sc-e8425ea6-0 hOBPaw sc-d3791a4f-0 sc-d3791a4f-4 sc-253cad92-0 ewGlDn famhRe joSmHx id: text:add_2Tạo title: visible:true] map[ariaHasPopup: ariaLabel: class:sc-59223abb-3 dmZGYv id: text:Tác nhân title: visible:true] map[ariaHasPopup:menu ariaLabel: class:sc-16c4830a-1 dnFqQq sc-e7a64add-0 sc-e7a64add-1 fPutAP jmLZrS sc-93abd9dc-1 ldbhld id:radix-:rn: text:🍌 Nano Banana 2 Litecrop_squarex2 title: visible:true] map[ariaHasPopup: ariaLabel: class:sc-e8425ea6-0 hOBPaw sc-d3791a4f-0 sc-d3791a4f-4 sc-26b30722-5 ewGlDn famhRe jDvIwb id: text:arrow_forwardTạo title: visible:true] map[ariaHasPopup: ariaLabel: class:sc-eb68e7f-2 jrTHnf flow_tab_slider_trigger id:radix-:r1d:-trigger-IMAGE text:imageHình ảnh title: visible:true] map[ariaHasPopup: ariaLabel: class:sc-eb68e7f-2 jrTHnf flow_tab_slider_trigger id:radix-:r1d:-trigger-VIDEO text:play_circleVideo title: visible:true] map[ariaHasPopup: ariaLabel: class:sc-eb68e7f-2 dNQytQ flow_tab_slider_trigger id:radix-:r1g:-trigger-LANDSCAPE text:crop_16_916:9 title: visible:true] map[ariaHasPopup: ariaLabel: class:sc-eb68e7f-2 dNQytQ flow_tab_slider_trigger id:radix-:r1g:-trigger-LANDSCAPE_4_3 text:crop_landscape4:3 title: visible:true] map[ariaHasPopup: ariaLabel: class:sc-eb68e7f-2 dNQytQ flow_tab_slider_trigger id:radix-:r1g:-trigger-SQUARE text:crop_square1:1 title: visible:true] map[ariaHasPopup: ariaLabel: class:sc-eb68e7f-2 dNQytQ flow_tab_slider_trigger id:radix-:r1g:-trigger-PORTRAIT_3_4 text:crop_portrait3:4 title: visible:true] map[ariaHasPopup: ariaLabel: class:sc-eb68e7f-2 dNQytQ flow_tab_slider_trigger id:radix-:r1g:-trigger-PORTRAIT text:crop_9_169:16 title: visible:true] map[ariaHasPopup: ariaLabel: class:sc-eb68e7f-2 DoEQM flow_tab_slider_trigger id:radix-:r1m:-trigger-1 text:1x title: visible:true] map[ariaHasPopup: ariaLabel: class:sc-eb68e7f-2 DoEQM flow_tab_slider_trigger id:radix-:r1m:-trigger-2 text:x2 title: visible:true] map[ariaHasPopup: ariaLabel: class:sc-eb68e7f-2 DoEQM flow_tab_slider_trigger id:radix-:r1m:-trigger-3 text:x3 title: visible:true] map[ariaHasPopup: ariaLabel: class:sc-eb68e7f-2 DoEQM flow_tab_slider_trigger id:radix-:r1m:-trigger-4 text:x4 title: visible:true] map[ariaHasPopup:menu ariaLabel: class:sc-16c4830a-1 dnFqQq sc-e7a64add-0 sc-e7a64add-1 fPutAP jmLZrS sc-3f41cc92-1 eaVRLg id:radix-:r1r: text:🍌 Nano Banana 2 Litearrow_drop_down title: visible:true]]
2026-07-20 20:28:07 - Cấu hình tỷ lệ khung hình: 9:16
2026-07-20 20:28:09 - Cấu hình số lượng (batch size): 2x
2026-07-20 20:28:11 - Cấu hình Model: Nano Banana 2 Lite
2026-07-20 20:28:15 - Đóng hộp thoại cấu hình tác nhân...
2026-07-20 20:28:15 - Đóng hộp thoại cấu hình tác nhân bằng cách click lại nút cài đặt...
2026-07-20 20:28:18 - URL nhóm ảnh cuối cùng trước khi tạo: []
2026-07-20 20:28:19 - Bắt đầu thực hiện gửi prompt...
2026-07-20 20:28:19 - Thử gửi bằng phím Enter ảo...
2026-07-20 20:28:20 - Thử gửi bằng sự kiện keydown Enter (JS)...
2026-07-20 20:28:22 - Bắt đầu quét tìm nút gửi bằng JS...
2026-07-20 20:28:22 - Tiến hành click nút gửi...
2026-07-20 20:30:01 - Phát hiện link dự án cũ đã lưu: https://labs.google/fx/vi/tools/flow/project/9dd76de5-aa3d-4747-9d0c-37bd6aeb1112. Tiến hành mở dự án này...
2026-07-20 20:30:01 - Bắt đầu mở trang Google Flow: https://labs.google/fx/vi/tools/flow/project/9dd76de5-aa3d-4747-9d0c-37bd6aeb1112
2026-07-20 20:30:02 - Đang chờ trình duyệt tải xong trang Google Flow...
2026-07-20 20:30:02 - URL hiện tại của trình duyệt (chờ load): 
2026-07-20 20:30:02 - URL hiện tại của trình duyệt (chờ load): https://labs.google/fx/vi/tools/flow/project/9dd76de5-aa3d-4747-9d0c-37bd6aeb1112
2026-07-20 20:30:04 - Bắt đầu kiểm tra trạng thái đăng nhập...
2026-07-20 20:30:04 - URL sau khi kiểm tra redirect login: https://labs.google/fx/vi/tools/flow/project/9dd76de5-aa3d-4747-9d0c-37bd6aeb1112
2026-07-20 20:30:04 - Đăng nhập thành công. Đang đóng welcome overlays nếu có...
2026-07-20 20:30:04 - Xác minh dự án cũ có hoạt động bình thường không...
2026-07-20 20:30:04 - Dự án cũ hoạt động bình thường! Tiếp tục sử dụng.
2026-07-20 20:30:04 - Đã vào dự án thành công!
2026-07-20 20:30:04 - Bắt đầu quét tìm ô PromptInput...
2026-07-20 20:30:04 - Đã tìm thấy PromptInput! HTML snippet: <div role="textbox" aria-multiline="true" spellcheck="false" class="sc-a8ba1f43-0 djaQmW sc-26b30722-6 jwWpiy" data-slate-editor="true" data-slate-node="value" contenteditable="true" zindex="-1" style...
2026-07-20 20:30:04 - Kiểm tra trạng thái nút Tác nhân (Agent)...
2026-07-20 20:30:04 - Đã tìm thấy nút Tác nhân! HTML: <button type="button" aria-pressed="false" class="sc-59223abb-3 dmZGYv"><div class="sc-59223abb-2 jGESqS"><span class="content">Tác nhân</span></div></button>
2026-07-20 20:30:08 - Nút Tác nhân đã ở trạng thái TẮT (aria-pressed=false) sau khi đã chờ React load. Bỏ qua.
2026-07-20 20:30:08 - Bắt đầu cấu hình cài đặt tác nhân (Model: Nano Banana 2 Lite, Aspect: 9:16, Batch: 2x)...
2026-07-20 20:30:08 - NÚT CẤU HÌNH ĐƯỢC TÌM THẤY: ID=radix-:rn:, Text=[🍌 Nano Banana 2 Lite crop_9_16 x2]
2026-07-20 20:30:08 - ĐỐI CHIẾU CẤU HÌNH: Cấu hình hiện tại vs Yêu cầu [Model: Nano Banana 2 Lite, Aspect: 9:16, Batch: 2x] -> Trùng khớp: true
2026-07-20 20:30:08 - Cấu hình hiện tại ĐÃ TRÙNG KHỚP với yêu cầu. BỎ QUA toàn bộ các bước mở cấu hình.
2026-07-20 20:30:08 - URL nhóm ảnh cuối cùng trước khi tạo: []
2026-07-20 20:30:10 - Bắt đầu thực hiện gửi prompt...
2026-07-20 20:30:10 - Thử gửi bằng phím Enter ảo...
2026-07-20 20:30:11 - Thử gửi bằng sự kiện keydown Enter (JS)...
2026-07-20 20:30:12 - Bắt đầu quét tìm nút gửi bằng JS...
2026-07-20 20:30:12 - Tiến hành click nút gửi...
2026-07-20 20:32:18 - Phát hiện link dự án cũ đã lưu: https://labs.google/fx/vi/tools/flow/project/9dd76de5-aa3d-4747-9d0c-37bd6aeb1112. Tiến hành mở dự án này...
2026-07-20 20:32:18 - Bắt đầu mở trang Google Flow: https://labs.google/fx/vi/tools/flow/project/9dd76de5-aa3d-4747-9d0c-37bd6aeb1112
2026-07-20 20:32:18 - Đang chờ trình duyệt tải xong trang Google Flow...
2026-07-20 20:32:18 - URL hiện tại của trình duyệt (chờ load): 
2026-07-20 20:32:19 - URL hiện tại của trình duyệt (chờ load): https://labs.google/fx/vi/tools/flow/project/9dd76de5-aa3d-4747-9d0c-37bd6aeb1112
2026-07-20 20:32:20 - Bắt đầu kiểm tra trạng thái đăng nhập...
2026-07-20 20:32:20 - URL sau khi kiểm tra redirect login: https://labs.google/fx/vi/tools/flow/project/9dd76de5-aa3d-4747-9d0c-37bd6aeb1112
2026-07-20 20:32:20 - Đăng nhập thành công. Đang đóng welcome overlays nếu có...
2026-07-20 20:32:21 - Xác minh dự án cũ có hoạt động bình thường không...
2026-07-20 20:32:21 - Dự án cũ hoạt động bình thường! Tiếp tục sử dụng.
2026-07-20 20:32:21 - Đã vào dự án thành công!
2026-07-20 20:32:21 - Bắt đầu quét tìm ô PromptInput...
2026-07-20 20:32:21 - Đã tìm thấy PromptInput! HTML snippet: <div role="textbox" aria-multiline="true" spellcheck="false" class="sc-a8ba1f43-0 djaQmW sc-26b30722-6 jwWpiy" data-slate-editor="true" data-slate-node="value" contenteditable="true" zindex="-1" style...
2026-07-20 20:32:21 - Kiểm tra trạng thái nút Tác nhân (Agent)...
2026-07-20 20:32:21 - Đã tìm thấy nút Tác nhân! HTML: <button type="button" aria-pressed="false" class="sc-59223abb-3 dmZGYv"><div class="sc-59223abb-2 jGESqS"><span class="content">Tác nhân</span></div></button>
2026-07-20 20:32:25 - Nút Tác nhân đã ở trạng thái TẮT (aria-pressed=false) sau khi đã chờ React load. Bỏ qua.
2026-07-20 20:32:25 - Bắt đầu cấu hình cài đặt tác nhân (Model: Nano Banana 2 Lite, Aspect: 9:16, Batch: 2x)...
2026-07-20 20:32:25 - NÚT CẤU HÌNH ĐƯỢC TÌM THẤY: ID=radix-:rn:, Text=[🍌 Nano Banana 2 Lite crop_9_16 x2]
2026-07-20 20:32:25 - ĐỐI CHIẾU CẤU HÌNH: Cấu hình hiện tại vs Yêu cầu [Model: Nano Banana 2 Lite, Aspect: 9:16, Batch: 2x] -> Trùng khớp: true
2026-07-20 20:32:25 - Cấu hình hiện tại ĐÃ TRÙNG KHỚP với yêu cầu. BỎ QUA toàn bộ các bước mở cấu hình.
2026-07-20 20:32:25 - URL nhóm ảnh cuối cùng trước khi tạo: []
2026-07-20 20:32:26 - Bắt đầu thực hiện gửi prompt...
2026-07-20 20:32:26 - Thử gửi bằng phím Enter ảo...
2026-07-20 20:32:27 - Thử gửi bằng sự kiện keydown Enter (JS)...
2026-07-20 20:32:29 - Bắt đầu quét tìm nút gửi bằng JS...
2026-07-20 20:32:29 - Tiến hành click nút gửi...
2026-07-20 20:34:39 - Phát hiện link dự án cũ đã lưu: https://labs.google/fx/vi/tools/flow/project/9dd76de5-aa3d-4747-9d0c-37bd6aeb1112. Tiến hành mở dự án này...
2026-07-20 20:34:39 - Bắt đầu mở trang Google Flow: https://labs.google/fx/vi/tools/flow/project/9dd76de5-aa3d-4747-9d0c-37bd6aeb1112
2026-07-20 20:34:40 - Đang chờ trình duyệt tải xong trang Google Flow...
2026-07-20 20:34:40 - URL hiện tại của trình duyệt (chờ load): 
2026-07-20 20:34:40 - URL hiện tại của trình duyệt (chờ load): https://labs.google/fx/vi/tools/flow/project/9dd76de5-aa3d-4747-9d0c-37bd6aeb1112
2026-07-20 20:34:42 - Bắt đầu kiểm tra trạng thái đăng nhập...
2026-07-20 20:34:42 - URL sau khi kiểm tra redirect login: https://labs.google/fx/vi/tools/flow/project/9dd76de5-aa3d-4747-9d0c-37bd6aeb1112
2026-07-20 20:34:42 - Đăng nhập thành công. Đang đóng welcome overlays nếu có...
2026-07-20 20:34:43 - Xác minh dự án cũ có hoạt động bình thường không...
2026-07-20 20:34:43 - Dự án cũ hoạt động bình thường! Tiếp tục sử dụng.
2026-07-20 20:34:43 - Đã vào dự án thành công!
2026-07-20 20:34:43 - Bắt đầu quét tìm ô PromptInput...
2026-07-20 20:34:43 - Đã tìm thấy PromptInput! HTML snippet: <div role="textbox" aria-multiline="true" spellcheck="false" class="sc-a8ba1f43-0 djaQmW sc-26b30722-6 jwWpiy" data-slate-editor="true" data-slate-node="value" contenteditable="true" zindex="-1" style...
2026-07-20 20:34:43 - Kiểm tra trạng thái nút Tác nhân (Agent)...
2026-07-20 20:34:43 - Đã tìm thấy nút Tác nhân! HTML: <button type="button" aria-pressed="false" class="sc-59223abb-3 dmZGYv"><div class="sc-59223abb-2 jGESqS"><span class="content">Tác nhân</span></div></button>
2026-07-20 20:34:47 - Nút Tác nhân đã ở trạng thái TẮT (aria-pressed=false) sau khi đã chờ React load. Bỏ qua.
2026-07-20 20:34:47 - Bắt đầu cấu hình cài đặt tác nhân (Model: Nano Banana 2 Lite, Aspect: 9:16, Batch: 2x)...
2026-07-20 20:34:47 - NÚT CẤU HÌNH ĐƯỢC TÌM THẤY: ID=radix-:rn:, Text=[🍌 Nano Banana 2 Lite crop_9_16 x2]
2026-07-20 20:34:47 - ĐỐI CHIẾU CẤU HÌNH: Cấu hình hiện tại vs Yêu cầu [Model: Nano Banana 2 Lite, Aspect: 9:16, Batch: 2x] -> Trùng khớp: true
2026-07-20 20:34:47 - Cấu hình hiện tại ĐÃ TRÙNG KHỚP với yêu cầu. BỎ QUA toàn bộ các bước mở cấu hình.
2026-07-20 20:34:47 - URL nhóm ảnh cuối cùng trước khi tạo: []
2026-07-20 20:34:48 - Bắt đầu thực hiện gửi prompt...
2026-07-20 20:34:48 - Thử gửi bằng phím Enter ảo...
2026-07-20 20:34:49 - Thử gửi bằng sự kiện keydown Enter (JS)...
2026-07-20 20:34:51 - Bắt đầu quét tìm nút gửi bằng JS...
2026-07-20 20:34:51 - Tiến hành click nút gửi...
2026-07-21 08:14:43 - Phát hiện link dự án cũ đã lưu: https://labs.google/fx/vi/tools/flow/project/9dd76de5-aa3d-4747-9d0c-37bd6aeb1112. Tiến hành mở dự án này...
2026-07-21 08:14:43 - Bắt đầu mở trang Google Flow: https://labs.google/fx/vi/tools/flow/project/9dd76de5-aa3d-4747-9d0c-37bd6aeb1112
2026-07-21 08:14:44 - Đang chờ trình duyệt tải xong trang Google Flow...
2026-07-21 08:14:44 - URL hiện tại của trình duyệt (chờ load): 
2026-07-21 08:14:44 - URL hiện tại của trình duyệt (chờ load): https://labs.google/fx/vi/tools/flow/project/9dd76de5-aa3d-4747-9d0c-37bd6aeb1112
2026-07-21 08:14:46 - Bắt đầu kiểm tra trạng thái đăng nhập...
2026-07-21 08:14:46 - URL sau khi kiểm tra redirect login: https://labs.google/fx/vi/tools/flow/project/9dd76de5-aa3d-4747-9d0c-37bd6aeb1112
2026-07-21 08:14:46 - Đăng nhập thành công. Đang đóng welcome overlays nếu có...
2026-07-21 08:14:46 - Xác minh dự án cũ có hoạt động bình thường không...
2026-07-21 08:14:47 - Dự án cũ hoạt động bình thường! Tiếp tục sử dụng.
2026-07-21 08:14:47 - Đã vào dự án thành công!
2026-07-21 08:14:47 - Bắt đầu quét tìm ô PromptInput...
2026-07-21 08:14:47 - Đã tìm thấy PromptInput! HTML snippet: <div role="textbox" aria-multiline="true" spellcheck="false" class="sc-a8ba1f43-0 djaQmW sc-26b30722-6 jwWpiy" data-slate-editor="true" data-slate-node="value" contenteditable="true" zindex="-1" style...
2026-07-21 08:14:47 - Kiểm tra trạng thái nút Tác nhân (Agent)...
2026-07-21 08:14:47 - Đã tìm thấy nút Tác nhân! HTML: <button type="button" aria-pressed="false" class="sc-59223abb-3 dmZGYv"><div class="sc-59223abb-2 jGESqS"><span class="content">Tác nhân</span></div></button>
2026-07-21 08:14:51 - Nút Tác nhân đã ở trạng thái TẮT (aria-pressed=false) sau khi đã chờ React load. Bỏ qua.
2026-07-21 08:14:51 - Bắt đầu cấu hình cài đặt tác nhân (Model: Nano Banana 2 Lite, Aspect: 9:16, Batch: 2x)...
2026-07-21 08:14:51 - NÚT CẤU HÌNH ĐƯỢC TÌM THẤY: ID=radix-:rn:, Text=[🍌 Nano Banana 2 Lite crop_9_16 x2]
2026-07-21 08:14:51 - ĐỐI CHIẾU CẤU HÌNH: Cấu hình hiện tại vs Yêu cầu [Model: Nano Banana 2 Lite, Aspect: 9:16, Batch: 2x] -> Trùng khớp: true
2026-07-21 08:14:51 - Cấu hình hiện tại ĐÃ TRÙNG KHỚP với yêu cầu. BỎ QUA toàn bộ các bước mở cấu hình.
2026-07-21 08:14:51 - URL nhóm ảnh cuối cùng trước khi tạo: []
2026-07-21 08:14:52 - Bắt đầu thực hiện gửi prompt...
2026-07-21 08:14:52 - Thử gửi bằng phím Enter ảo...
2026-07-21 08:14:53 - Thử gửi bằng sự kiện keydown Enter (JS)...
2026-07-21 08:14:55 - Bắt đầu quét tìm nút gửi bằng JS...
2026-07-21 08:14:55 - Tiến hành click nút gửi...
2026-07-21 08:20:43 - Phát hiện link dự án cũ đã lưu: https://labs.google/fx/vi/tools/flow/project/9dd76de5-aa3d-4747-9d0c-37bd6aeb1112. Tiến hành mở dự án này...
2026-07-21 08:20:43 - Bắt đầu mở trang Google Flow: https://labs.google/fx/vi/tools/flow/project/9dd76de5-aa3d-4747-9d0c-37bd6aeb1112
2026-07-21 08:20:43 - Đang chờ trình duyệt tải xong trang Google Flow...
2026-07-21 08:20:43 - URL hiện tại của trình duyệt (chờ load): 
2026-07-21 08:20:44 - URL hiện tại của trình duyệt (chờ load): https://labs.google/fx/vi/tools/flow/project/9dd76de5-aa3d-4747-9d0c-37bd6aeb1112
2026-07-21 08:20:46 - Bắt đầu kiểm tra trạng thái đăng nhập...
2026-07-21 08:20:46 - URL sau khi kiểm tra redirect login: https://labs.google/fx/vi/tools/flow/project/9dd76de5-aa3d-4747-9d0c-37bd6aeb1112
2026-07-21 08:20:46 - Đăng nhập thành công. Đang đóng welcome overlays nếu có...
2026-07-21 08:20:47 - Xác minh dự án cũ có hoạt động bình thường không...
2026-07-21 08:20:47 - Số lượng hình ảnh hiện có trong dự án cũ: 4
2026-07-21 08:20:47 - Dự án cũ hoạt động bình thường! Tiếp tục sử dụng.
2026-07-21 08:20:47 - Đã vào dự án thành công!
2026-07-21 08:20:47 - Bắt đầu quét tìm ô PromptInput...
2026-07-21 08:20:47 - Đã tìm thấy PromptInput! HTML snippet: <div role="textbox" aria-multiline="true" spellcheck="false" class="sc-a8ba1f43-0 djaQmW sc-26b30722-6 jwWpiy" data-slate-editor="true" data-slate-node="value" contenteditable="true" zindex="-1" style...
2026-07-21 08:20:47 - Kiểm tra trạng thái nút Tác nhân (Agent)...
2026-07-21 08:20:47 - Đã tìm thấy nút Tác nhân! HTML: <button type="button" aria-pressed="false" class="sc-59223abb-3 dmZGYv"><div class="sc-59223abb-2 jGESqS"><span class="content">Tác nhân</span></div></button>
2026-07-21 08:20:51 - Nút Tác nhân đã ở trạng thái TẮT (aria-pressed=false) sau khi đã chờ React load. Bỏ qua.
2026-07-21 08:20:51 - Bắt đầu cấu hình cài đặt tác nhân (Model: Nano Banana 2 Lite, Aspect: 9:16, Batch: 2x)...
2026-07-21 08:20:51 - NÚT CẤU HÌNH ĐƯỢC TÌM THẤY: ID=radix-:rn:, Text=[🍌 Nano Banana 2 Lite crop_9_16 x2]
2026-07-21 08:20:51 - ĐỐI CHIẾU CẤU HÌNH: Cấu hình hiện tại vs Yêu cầu [Model: Nano Banana 2 Lite, Aspect: 9:16, Batch: 2x] -> Trùng khớp: true
2026-07-21 08:20:51 - Cấu hình hiện tại ĐÃ TRÙNG KHỚP với yêu cầu. BỎ QUA toàn bộ các bước mở cấu hình.
2026-07-21 08:20:51 - URL nhóm ảnh cuối cùng trước khi tạo: [https://labs.google/fx/api/trpc/media.getMediaUrlRedirect?name=563b9a3c-1b66-4cf0-b8e8-9df193fd79cf]
2026-07-21 08:20:52 - Bắt đầu thực hiện gửi prompt...
2026-07-21 08:20:52 - Thử gửi bằng phím Enter ảo...
2026-07-21 08:20:53 - Thử gửi bằng sự kiện keydown Enter (JS)...
2026-07-21 08:20:55 - Bắt đầu quét tìm nút gửi bằng JS...
2026-07-21 08:20:55 - Tiến hành click nút gửi...
2026-07-21 08:24:13 - Phát hiện link dự án cũ đã lưu: https://labs.google/fx/vi/tools/flow/project/9dd76de5-aa3d-4747-9d0c-37bd6aeb1112. Tiến hành mở dự án này...
2026-07-21 08:24:13 - Bắt đầu mở trang Google Flow: https://labs.google/fx/vi/tools/flow/project/9dd76de5-aa3d-4747-9d0c-37bd6aeb1112
2026-07-21 08:24:15 - Đang chờ trình duyệt tải xong trang Google Flow...
2026-07-21 08:24:15 - URL hiện tại của trình duyệt (chờ load): 
2026-07-21 08:24:16 - URL hiện tại của trình duyệt (chờ load): https://labs.google/fx/vi/tools/flow/project/9dd76de5-aa3d-4747-9d0c-37bd6aeb1112
2026-07-21 08:24:18 - Bắt đầu kiểm tra trạng thái đăng nhập...
2026-07-21 08:24:18 - URL sau khi kiểm tra redirect login: https://labs.google/fx/vi/tools/flow/project/9dd76de5-aa3d-4747-9d0c-37bd6aeb1112
2026-07-21 08:24:18 - Đăng nhập thành công. Đang đóng welcome overlays nếu có...
2026-07-21 08:24:19 - Xác minh dự án cũ có hoạt động bình thường không...
2026-07-21 08:24:19 - Số lượng hình ảnh hiện có trong dự án cũ: 6
2026-07-21 08:24:19 - Dự án cũ hoạt động bình thường! Tiếp tục sử dụng.
2026-07-21 08:24:19 - Đã vào dự án thành công!
2026-07-21 08:24:19 - Bắt đầu quét tìm ô PromptInput...
2026-07-21 08:24:19 - Đã tìm thấy PromptInput! HTML snippet: <div role="textbox" aria-multiline="true" spellcheck="false" class="sc-a8ba1f43-0 djaQmW sc-26b30722-6 jwWpiy" data-slate-editor="true" data-slate-node="value" contenteditable="true" zindex="-1" style...
2026-07-21 08:24:19 - Kiểm tra trạng thái nút Tác nhân (Agent)...
2026-07-21 08:24:19 - Đã tìm thấy nút Tác nhân! HTML: <button type="button" aria-pressed="true" class="sc-59223abb-3 bdRbOx"><div class="sc-59223abb-2 kLZsnZ"><div class="sc-59223abb-0 kIwoAm"></div><div class="sc-59223abb-0 hYlLce"></div><div class="sc-59223abb-1 dJqkeL"></div><span class="content">Tác nhân</span></div></button>
2026-07-21 08:24:19 - Nút Tác nhân đang hoạt động (phát hiện ở vòng lặp 1, aria-pressed=true).
2026-07-21 08:24:19 - Tiến hành click để TẮT nút Tác nhân...
2026-07-21 08:24:20 - Đã tắt nút Tác nhân thành công (aria-pressed=false).
2026-07-21 08:24:20 - Bắt đầu cấu hình cài đặt tác nhân (Model: Nano Banana 2 Lite, Aspect: 9:16, Batch: 2x)...
2026-07-21 08:24:20 - NÚT CẤU HÌNH ĐƯỢC TÌM THẤY: ID=radix-:r1s:, Text=[🍌 Nano Banana 2 Lite crop_9_16 x2]
2026-07-21 08:24:20 - ĐỐI CHIẾU CẤU HÌNH: Cấu hình hiện tại vs Yêu cầu [Model: Nano Banana 2 Lite, Aspect: 9:16, Batch: 2x] -> Trùng khớp: true
2026-07-21 08:24:20 - Cấu hình hiện tại ĐÃ TRÙNG KHỚP với yêu cầu. BỎ QUA toàn bộ các bước mở cấu hình.
2026-07-21 08:24:20 - URL nhóm ảnh hiện tại trước khi tạo: [https://labs.google/fx/api/trpc/media.getMediaUrlRedirect?name=bc8d6242-0c9f-4c67-89e1-81705b017977]
2026-07-21 08:26:49 - Phát hiện link dự án cũ đã lưu: https://labs.google/fx/vi/tools/flow/project/9dd76de5-aa3d-4747-9d0c-37bd6aeb1112. Tiến hành mở dự án này...
2026-07-21 08:26:49 - Bắt đầu mở trang Google Flow: https://labs.google/fx/vi/tools/flow/project/9dd76de5-aa3d-4747-9d0c-37bd6aeb1112
2026-07-21 08:26:49 - Đang chờ trình duyệt tải xong trang Google Flow...
2026-07-21 08:26:49 - URL hiện tại của trình duyệt (chờ load): 
2026-07-21 08:26:50 - URL hiện tại của trình duyệt (chờ load): https://labs.google/fx/vi/tools/flow/project/9dd76de5-aa3d-4747-9d0c-37bd6aeb1112
2026-07-21 08:26:52 - Bắt đầu kiểm tra trạng thái đăng nhập...
2026-07-21 08:26:52 - URL sau khi kiểm tra redirect login: https://labs.google/fx/vi/tools/flow/project/9dd76de5-aa3d-4747-9d0c-37bd6aeb1112
2026-07-21 08:26:52 - Đăng nhập thành công. Đang đóng welcome overlays nếu có...
2026-07-21 08:26:53 - Xác minh dự án cũ có hoạt động bình thường không...
2026-07-21 08:26:53 - Số lượng hình ảnh hiện có trong dự án cũ: 6
2026-07-21 08:26:53 - Dự án cũ hoạt động bình thường! Tiếp tục sử dụng.
2026-07-21 08:26:53 - Đã vào dự án thành công!
2026-07-21 08:26:53 - Bắt đầu quét tìm ô PromptInput...
2026-07-21 08:26:53 - Đã tìm thấy PromptInput! HTML snippet: <div role="textbox" aria-multiline="true" spellcheck="false" class="sc-a8ba1f43-0 djaQmW sc-26b30722-6 jwWpiy" data-slate-editor="true" data-slate-node="value" contenteditable="true" zindex="-1" style...
2026-07-21 08:26:53 - Kiểm tra trạng thái nút Tác nhân (Agent)...
2026-07-21 08:26:53 - Đã tìm thấy nút Tác nhân! HTML: <button type="button" aria-pressed="false" class="sc-59223abb-3 dmZGYv"><div class="sc-59223abb-2 jGESqS"><span class="content">Tác nhân</span></div></button>
2026-07-21 08:26:56 - Nút Tác nhân đã ở trạng thái TẮT (aria-pressed=false) sau khi đã chờ React load. Bỏ qua.
2026-07-21 08:26:56 - Bắt đầu cấu hình cài đặt tác nhân (Model: Nano Banana 2, Aspect: 9:16, Batch: 3x)...
2026-07-21 08:26:57 - NÚT CẤU HÌNH ĐƯỢC TÌM THẤY: ID=radix-:rn:, Text=[🍌 Nano Banana 2 Lite crop_9_16 x2]
2026-07-21 08:26:57 - ĐỐI CHIẾU CẤU HÌNH: Cấu hình hiện tại vs Yêu cầu [Model: Nano Banana 2, Aspect: 9:16, Batch: 3x] -> Trùng khớp: false
2026-07-21 08:26:57 - Cấu hình hiện tại KHÔNG trùng khớp. Tiến hành mở popover để cấu hình lại...
2026-07-21 08:26:57 - Mở popover cấu hình bằng cách click nút cài đặt (Human Click)...
2026-07-21 08:27:00 - Cấu hình loại media tab: IMAGE
2026-07-21 08:27:00 - DUMP BUTTONS BEFORE CONFIG: [map[ariaHasPopup: ariaLabel: class:sc-e8425ea6-0 hOBPaw sc-d3791a4f-0 sc-d3791a4f-4 sc-7cbbf1fc-2 ewGlDn famhRe jjdvrX id: text:arrow_backQuay lại title: visible:true] map[ariaHasPopup:menu ariaLabel: class:sc-e8425ea6-0 hOBPaw sc-d3791a4f-0 sc-d3791a4f-4 sc-26aa1721-3 ewGlDn famhRe dUDRen id:radix-:r3: text:more_vertTuỳ chọn khác title: visible:true] map[ariaHasPopup: ariaLabel: class:sc-e8425ea6-0 hOBPaw sc-d3791a4f-0 sc-d3791a4f-4 sc-eed1ec57-2 ewGlDn famhRe jceYol id: text:searchTìm kiếm title: visible:true] map[ariaHasPopup:menu ariaLabel: class:sc-16c4830a-1 dnFqQq sc-e7a64add-0 sc-e7a64add-2 fPutAP blvbdy sc-98525c58-8 iQjEOG id:radix-:r5: text:filter_listSắp xếp và lọc title: visible:true] map[ariaHasPopup:menu ariaLabel: class:sc-e8425ea6-0 hOBPaw sc-d3791a4f-0 sc-d3791a4f-4 sc-5c4c0aea-1 ewGlDn famhRe eqhuae id:radix-:r7: text:addThêm nội dung nghe nhìn title: visible:true] map[ariaHasPopup: ariaLabel: class:sc-e8425ea6-0 hOBPaw sc-d3791a4f-0 sc-d3791a4f-4 sc-51397942-2 ewGlDn famhRe kCsEmL id: text:helpTrợ giúp về sản phẩm title: visible:true] map[ariaHasPopup:menu ariaLabel: class:sc-e8425ea6-0 hOBPaw sc-d3791a4f-0 sc-d3791a4f-4 sc-a4925f7f-6 ewGlDn famhRe gdBgFb id:radix-:rb: text:settings_2Cài đặt chế độ xem title: visible:true] map[ariaHasPopup:menu ariaLabel: class:sc-e8425ea6-0 hOBPaw sc-d3791a4f-0 sc-d3791a4f-4 sc-4fec6fdf-1 ewGlDn famhRe lokAjc id:radix-:re: text:more_vertKhác title: visible:true] map[ariaHasPopup: ariaLabel: class:sc-a14123c8-0 iNGyoc id: text:ULTRA title: visible:true] map[ariaHasPopup: ariaLabel: class:sc-e8425ea6-0 hOBPaw sc-d3791a4f-0 sc-d3791a4f-5 sc-3ce961f7-0 sc-7e7bc024-0 ewGlDn lnCuH fqbaql jcMEtI id: text:dashboardTất cả nội dung nghe nhìn title: visible:true] map[ariaHasPopup: ariaLabel: class:sc-e8425ea6-0 hOBPaw sc-d3791a4f-0 sc-d3791a4f-5 sc-3ce961f7-0 ewGlDn hGbzYr fqbaql id: text:imageXem hình ảnh title: visible:true] map[ariaHasPopup: ariaLabel: class:sc-e8425ea6-0 hOBPaw sc-d3791a4f-0 sc-d3791a4f-5 sc-3ce961f7-0 ewGlDn hGbzYr fqbaql id: text:accessibility_newNhân vật title: visible:true] map[ariaHasPopup: ariaLabel: class:sc-e8425ea6-0 hOBPaw sc-d3791a4f-0 sc-d3791a4f-5 sc-3ce961f7-0 ewGlDn hGbzYr fqbaql id: text:movieXem các cảnh title: visible:true] map[ariaHasPopup: ariaLabel: class:sc-e8425ea6-0 hOBPaw sc-d3791a4f-0 sc-d3791a4f-5 sc-3ce961f7-0 ewGlDn hGbzYr fqbaql id: text:apps_spark_2Công cụ title: visible:true] map[ariaHasPopup: ariaLabel: class:sc-e8425ea6-0 hOBPaw sc-d3791a4f-0 sc-d3791a4f-5 sc-3ce961f7-0 ewGlDn hGbzYr fqbaql id: text:deleteXem thùng rác title: visible:true] map[ariaHasPopup: ariaLabel: class:sc-e8425ea6-0 hOBPaw sc-d3791a4f-0 sc-d3791a4f-5 sc-3ce961f7-0 ewGlDn hGbzYr fqbaql id: text:left_panel_openMở rộng title: visible:true] map[ariaHasPopup:dialog ariaLabel: class:sc-e8425ea6-0 hOBPaw sc-d3791a4f-0 sc-d3791a4f-4 sc-253cad92-0 ewGlDn famhRe joSmHx id: text:add_2Tạo title: visible:true] map[ariaHasPopup: ariaLabel: class:sc-59223abb-3 dmZGYv id: text:Tác nhân title: visible:true] map[ariaHasPopup:menu ariaLabel: class:sc-16c4830a-1 dnFqQq sc-e7a64add-0 sc-e7a64add-1 fPutAP jmLZrS sc-93abd9dc-1 ldbhld id:radix-:rn: text:🍌 Nano Banana 2 Litecrop_9_16x2 title: visible:true] map[ariaHasPopup: ariaLabel: class:sc-e8425ea6-0 hOBPaw sc-d3791a4f-0 sc-d3791a4f-4 sc-26b30722-5 ewGlDn famhRe jDvIwb id: text:arrow_forwardTạo title: visible:true] map[ariaHasPopup: ariaLabel: class:sc-eb68e7f-2 jrTHnf flow_tab_slider_trigger id:radix-:r1q:-trigger-IMAGE text:imageHình ảnh title: visible:true] map[ariaHasPopup: ariaLabel: class:sc-eb68e7f-2 jrTHnf flow_tab_slider_trigger id:radix-:r1q:-trigger-VIDEO text:play_circleVideo title: visible:true] map[ariaHasPopup: ariaLabel: class:sc-eb68e7f-2 dNQytQ flow_tab_slider_trigger id:radix-:r1t:-trigger-LANDSCAPE text:crop_16_916:9 title: visible:true] map[ariaHasPopup: ariaLabel: class:sc-eb68e7f-2 dNQytQ flow_tab_slider_trigger id:radix-:r1t:-trigger-LANDSCAPE_4_3 text:crop_landscape4:3 title: visible:true] map[ariaHasPopup: ariaLabel: class:sc-eb68e7f-2 dNQytQ flow_tab_slider_trigger id:radix-:r1t:-trigger-SQUARE text:crop_square1:1 title: visible:true] map[ariaHasPopup: ariaLabel: class:sc-eb68e7f-2 dNQytQ flow_tab_slider_trigger id:radix-:r1t:-trigger-PORTRAIT_3_4 text:crop_portrait3:4 title: visible:true] map[ariaHasPopup: ariaLabel: class:sc-eb68e7f-2 dNQytQ flow_tab_slider_trigger id:radix-:r1t:-trigger-PORTRAIT text:crop_9_169:16 title: visible:true] map[ariaHasPopup: ariaLabel: class:sc-eb68e7f-2 DoEQM flow_tab_slider_trigger id:radix-:r23:-trigger-1 text:1x title: visible:true] map[ariaHasPopup: ariaLabel: class:sc-eb68e7f-2 DoEQM flow_tab_slider_trigger id:radix-:r23:-trigger-2 text:x2 title: visible:true] map[ariaHasPopup: ariaLabel: class:sc-eb68e7f-2 DoEQM flow_tab_slider_trigger id:radix-:r23:-trigger-3 text:x3 title: visible:true] map[ariaHasPopup: ariaLabel: class:sc-eb68e7f-2 DoEQM flow_tab_slider_trigger id:radix-:r23:-trigger-4 text:x4 title: visible:true] map[ariaHasPopup:menu ariaLabel: class:sc-16c4830a-1 dnFqQq sc-e7a64add-0 sc-e7a64add-1 fPutAP jmLZrS sc-3f41cc92-1 eaVRLg id:radix-:r28: text:🍌 Nano Banana 2 Litearrow_drop_down title: visible:true]]
2026-07-21 08:27:02 - Cấu hình tỷ lệ khung hình: 9:16
2026-07-21 08:27:04 - Cấu hình số lượng (batch size): 3x
2026-07-21 08:27:06 - Cấu hình Model: Nano Banana 2
2026-07-21 08:27:10 - Đóng hộp thoại cấu hình tác nhân...
2026-07-21 08:27:10 - Đóng hộp thoại cấu hình tác nhân bằng cách click lại nút cài đặt...
2026-07-21 08:27:13 - URL nhóm ảnh hiện tại trước khi tạo: [https://labs.google/fx/api/trpc/media.getMediaUrlRedirect?name=bc8d6242-0c9f-4c67-89e1-81705b017977]
2026-07-21 08:27:13 - Số lượng hình ảnh đang có trong dự án trước khi tạo: 6 ảnh
2026-07-21 08:27:13 - Bắt đầu điền prompt vào ô nhập liệu: 'con mực khổng lồ'...
2026-07-21 08:27:14 - Đã điền prompt xong thành công!
2026-07-21 08:27:14 - Bắt đầu thực hiện gửi prompt...
2026-07-21 08:27:14 - Thử gửi bằng phím Enter ảo...
2026-07-21 08:27:15 - Thử gửi bằng sự kiện keydown Enter (JS)...
2026-07-21 08:27:17 - Bắt đầu quét tìm nút gửi bằng JS...
2026-07-21 08:27:17 - Tiến hành click nút gửi...
2026-07-21 08:27:21 - Đang chờ Google AI tạo xong hình ảnh... (Đã chờ 2 giây)
2026-07-21 08:27:27 - Đang chờ Google AI tạo xong hình ảnh... (Đã chờ 8 giây)
2026-07-21 08:27:33 - Đang chờ Google AI tạo xong hình ảnh... (Đã chờ 14 giây)
2026-07-21 08:27:39 - Đang chờ Google AI tạo xong hình ảnh... (Đã chờ 20 giây)
2026-07-21 08:27:41 - Phát hiện nhóm ảnh mới đã sinh xong! URL: [https://labs.google/fx/api/trpc/media.getMediaUrlRedirect?name=aa4b7be9-0026-4f17-b339-ccf15bac2d2d]
2026-07-21 08:27:45 - Tìm thấy nhóm ảnh mới sinh thành công! Số lượng: 1
2026-07-21 08:27:45 - Tổng số lượng hình ảnh đang có trong dự án: 9
2026-07-21 08:27:45 - Đang chuyển đổi ảnh 1/1 sang Base64 (URL: https://labs.google/fx/api/trpc/media.getMediaUrlRedirect?name=aa4b7be9-0026-4f17-b339-ccf15bac2d2d)...
2026-07-21 08:27:45 - Đang gửi yêu cầu chọn ảnh lên UI...
2026-07-21 08:28:50 - Đã nhận được danh sách ảnh được chọn từ UI: [0]
2026-07-21 08:28:50 - Đang tải hình ảnh được chọn thứ 1/1 (chỉ mục trong nhóm: 0)...
2026-07-21 08:28:56 - Tải ảnh thành công: D:\CongTy\ToolCatVideoNgan\videodacat\a.jpg
2026-07-21 08:31:51 - Phát hiện link dự án cũ đã lưu: https://labs.google/fx/vi/tools/flow/project/9dd76de5-aa3d-4747-9d0c-37bd6aeb1112. Tiến hành mở dự án này...
2026-07-21 08:31:51 - Bắt đầu mở trang Google Flow: https://labs.google/fx/vi/tools/flow/project/9dd76de5-aa3d-4747-9d0c-37bd6aeb1112
2026-07-21 08:31:51 - Đang chờ trình duyệt tải xong trang Google Flow...
2026-07-21 08:31:51 - URL hiện tại của trình duyệt (chờ load): 
2026-07-21 08:31:52 - URL hiện tại của trình duyệt (chờ load): https://labs.google/fx/vi/tools/flow/project/9dd76de5-aa3d-4747-9d0c-37bd6aeb1112
2026-07-21 08:31:54 - Bắt đầu kiểm tra trạng thái đăng nhập...
2026-07-21 08:31:54 - URL sau khi kiểm tra redirect login: https://labs.google/fx/vi/tools/flow/project/9dd76de5-aa3d-4747-9d0c-37bd6aeb1112
2026-07-21 08:31:54 - Đăng nhập thành công. Đang đóng welcome overlays nếu có...
2026-07-21 08:31:55 - Xác minh dự án cũ có hoạt động bình thường không...
2026-07-21 08:31:55 - Số lượng hình ảnh hiện có trong dự án cũ: 9
2026-07-21 08:31:55 - Dự án cũ hoạt động bình thường! Tiếp tục sử dụng.
2026-07-21 08:31:55 - Đã vào dự án thành công!
2026-07-21 08:31:55 - Bắt đầu quét tìm ô PromptInput...
2026-07-21 08:31:55 - Đã tìm thấy PromptInput! HTML snippet: <div role="textbox" aria-multiline="true" spellcheck="false" class="sc-a8ba1f43-0 djaQmW sc-26b30722-6 jwWpiy" data-slate-editor="true" data-slate-node="value" contenteditable="true" zindex="-1" style...
2026-07-21 08:31:55 - Kiểm tra trạng thái nút Tác nhân (Agent)...
2026-07-21 08:31:55 - Đã tìm thấy nút Tác nhân! HTML: <button type="button" aria-pressed="false" class="sc-59223abb-3 dmZGYv"><div class="sc-59223abb-2 jGESqS"><span class="content">Tác nhân</span></div></button>
2026-07-21 08:31:58 - Nút Tác nhân đã ở trạng thái TẮT (aria-pressed=false) sau khi đã chờ React load. Bỏ qua.
2026-07-21 08:31:58 - Bắt đầu cấu hình cài đặt tác nhân (Model: Nano Banana 2, Aspect: 9:16, Batch: 2x)...
2026-07-21 08:31:58 - NÚT CẤU HÌNH ĐƯỢC TÌM THẤY: ID=radix-:rn:, Text=[🍌 Nano Banana 2 crop_9_16 x3]
2026-07-21 08:31:58 - ĐỐI CHIẾU CẤU HÌNH: Cấu hình hiện tại vs Yêu cầu [Model: Nano Banana 2, Aspect: 9:16, Batch: 2x] -> Trùng khớp: true
2026-07-21 08:31:58 - Cấu hình hiện tại ĐÃ TRÙNG KHỚP với yêu cầu. BỎ QUA toàn bộ các bước mở cấu hình.
2026-07-21 08:31:58 - URL tất cả ảnh hiện tại trước khi tạo (9 ảnh): [https://labs.google/fx/api/trpc/media.getMediaUrlRedirect?name=8668b782-8f5c-480b-99b2-7d0955c3794c https://labs.google/fx/api/trpc/media.getMediaUrlRedirect?name=9c8eaaf5-e7a9-4e72-ab60-5027491a2e4a https://labs.google/fx/api/trpc/media.getMediaUrlRedirect?name=aa4b7be9-0026-4f17-b339-ccf15bac2d2d https://labs.google/fx/api/trpc/media.getMediaUrlRedirect?name=bc8d6242-0c9f-4c67-89e1-81705b017977 https://labs.google/fx/api/trpc/media.getMediaUrlRedirect?name=cdb05e08-2789-4864-8366-5debe19b32ff https://labs.google/fx/api/trpc/media.getMediaUrlRedirect?name=a05d71d2-cea9-40d5-bb73-64c3fb535c7f https://labs.google/fx/api/trpc/media.getMediaUrlRedirect?name=2ce2d62b-a233-422b-9d8d-b6e2e1df4372 https://labs.google/fx/api/trpc/media.getMediaUrlRedirect?name=5b9de7e0-5bcf-438d-b5b6-245faca7f16d https://labs.google/fx/api/trpc/media.getMediaUrlRedirect?name=563b9a3c-1b66-4cf0-b8e8-9df193fd79cf]
2026-07-21 08:31:58 - Số lượng hình ảnh đang có trong dự án trước khi tạo: 9 ảnh
2026-07-21 08:31:58 - Bắt đầu điền prompt vào ô nhập liệu: 'con mực nhỏ'...
2026-07-21 08:32:00 - Đã điền prompt xong thành công!
2026-07-21 08:32:00 - Bắt đầu thực hiện gửi prompt...
2026-07-21 08:32:00 - Thử gửi bằng phím Enter ảo...
2026-07-21 08:32:01 - Thử gửi bằng sự kiện keydown Enter (JS)...
2026-07-21 08:32:03 - Bắt đầu quét tìm nút gửi bằng JS...
2026-07-21 08:32:03 - Tiến hành click nút gửi...
2026-07-21 08:32:07 - Đang chờ Google AI tạo xong hình ảnh... (Đã chờ 2 giây)
2026-07-21 08:32:13 - Đang chờ Google AI tạo xong hình ảnh... (Đã chờ 8 giây)
2026-07-21 08:32:19 - Đang chờ Google AI tạo xong hình ảnh... (Đã chờ 14 giây)
2026-07-21 08:32:25 - Đang chờ Google AI tạo xong hình ảnh... (Đã chờ 20 giây)
2026-07-21 08:32:25 - Phát hiện nhóm ảnh mới đã sinh xong! Số lượng mới sinh: 1 ảnh. URL: [https://labs.google/fx/api/trpc/media.getMediaUrlRedirect?name=2009dad2-70ee-4ab3-b2fd-9c07b7e1d835]
2026-07-21 08:32:29 - Tìm thấy nhóm ảnh mới sinh thành công! Số lượng: 3
2026-07-21 08:32:29 - Tổng số lượng hình ảnh đang có trong dự án: 12
2026-07-21 08:32:29 - Đang chuyển đổi ảnh 1/3 sang Base64 (URL: https://labs.google/fx/api/trpc/media.getMediaUrlRedirect?name=2009dad2-70ee-4ab3-b2fd-9c07b7e1d835)...
2026-07-21 08:32:29 - Đang chuyển đổi ảnh 2/3 sang Base64 (URL: https://labs.google/fx/api/trpc/media.getMediaUrlRedirect?name=72358cc2-1163-43d9-b71e-af0e09f1586d)...
2026-07-21 08:32:29 - Đang chuyển đổi ảnh 3/3 sang Base64 (URL: https://labs.google/fx/api/trpc/media.getMediaUrlRedirect?name=313dbc57-45b5-4eb5-bbc3-3ccb779ff589)...
2026-07-21 08:32:29 - Đang gửi yêu cầu chọn ảnh lên UI...
2026-07-21 08:32:59 - Đã nhận được danh sách ảnh được chọn từ UI: [0 1 2]
2026-07-21 08:32:59 - Đang tải hình ảnh được chọn thứ 1/3 (chỉ mục trong nhóm: 0)...
2026-07-21 08:33:05 - Tài khoản chưa đăng ký gói ULTRA (không có badge ULTRA). Tự động lùi độ phân giải từ 4K về 2K.
2026-07-21 08:33:05 - Đã click kích hoạt nâng cấp lên 4K. Đang chờ quá trình nâng cấp hoàn tất...
2026-07-21 08:33:07 - Nâng cấp lên 4K hoàn tất!
2026-07-21 08:40:49 - Phát hiện link dự án cũ đã lưu: https://labs.google/fx/vi/tools/flow/project/9dd76de5-aa3d-4747-9d0c-37bd6aeb1112. Tiến hành mở dự án này...
2026-07-21 08:40:49 - Bắt đầu mở trang Google Flow: https://labs.google/fx/vi/tools/flow/project/9dd76de5-aa3d-4747-9d0c-37bd6aeb1112
2026-07-21 08:40:49 - Đang chờ trình duyệt tải xong trang Google Flow...
2026-07-21 08:40:49 - URL hiện tại của trình duyệt (chờ load): 
2026-07-21 08:40:49 - URL hiện tại của trình duyệt (chờ load): https://labs.google/fx/vi/tools/flow/project/9dd76de5-aa3d-4747-9d0c-37bd6aeb1112
2026-07-21 08:40:52 - Bắt đầu kiểm tra trạng thái đăng nhập...
2026-07-21 08:40:52 - URL sau khi kiểm tra redirect login: https://labs.google/fx/vi/tools/flow/project/9dd76de5-aa3d-4747-9d0c-37bd6aeb1112
2026-07-21 08:40:52 - Đăng nhập thành công. Đang đóng welcome overlays nếu có...
2026-07-21 08:40:52 - Xác minh dự án cũ có hoạt động bình thường không...
2026-07-21 08:40:52 - Số lượng hình ảnh hiện có trong dự án cũ: 12
2026-07-21 08:40:52 - Dự án cũ hoạt động bình thường! Tiếp tục sử dụng.
2026-07-21 08:40:52 - Đã vào dự án thành công!
2026-07-21 08:40:52 - Bắt đầu quét tìm ô PromptInput...
2026-07-21 08:40:52 - Đã tìm thấy PromptInput! HTML snippet: <div role="textbox" aria-multiline="true" spellcheck="false" class="sc-a8ba1f43-0 djaQmW sc-26b30722-6 jwWpiy" data-slate-editor="true" data-slate-node="value" contenteditable="true" zindex="-1" style...
2026-07-21 08:40:52 - Kiểm tra trạng thái nút Tác nhân (Agent)...
2026-07-21 08:40:52 - Đã tìm thấy nút Tác nhân! HTML: <button type="button" aria-pressed="false" class="sc-59223abb-3 dmZGYv"><div class="sc-59223abb-2 jGESqS"><span class="content">Tác nhân</span></div></button>
2026-07-21 08:40:56 - Nút Tác nhân đã ở trạng thái TẮT (aria-pressed=false) sau khi đã chờ React load. Bỏ qua.
2026-07-21 08:40:56 - Bắt đầu cấu hình cài đặt tác nhân (Model: Nano Banana 2, Aspect: 9:16, Batch: 4x)...
2026-07-21 08:40:56 - NÚT CẤU HÌNH ĐƯỢC TÌM THẤY: ID=radix-:rn:, Text=[🍌 Nano Banana 2 crop_9_16 x3]
2026-07-21 08:40:56 - ĐỐI CHIẾU CẤU HÌNH: Cấu hình hiện tại vs Yêu cầu [Model: Nano Banana 2, Aspect: 9:16, Batch: 4x] -> Trùng khớp: false
2026-07-21 08:40:56 - Cấu hình hiện tại KHÔNG trùng khớp. Tiến hành mở popover để cấu hình lại...
2026-07-21 08:40:56 - Mở popover cấu hình bằng cách click nút cài đặt (Human Click)...
2026-07-21 08:41:00 - Cấu hình loại media tab: IMAGE
2026-07-21 08:41:00 - DUMP BUTTONS BEFORE CONFIG: [map[ariaHasPopup: ariaLabel: class:sc-e8425ea6-0 hOBPaw sc-d3791a4f-0 sc-d3791a4f-4 sc-7cbbf1fc-2 ewGlDn famhRe jjdvrX id: text:arrow_backQuay lại title: visible:true] map[ariaHasPopup:menu ariaLabel: class:sc-e8425ea6-0 hOBPaw sc-d3791a4f-0 sc-d3791a4f-4 sc-26aa1721-3 ewGlDn famhRe dUDRen id:radix-:r3: text:more_vertTuỳ chọn khác title: visible:true] map[ariaHasPopup: ariaLabel: class:sc-e8425ea6-0 hOBPaw sc-d3791a4f-0 sc-d3791a4f-4 sc-eed1ec57-2 ewGlDn famhRe jceYol id: text:searchTìm kiếm title: visible:true] map[ariaHasPopup:menu ariaLabel: class:sc-16c4830a-1 dnFqQq sc-e7a64add-0 sc-e7a64add-2 fPutAP blvbdy sc-98525c58-8 iQjEOG id:radix-:r5: text:filter_listSắp xếp và lọc title: visible:true] map[ariaHasPopup:menu ariaLabel: class:sc-e8425ea6-0 hOBPaw sc-d3791a4f-0 sc-d3791a4f-4 sc-5c4c0aea-1 ewGlDn famhRe eqhuae id:radix-:r7: text:addThêm nội dung nghe nhìn title: visible:true] map[ariaHasPopup: ariaLabel: class:sc-e8425ea6-0 hOBPaw sc-d3791a4f-0 sc-d3791a4f-4 sc-51397942-2 ewGlDn famhRe kCsEmL id: text:helpTrợ giúp về sản phẩm title: visible:true] map[ariaHasPopup:menu ariaLabel: class:sc-e8425ea6-0 hOBPaw sc-d3791a4f-0 sc-d3791a4f-4 sc-a4925f7f-6 ewGlDn famhRe gdBgFb id:radix-:rb: text:settings_2Cài đặt chế độ xem title: visible:true] map[ariaHasPopup:menu ariaLabel: class:sc-e8425ea6-0 hOBPaw sc-d3791a4f-0 sc-d3791a4f-4 sc-4fec6fdf-1 ewGlDn famhRe lokAjc id:radix-:re: text:more_vertKhác title: visible:true] map[ariaHasPopup: ariaLabel: class:sc-a14123c8-0 iNGyoc id: text:ULTRA title: visible:true] map[ariaHasPopup: ariaLabel: class:sc-e8425ea6-0 hOBPaw sc-d3791a4f-0 sc-d3791a4f-5 sc-3ce961f7-0 sc-7e7bc024-0 ewGlDn lnCuH fqbaql jcMEtI id: text:dashboardTất cả nội dung nghe nhìn title: visible:true] map[ariaHasPopup: ariaLabel: class:sc-e8425ea6-0 hOBPaw sc-d3791a4f-0 sc-d3791a4f-5 sc-3ce961f7-0 ewGlDn hGbzYr fqbaql id: text:imageXem hình ảnh title: visible:true] map[ariaHasPopup: ariaLabel: class:sc-e8425ea6-0 hOBPaw sc-d3791a4f-0 sc-d3791a4f-5 sc-3ce961f7-0 ewGlDn hGbzYr fqbaql id: text:accessibility_newNhân vật title: visible:true] map[ariaHasPopup: ariaLabel: class:sc-e8425ea6-0 hOBPaw sc-d3791a4f-0 sc-d3791a4f-5 sc-3ce961f7-0 ewGlDn hGbzYr fqbaql id: text:movieXem các cảnh title: visible:true] map[ariaHasPopup: ariaLabel: class:sc-e8425ea6-0 hOBPaw sc-d3791a4f-0 sc-d3791a4f-5 sc-3ce961f7-0 ewGlDn hGbzYr fqbaql id: text:apps_spark_2Công cụ title: visible:true] map[ariaHasPopup: ariaLabel: class:sc-e8425ea6-0 hOBPaw sc-d3791a4f-0 sc-d3791a4f-5 sc-3ce961f7-0 ewGlDn hGbzYr fqbaql id: text:deleteXem thùng rác title: visible:true] map[ariaHasPopup: ariaLabel: class:sc-e8425ea6-0 hOBPaw sc-d3791a4f-0 sc-d3791a4f-5 sc-3ce961f7-0 ewGlDn hGbzYr fqbaql id: text:left_panel_openMở rộng title: visible:true] map[ariaHasPopup:dialog ariaLabel: class:sc-e8425ea6-0 hOBPaw sc-d3791a4f-0 sc-d3791a4f-4 sc-253cad92-0 ewGlDn famhRe joSmHx id: text:add_2Tạo title: visible:true] map[ariaHasPopup: ariaLabel: class:sc-59223abb-3 dmZGYv id: text:Tác nhân title: visible:true] map[ariaHasPopup:menu ariaLabel: class:sc-16c4830a-1 dnFqQq sc-e7a64add-0 sc-e7a64add-1 fPutAP jmLZrS sc-93abd9dc-1 ldbhld id:radix-:rn: text:🍌 Nano Banana 2crop_9_16x3 title: visible:true] map[ariaHasPopup: ariaLabel: class:sc-e8425ea6-0 hOBPaw sc-d3791a4f-0 sc-d3791a4f-4 sc-26b30722-5 ewGlDn famhRe jDvIwb id: text:arrow_forwardTạo title: visible:true] map[ariaHasPopup: ariaLabel: class:sc-eb68e7f-2 jrTHnf flow_tab_slider_trigger id:radix-:r2i:-trigger-IMAGE text:imageHình ảnh title: visible:true] map[ariaHasPopup: ariaLabel: class:sc-eb68e7f-2 jrTHnf flow_tab_slider_trigger id:radix-:r2i:-trigger-VIDEO text:play_circleVideo title: visible:true] map[ariaHasPopup: ariaLabel: class:sc-eb68e7f-2 dNQytQ flow_tab_slider_trigger id:radix-:r2l:-trigger-LANDSCAPE text:crop_16_916:9 title: visible:true] map[ariaHasPopup: ariaLabel: class:sc-eb68e7f-2 dNQytQ flow_tab_slider_trigger id:radix-:r2l:-trigger-LANDSCAPE_4_3 text:crop_landscape4:3 title: visible:true] map[ariaHasPopup: ariaLabel: class:sc-eb68e7f-2 dNQytQ flow_tab_slider_trigger id:radix-:r2l:-trigger-SQUARE text:crop_square1:1 title: visible:true] map[ariaHasPopup: ariaLabel: class:sc-eb68e7f-2 dNQytQ flow_tab_slider_trigger id:radix-:r2l:-trigger-PORTRAIT_3_4 text:crop_portrait3:4 title: visible:true] map[ariaHasPopup: ariaLabel: class:sc-eb68e7f-2 dNQytQ flow_tab_slider_trigger id:radix-:r2l:-trigger-PORTRAIT text:crop_9_169:16 title: visible:true] map[ariaHasPopup: ariaLabel: class:sc-eb68e7f-2 DoEQM flow_tab_slider_trigger id:radix-:r2r:-trigger-1 text:1x title: visible:true] map[ariaHasPopup: ariaLabel: class:sc-eb68e7f-2 DoEQM flow_tab_slider_trigger id:radix-:r2r:-trigger-2 text:x2 title: visible:true] map[ariaHasPopup: ariaLabel: class:sc-eb68e7f-2 DoEQM flow_tab_slider_trigger id:radix-:r2r:-trigger-3 text:x3 title: visible:true] map[ariaHasPopup: ariaLabel: class:sc-eb68e7f-2 DoEQM flow_tab_slider_trigger id:radix-:r2r:-trigger-4 text:x4 title: visible:true] map[ariaHasPopup:menu ariaLabel: class:sc-16c4830a-1 dnFqQq sc-e7a64add-0 sc-e7a64add-1 fPutAP jmLZrS sc-3f41cc92-1 eaVRLg id:radix-:r30: text:🍌 Nano Banana 2arrow_drop_down title: visible:true]]
2026-07-21 08:41:02 - Cấu hình tỷ lệ khung hình: 9:16
2026-07-21 08:41:04 - Cấu hình số lượng (batch size): 4x
2026-07-21 08:41:06 - Cấu hình Model: Nano Banana 2
2026-07-21 08:41:11 - Đóng hộp thoại cấu hình tác nhân...
2026-07-21 08:41:11 - Đóng hộp thoại cấu hình tác nhân bằng cách click lại nút cài đặt...
2026-07-21 08:41:13 - URL tất cả ảnh hiện tại trước khi tạo (12 ảnh): [https://labs.google/fx/api/trpc/media.getMediaUrlRedirect?name=313dbc57-45b5-4eb5-bbc3-3ccb779ff589 https://labs.google/fx/api/trpc/media.getMediaUrlRedirect?name=72358cc2-1163-43d9-b71e-af0e09f1586d https://labs.google/fx/api/trpc/media.getMediaUrlRedirect?name=2009dad2-70ee-4ab3-b2fd-9c07b7e1d835 https://labs.google/fx/api/trpc/media.getMediaUrlRedirect?name=8668b782-8f5c-480b-99b2-7d0955c3794c https://labs.google/fx/api/trpc/media.getMediaUrlRedirect?name=9c8eaaf5-e7a9-4e72-ab60-5027491a2e4a https://labs.google/fx/api/trpc/media.getMediaUrlRedirect?name=aa4b7be9-0026-4f17-b339-ccf15bac2d2d https://labs.google/fx/api/trpc/media.getMediaUrlRedirect?name=bc8d6242-0c9f-4c67-89e1-81705b017977 https://labs.google/fx/api/trpc/media.getMediaUrlRedirect?name=cdb05e08-2789-4864-8366-5debe19b32ff https://labs.google/fx/api/trpc/media.getMediaUrlRedirect?name=a05d71d2-cea9-40d5-bb73-64c3fb535c7f https://labs.google/fx/api/trpc/media.getMediaUrlRedirect?name=2ce2d62b-a233-422b-9d8d-b6e2e1df4372 https://labs.google/fx/api/trpc/media.getMediaUrlRedirect?name=5b9de7e0-5bcf-438d-b5b6-245faca7f16d https://labs.google/fx/api/trpc/media.getMediaUrlRedirect?name=563b9a3c-1b66-4cf0-b8e8-9df193fd79cf]
2026-07-21 08:41:13 - Số lượng hình ảnh đang có trong dự án trước khi tạo: 12 ảnh
2026-07-21 08:41:13 - Bắt đầu điền prompt vào ô nhập liệu: 'funny baby shark'...
2026-07-21 08:41:15 - Đã điền prompt xong thành công!
2026-07-21 08:41:15 - Bắt đầu thực hiện gửi prompt...
2026-07-21 08:41:15 - Thử gửi bằng phím Enter ảo...
2026-07-21 08:41:16 - Thử gửi bằng sự kiện keydown Enter (JS)...
2026-07-21 08:41:17 - Bắt đầu quét tìm nút gửi bằng JS...
2026-07-21 08:41:17 - Tiến hành click nút gửi...
2026-07-21 08:41:21 - Đang chờ Google AI tạo xong hình ảnh... (Đã chờ 2 giây)
2026-07-21 08:41:27 - Đang chờ Google AI tạo xong hình ảnh... (Đã chờ 8 giây)
2026-07-21 08:41:33 - Đang chờ Google AI tạo xong hình ảnh... (Đã chờ 14 giây)
2026-07-21 08:41:39 - Đang chờ Google AI tạo xong hình ảnh... (Đã chờ 20 giây)
2026-07-21 08:41:39 - Phát hiện nhóm ảnh mới đã sinh xong! Số lượng mới sinh: 2 ảnh. URL: [https://labs.google/fx/api/trpc/media.getMediaUrlRedirect?name=6adfefac-cac1-432e-b01f-f26acfb30358 https://labs.google/fx/api/trpc/media.getMediaUrlRedirect?name=3fd69f68-5c39-4253-9479-676c9d3f9f25]
2026-07-21 08:41:43 - Tìm thấy nhóm ảnh mới sinh thành công! Số lượng: 3
2026-07-21 08:41:43 - Tổng số lượng hình ảnh đang có trong dự án: 15
2026-07-21 08:41:43 - Đang chuyển đổi ảnh 1/3 sang Base64 (URL: https://labs.google/fx/api/trpc/media.getMediaUrlRedirect?name=b9af3123-879a-4c65-8f41-9a2f33aa3096)...
2026-07-21 08:41:43 - Đang chuyển đổi ảnh 2/3 sang Base64 (URL: https://labs.google/fx/api/trpc/media.getMediaUrlRedirect?name=6adfefac-cac1-432e-b01f-f26acfb30358)...
2026-07-21 08:41:44 - Đang chuyển đổi ảnh 3/3 sang Base64 (URL: https://labs.google/fx/api/trpc/media.getMediaUrlRedirect?name=3fd69f68-5c39-4253-9479-676c9d3f9f25)...
2026-07-21 08:41:44 - Đang gửi yêu cầu chọn ảnh lên UI...
2026-07-21 08:41:51 - Đã nhận được danh sách ảnh được chọn từ UI: [0 1 2]
2026-07-21 08:41:51 - Đang tải hình ảnh được chọn thứ 1/3 (chỉ mục trong nhóm: 0)...
2026-07-21 08:41:57 - Đang chọn độ phân giải 4K cho ảnh thứ 1/3...
2026-07-21 08:41:57 - Đã click chọn độ phân giải 4K. Đang chờ file được tải về máy...
2026-07-21 08:42:22 - Tải ảnh thứ 1/3 thành công (4K): D:\CongTy\ToolCatVideoNgan\videodacat\a_1.jpg
2026-07-21 08:42:25 - Đang tải hình ảnh được chọn thứ 2/3 (chỉ mục trong nhóm: 1)...
2026-07-21 08:42:30 - Đang chọn độ phân giải 4K cho ảnh thứ 2/3...
2026-07-21 08:42:30 - Đã click chọn độ phân giải 4K. Đang chờ file được tải về máy...
2026-07-21 08:42:53 - Tải ảnh thứ 2/3 thành công (4K): D:\CongTy\ToolCatVideoNgan\videodacat\a_2.jpg
2026-07-21 08:42:56 - Đang tải hình ảnh được chọn thứ 3/3 (chỉ mục trong nhóm: 2)...
2026-07-21 08:43:01 - Đang chọn độ phân giải 4K cho ảnh thứ 3/3...
2026-07-21 08:43:01 - Đã click chọn độ phân giải 4K. Đang chờ file được tải về máy...
2026-07-21 08:43:29 - Tải ảnh thứ 3/3 thành công (4K): D:\CongTy\ToolCatVideoNgan\videodacat\a_3.jpg
2026-07-21 08:51:08 - Phát hiện link dự án cũ đã lưu: https://labs.google/fx/vi/tools/flow/project/9dd76de5-aa3d-4747-9d0c-37bd6aeb1112. Tiến hành mở dự án này...
2026-07-21 08:51:08 - Bắt đầu mở trang Google Flow: https://labs.google/fx/vi/tools/flow/project/9dd76de5-aa3d-4747-9d0c-37bd6aeb1112
2026-07-21 08:51:08 - Đang chờ trình duyệt tải xong trang Google Flow...
2026-07-21 08:51:08 - URL hiện tại của trình duyệt (chờ load): 
2026-07-21 08:51:09 - URL hiện tại của trình duyệt (chờ load): https://labs.google/fx/vi/tools/flow/project/9dd76de5-aa3d-4747-9d0c-37bd6aeb1112
2026-07-21 08:51:11 - Bắt đầu kiểm tra trạng thái đăng nhập...
2026-07-21 08:51:11 - URL sau khi kiểm tra redirect login: https://labs.google/fx/vi/tools/flow/project/9dd76de5-aa3d-4747-9d0c-37bd6aeb1112
2026-07-21 08:51:11 - Đăng nhập thành công. Đang đóng welcome overlays nếu có...
2026-07-21 08:51:12 - Xác minh dự án cũ có hoạt động bình thường không...
2026-07-21 08:51:16 - Số lượng hình ảnh hiện có trong dự án cũ: 15
2026-07-21 08:51:16 - Dự án cũ hoạt động bình thường! Tiếp tục sử dụng.
2026-07-21 08:51:16 - Đã vào dự án thành công!
2026-07-21 08:51:16 - Bắt đầu quét tìm ô PromptInput...
2026-07-21 08:51:16 - Đã tìm thấy PromptInput! HTML snippet: <div role="textbox" aria-multiline="true" spellcheck="false" class="sc-a8ba1f43-0 djaQmW sc-26b30722-6 jwWpiy" data-slate-editor="true" data-slate-node="value" contenteditable="true" zindex="-1" style...
2026-07-21 08:51:16 - Kiểm tra trạng thái nút Tác nhân (Agent)...
2026-07-21 08:51:16 - Đã tìm thấy nút Tác nhân! HTML: <button type="button" aria-pressed="false" class="sc-59223abb-3 dmZGYv"><div class="sc-59223abb-2 jGESqS"><span class="content">Tác nhân</span></div></button>
2026-07-21 08:51:20 - Nút Tác nhân đã ở trạng thái TẮT (aria-pressed=false) sau khi đã chờ React load. Bỏ qua.
2026-07-21 08:51:20 - Bắt đầu cấu hình cài đặt tác nhân (Model: Nano Banana 2, Aspect: 9:16, Batch: 2x)...
2026-07-21 08:51:20 - NÚT CẤU HÌNH ĐƯỢC TÌM THẤY: ID=radix-:rn:, Text=[🍌 Nano Banana 2 crop_9_16 x4]
2026-07-21 08:51:20 - ĐỐI CHIẾU CẤU HÌNH: Cấu hình hiện tại vs Yêu cầu [Model: Nano Banana 2, Aspect: 9:16, Batch: 2x] -> Trùng khớp: false
2026-07-21 08:51:20 - Cấu hình hiện tại KHÔNG trùng khớp. Tiến hành mở popover để cấu hình lại...
2026-07-21 08:51:20 - Mở popover cấu hình bằng cách click nút cài đặt (Human Click)...
2026-07-21 08:51:24 - Cấu hình loại media tab: IMAGE
2026-07-21 08:51:24 - DUMP BUTTONS BEFORE CONFIG: [map[ariaHasPopup: ariaLabel: class:sc-e8425ea6-0 hOBPaw sc-d3791a4f-0 sc-d3791a4f-4 sc-7cbbf1fc-2 ewGlDn famhRe jjdvrX id: text:arrow_backQuay lại title: visible:true] map[ariaHasPopup:menu ariaLabel: class:sc-e8425ea6-0 hOBPaw sc-d3791a4f-0 sc-d3791a4f-4 sc-26aa1721-3 ewGlDn famhRe dUDRen id:radix-:r3: text:more_vertTuỳ chọn khác title: visible:true] map[ariaHasPopup: ariaLabel: class:sc-e8425ea6-0 hOBPaw sc-d3791a4f-0 sc-d3791a4f-4 sc-eed1ec57-2 ewGlDn famhRe jceYol id: text:searchTìm kiếm title: visible:true] map[ariaHasPopup:menu ariaLabel: class:sc-16c4830a-1 dnFqQq sc-e7a64add-0 sc-e7a64add-2 fPutAP blvbdy sc-98525c58-8 iQjEOG id:radix-:r5: text:filter_listSắp xếp và lọc title: visible:true] map[ariaHasPopup:menu ariaLabel: class:sc-e8425ea6-0 hOBPaw sc-d3791a4f-0 sc-d3791a4f-4 sc-5c4c0aea-1 ewGlDn famhRe eqhuae id:radix-:r7: text:addThêm nội dung nghe nhìn title: visible:true] map[ariaHasPopup: ariaLabel: class:sc-e8425ea6-0 hOBPaw sc-d3791a4f-0 sc-d3791a4f-4 sc-51397942-2 ewGlDn famhRe kCsEmL id: text:helpTrợ giúp về sản phẩm title: visible:true] map[ariaHasPopup:menu ariaLabel: class:sc-e8425ea6-0 hOBPaw sc-d3791a4f-0 sc-d3791a4f-4 sc-a4925f7f-6 ewGlDn famhRe gdBgFb id:radix-:rb: text:settings_2Cài đặt chế độ xem title: visible:true] map[ariaHasPopup:menu ariaLabel: class:sc-e8425ea6-0 hOBPaw sc-d3791a4f-0 sc-d3791a4f-4 sc-4fec6fdf-1 ewGlDn famhRe lokAjc id:radix-:re: text:more_vertKhác title: visible:true] map[ariaHasPopup: ariaLabel: class:sc-a14123c8-0 iNGyoc id: text:ULTRA title: visible:true] map[ariaHasPopup: ariaLabel: class:sc-e8425ea6-0 hOBPaw sc-d3791a4f-0 sc-d3791a4f-5 sc-3ce961f7-0 sc-7e7bc024-0 ewGlDn lnCuH fqbaql jcMEtI id: text:dashboardTất cả nội dung nghe nhìn title: visible:true] map[ariaHasPopup: ariaLabel: class:sc-e8425ea6-0 hOBPaw sc-d3791a4f-0 sc-d3791a4f-5 sc-3ce961f7-0 ewGlDn hGbzYr fqbaql id: text:imageXem hình ảnh title: visible:true] map[ariaHasPopup: ariaLabel: class:sc-e8425ea6-0 hOBPaw sc-d3791a4f-0 sc-d3791a4f-5 sc-3ce961f7-0 ewGlDn hGbzYr fqbaql id: text:accessibility_newNhân vật title: visible:true] map[ariaHasPopup: ariaLabel: class:sc-e8425ea6-0 hOBPaw sc-d3791a4f-0 sc-d3791a4f-5 sc-3ce961f7-0 ewGlDn hGbzYr fqbaql id: text:movieXem các cảnh title: visible:true] map[ariaHasPopup: ariaLabel: class:sc-e8425ea6-0 hOBPaw sc-d3791a4f-0 sc-d3791a4f-5 sc-3ce961f7-0 ewGlDn hGbzYr fqbaql id: text:apps_spark_2Công cụ title: visible:true] map[ariaHasPopup: ariaLabel: class:sc-e8425ea6-0 hOBPaw sc-d3791a4f-0 sc-d3791a4f-5 sc-3ce961f7-0 ewGlDn hGbzYr fqbaql id: text:deleteXem thùng rác title: visible:true] map[ariaHasPopup: ariaLabel: class:sc-e8425ea6-0 hOBPaw sc-d3791a4f-0 sc-d3791a4f-5 sc-3ce961f7-0 ewGlDn hGbzYr fqbaql id: text:left_panel_openMở rộng title: visible:true] map[ariaHasPopup:dialog ariaLabel: class:sc-e8425ea6-0 hOBPaw sc-d3791a4f-0 sc-d3791a4f-4 sc-253cad92-0 ewGlDn famhRe joSmHx id: text:add_2Tạo title: visible:true] map[ariaHasPopup: ariaLabel: class:sc-59223abb-3 dmZGYv id: text:Tác nhân title: visible:true] map[ariaHasPopup:menu ariaLabel: class:sc-16c4830a-1 dnFqQq sc-e7a64add-0 sc-e7a64add-1 fPutAP jmLZrS sc-93abd9dc-1 ldbhld id:radix-:rn: text:🍌 Nano Banana 2crop_9_16x4 title: visible:true] map[ariaHasPopup: ariaLabel: class:sc-e8425ea6-0 hOBPaw sc-d3791a4f-0 sc-d3791a4f-4 sc-26b30722-5 ewGlDn famhRe jDvIwb id: text:arrow_forwardTạo title: visible:true] map[ariaHasPopup: ariaLabel: class:sc-eb68e7f-2 jrTHnf flow_tab_slider_trigger id:radix-:r2c:-trigger-IMAGE text:imageHình ảnh title: visible:true] map[ariaHasPopup: ariaLabel: class:sc-eb68e7f-2 jrTHnf flow_tab_slider_trigger id:radix-:r2c:-trigger-VIDEO text:play_circleVideo title: visible:true] map[ariaHasPopup: ariaLabel: class:sc-eb68e7f-2 dNQytQ flow_tab_slider_trigger id:radix-:r2f:-trigger-LANDSCAPE text:crop_16_916:9 title: visible:true] map[ariaHasPopup: ariaLabel: class:sc-eb68e7f-2 dNQytQ flow_tab_slider_trigger id:radix-:r2f:-trigger-LANDSCAPE_4_3 text:crop_landscape4:3 title: visible:true] map[ariaHasPopup: ariaLabel: class:sc-eb68e7f-2 dNQytQ flow_tab_slider_trigger id:radix-:r2f:-trigger-SQUARE text:crop_square1:1 title: visible:true] map[ariaHasPopup: ariaLabel: class:sc-eb68e7f-2 dNQytQ flow_tab_slider_trigger id:radix-:r2f:-trigger-PORTRAIT_3_4 text:crop_portrait3:4 title: visible:true] map[ariaHasPopup: ariaLabel: class:sc-eb68e7f-2 dNQytQ flow_tab_slider_trigger id:radix-:r2f:-trigger-PORTRAIT text:crop_9_169:16 title: visible:true] map[ariaHasPopup: ariaLabel: class:sc-eb68e7f-2 DoEQM flow_tab_slider_trigger id:radix-:r2l:-trigger-1 text:1x title: visible:true] map[ariaHasPopup: ariaLabel: class:sc-eb68e7f-2 DoEQM flow_tab_slider_trigger id:radix-:r2l:-trigger-2 text:x2 title: visible:true] map[ariaHasPopup: ariaLabel: class:sc-eb68e7f-2 DoEQM flow_tab_slider_trigger id:radix-:r2l:-trigger-3 text:x3 title: visible:true] map[ariaHasPopup: ariaLabel: class:sc-eb68e7f-2 DoEQM flow_tab_slider_trigger id:radix-:r2l:-trigger-4 text:x4 title: visible:true] map[ariaHasPopup:menu ariaLabel: class:sc-16c4830a-1 dnFqQq sc-e7a64add-0 sc-e7a64add-1 fPutAP jmLZrS sc-3f41cc92-1 eaVRLg id:radix-:r2q: text:🍌 Nano Banana 2arrow_drop_down title: visible:true]]
2026-07-21 08:51:26 - Cấu hình tỷ lệ khung hình: 9:16
2026-07-21 08:51:28 - Cấu hình số lượng (batch size): 2x
2026-07-21 08:51:30 - Cấu hình Model: Nano Banana 2
2026-07-21 08:51:35 - Đóng hộp thoại cấu hình tác nhân...
2026-07-21 08:51:35 - Đóng hộp thoại cấu hình tác nhân bằng cách click lại nút cài đặt...
2026-07-21 08:51:37 - URL tất cả ảnh hiện tại trước khi tạo (15 ảnh): [https://labs.google/fx/api/trpc/media.getMediaUrlRedirect?name=b9af3123-879a-4c65-8f41-9a2f33aa3096 https://labs.google/fx/api/trpc/media.getMediaUrlRedirect?name=3fd69f68-5c39-4253-9479-676c9d3f9f25 https://labs.google/fx/api/trpc/media.getMediaUrlRedirect?name=6adfefac-cac1-432e-b01f-f26acfb30358 https://labs.google/fx/api/trpc/media.getMediaUrlRedirect?name=313dbc57-45b5-4eb5-bbc3-3ccb779ff589 https://labs.google/fx/api/trpc/media.getMediaUrlRedirect?name=72358cc2-1163-43d9-b71e-af0e09f1586d https://labs.google/fx/api/trpc/media.getMediaUrlRedirect?name=2009dad2-70ee-4ab3-b2fd-9c07b7e1d835 https://labs.google/fx/api/trpc/media.getMediaUrlRedirect?name=8668b782-8f5c-480b-99b2-7d0955c3794c https://labs.google/fx/api/trpc/media.getMediaUrlRedirect?name=9c8eaaf5-e7a9-4e72-ab60-5027491a2e4a https://labs.google/fx/api/trpc/media.getMediaUrlRedirect?name=aa4b7be9-0026-4f17-b339-ccf15bac2d2d https://labs.google/fx/api/trpc/media.getMediaUrlRedirect?name=bc8d6242-0c9f-4c67-89e1-81705b017977 https://labs.google/fx/api/trpc/media.getMediaUrlRedirect?name=cdb05e08-2789-4864-8366-5debe19b32ff https://labs.google/fx/api/trpc/media.getMediaUrlRedirect?name=a05d71d2-cea9-40d5-bb73-64c3fb535c7f https://labs.google/fx/api/trpc/media.getMediaUrlRedirect?name=2ce2d62b-a233-422b-9d8d-b6e2e1df4372 https://labs.google/fx/api/trpc/media.getMediaUrlRedirect?name=5b9de7e0-5bcf-438d-b5b6-245faca7f16d https://labs.google/fx/api/trpc/media.getMediaUrlRedirect?name=563b9a3c-1b66-4cf0-b8e8-9df193fd79cf]
2026-07-21 08:51:37 - Số lượng hình ảnh đang có trong dự án trước khi tạo: 15 ảnh
2026-07-21 08:51:37 - Bắt đầu điền prompt vào ô nhập liệu: 'con chó'...
2026-07-21 08:51:39 - Đã điền prompt xong thành công!
2026-07-21 08:51:39 - Bắt đầu thực hiện gửi prompt...
2026-07-21 08:51:39 - Thử gửi bằng phím Enter ảo...
2026-07-21 08:51:40 - Thử gửi bằng sự kiện keydown Enter (JS)...
2026-07-21 08:51:41 - Bắt đầu quét tìm nút gửi bằng JS...
2026-07-21 08:51:41 - Tiến hành click nút gửi...
2026-07-21 08:51:45 - Đang chờ Google AI tạo xong hình ảnh... (Đã chờ 2 giây)
2026-07-21 08:51:51 - Đang chờ Google AI tạo xong hình ảnh... (Đã chờ 8 giây)
2026-07-21 08:51:57 - Đang chờ Google AI tạo xong hình ảnh... (Đã chờ 14 giây)
2026-07-21 08:52:03 - Đang chờ Google AI tạo xong hình ảnh... (Đã chờ 20 giây)
2026-07-21 08:52:09 - Đang chờ Google AI tạo xong hình ảnh... (Đã chờ 26 giây)
2026-07-21 08:52:09 - Phát hiện nhóm ảnh mới đã sinh xong! Số lượng mới sinh: 1 ảnh. URL: [https://labs.google/fx/api/trpc/media.getMediaUrlRedirect?name=640b7488-b472-4f52-8206-94e5ede6018d]
2026-07-21 08:52:13 - Tìm thấy nhóm ảnh mới sinh thành công! Số lượng: 2
2026-07-21 08:52:13 - Tổng số lượng hình ảnh đang có trong dự án: 17
2026-07-21 08:52:13 - Đang chuyển đổi ảnh 1/2 sang Base64 (URL: https://labs.google/fx/api/trpc/media.getMediaUrlRedirect?name=640b7488-b472-4f52-8206-94e5ede6018d)...
2026-07-21 08:52:20 - Đang chuyển đổi ảnh 2/2 sang Base64 (URL: https://labs.google/fx/api/trpc/media.getMediaUrlRedirect?name=cbfd0ce1-b0c0-4dd7-9305-9b14d23dc017)...
2026-07-21 08:52:21 - Đang gửi yêu cầu chọn ảnh lên UI...
2026-07-21 08:56:14 - Phát hiện link dự án cũ đã lưu: https://labs.google/fx/vi/tools/flow/project/9dd76de5-aa3d-4747-9d0c-37bd6aeb1112. Tiến hành mở dự án này...
2026-07-21 08:56:14 - Bắt đầu mở trang Google Flow: https://labs.google/fx/vi/tools/flow/project/9dd76de5-aa3d-4747-9d0c-37bd6aeb1112
2026-07-21 08:56:14 - Đang chờ trình duyệt tải xong trang Google Flow...
2026-07-21 08:56:14 - URL hiện tại của trình duyệt (chờ load): 
2026-07-21 08:56:14 - URL hiện tại của trình duyệt (chờ load): https://labs.google/fx/vi/tools/flow/project/9dd76de5-aa3d-4747-9d0c-37bd6aeb1112
2026-07-21 08:56:17 - Bắt đầu kiểm tra trạng thái đăng nhập...
2026-07-21 08:56:17 - URL sau khi kiểm tra redirect login: https://labs.google/fx/vi/tools/flow/project/9dd76de5-aa3d-4747-9d0c-37bd6aeb1112
2026-07-21 08:56:17 - Đăng nhập thành công. Đang đóng welcome overlays nếu có...
2026-07-21 08:56:17 - Xác minh dự án cũ có hoạt động bình thường không...
2026-07-21 08:56:17 - Số lượng hình ảnh hiện có trong dự án cũ: 17
2026-07-21 08:56:17 - Dự án cũ hoạt động bình thường! Tiếp tục sử dụng.
2026-07-21 08:56:17 - Đã vào dự án thành công!
2026-07-21 08:56:17 - Bắt đầu quét tìm ô PromptInput...
2026-07-21 08:56:17 - Đã tìm thấy PromptInput! HTML snippet: <div role="textbox" aria-multiline="true" spellcheck="false" class="sc-a8ba1f43-0 djaQmW sc-26b30722-6 jwWpiy" data-slate-editor="true" data-slate-node="value" contenteditable="true" zindex="-1" style...
2026-07-21 08:56:17 - Kiểm tra trạng thái nút Tác nhân (Agent)...
2026-07-21 08:56:17 - Đã tìm thấy nút Tác nhân! HTML: <button type="button" aria-pressed="false" class="sc-59223abb-3 dmZGYv"><div class="sc-59223abb-2 jGESqS"><span class="content">Tác nhân</span></div></button>
2026-07-21 08:56:21 - Nút Tác nhân đã ở trạng thái TẮT (aria-pressed=false) sau khi đã chờ React load. Bỏ qua.
2026-07-21 08:56:21 - Bắt đầu cấu hình cài đặt tác nhân (Model: Nano Banana 2, Aspect: 9:16, Batch: 2x)...
2026-07-21 08:56:21 - NÚT CẤU HÌNH ĐƯỢC TÌM THẤY: ID=radix-:rn:, Text=[🍌 Nano Banana 2 crop_9_16 x2]
2026-07-21 08:56:21 - ĐỐI CHIẾU CẤU HÌNH: Cấu hình hiện tại vs Yêu cầu [Model: Nano Banana 2, Aspect: 9:16, Batch: 2x] -> Trùng khớp: true
2026-07-21 08:56:21 - Cấu hình hiện tại ĐÃ TRÙNG KHỚP với yêu cầu. BỎ QUA toàn bộ các bước mở cấu hình.
2026-07-21 08:56:21 - URL tất cả ảnh hiện tại trước khi tạo (17 ảnh): [https://labs.google/fx/api/trpc/media.getMediaUrlRedirect?name=cbfd0ce1-b0c0-4dd7-9305-9b14d23dc017 https://labs.google/fx/api/trpc/media.getMediaUrlRedirect?name=640b7488-b472-4f52-8206-94e5ede6018d https://labs.google/fx/api/trpc/media.getMediaUrlRedirect?name=b9af3123-879a-4c65-8f41-9a2f33aa3096 https://labs.google/fx/api/trpc/media.getMediaUrlRedirect?name=3fd69f68-5c39-4253-9479-676c9d3f9f25 https://labs.google/fx/api/trpc/media.getMediaUrlRedirect?name=6adfefac-cac1-432e-b01f-f26acfb30358 https://labs.google/fx/api/trpc/media.getMediaUrlRedirect?name=313dbc57-45b5-4eb5-bbc3-3ccb779ff589 https://labs.google/fx/api/trpc/media.getMediaUrlRedirect?name=72358cc2-1163-43d9-b71e-af0e09f1586d https://labs.google/fx/api/trpc/media.getMediaUrlRedirect?name=2009dad2-70ee-4ab3-b2fd-9c07b7e1d835 https://labs.google/fx/api/trpc/media.getMediaUrlRedirect?name=8668b782-8f5c-480b-99b2-7d0955c3794c https://labs.google/fx/api/trpc/media.getMediaUrlRedirect?name=9c8eaaf5-e7a9-4e72-ab60-5027491a2e4a https://labs.google/fx/api/trpc/media.getMediaUrlRedirect?name=aa4b7be9-0026-4f17-b339-ccf15bac2d2d https://labs.google/fx/api/trpc/media.getMediaUrlRedirect?name=bc8d6242-0c9f-4c67-89e1-81705b017977 https://labs.google/fx/api/trpc/media.getMediaUrlRedirect?name=cdb05e08-2789-4864-8366-5debe19b32ff https://labs.google/fx/api/trpc/media.getMediaUrlRedirect?name=a05d71d2-cea9-40d5-bb73-64c3fb535c7f https://labs.google/fx/api/trpc/media.getMediaUrlRedirect?name=2ce2d62b-a233-422b-9d8d-b6e2e1df4372 https://labs.google/fx/api/trpc/media.getMediaUrlRedirect?name=5b9de7e0-5bcf-438d-b5b6-245faca7f16d https://labs.google/fx/api/trpc/media.getMediaUrlRedirect?name=563b9a3c-1b66-4cf0-b8e8-9df193fd79cf]
2026-07-21 08:56:21 - Số lượng hình ảnh đang có trong dự án trước khi tạo: 17 ảnh
2026-07-21 08:56:21 - Bắt đầu điền prompt vào ô nhập liệu: 'con chó'...
2026-07-21 08:56:23 - Đã điền prompt xong thành công!
2026-07-21 08:56:23 - Bắt đầu thực hiện gửi prompt...
2026-07-21 08:56:23 - Thử gửi bằng phím Enter ảo...
2026-07-21 08:56:24 - Thử gửi bằng sự kiện keydown Enter (JS)...
2026-07-21 08:56:25 - Bắt đầu quét tìm nút gửi bằng JS...
2026-07-21 08:56:25 - Tiến hành click nút gửi...
2026-07-21 08:56:30 - Đang chờ Google AI tạo xong hình ảnh... (Đã chờ 2 giây)
2026-07-21 08:56:36 - Đang chờ Google AI tạo xong hình ảnh... (Đã chờ 8 giây)
2026-07-21 08:56:42 - Đang chờ Google AI tạo xong hình ảnh... (Đã chờ 14 giây)
2026-07-21 08:56:48 - Đang chờ Google AI tạo xong hình ảnh... (Đã chờ 20 giây)
2026-07-21 08:56:52 - Phát hiện nhóm ảnh mới đã sinh xong! Số lượng mới sinh: 1 ảnh. URL: [https://labs.google/fx/api/trpc/media.getMediaUrlRedirect?name=bc5357da-79b6-47be-983f-3162d4300c0a]
2026-07-21 08:56:56 - Tìm thấy nhóm ảnh mới sinh thành công! Số lượng: 1
2026-07-21 08:56:56 - Tổng số lượng hình ảnh đang có trong dự án: 18
2026-07-21 08:56:56 - Đang chuyển đổi ảnh 1/1 sang Base64 (URL: https://labs.google/fx/api/trpc/media.getMediaUrlRedirect?name=bc5357da-79b6-47be-983f-3162d4300c0a)...
2026-07-21 08:56:56 - Đang gửi yêu cầu chọn ảnh lên UI...
2026-07-21 09:03:52 - Không có link dự án cũ hoặc không hợp lệ. Tiến hành mở trang chủ...
2026-07-21 09:03:52 - Bắt đầu mở trang Google Flow: https://labs.google/fx/vi/tools/flow
2026-07-21 09:03:52 - Đang chờ trình duyệt tải xong trang Google Flow...
2026-07-21 09:03:52 - URL hiện tại của trình duyệt (chờ load): 
2026-07-21 09:03:53 - URL hiện tại của trình duyệt (chờ load): https://labs.google/fx/vi/tools/flow
2026-07-21 09:03:54 - Bắt đầu kiểm tra trạng thái đăng nhập...
2026-07-21 09:03:54 - URL sau khi kiểm tra redirect login: https://labs.google/fx/vi/tools/flow
2026-07-21 09:03:54 - Đăng nhập thành công. Đang đóng welcome overlays nếu có...
2026-07-21 09:03:55 - Dự án cũ không hoạt động hoặc không có. Tiến hành click tạo dự án mới...
2026-07-21 09:03:55 - Đã tìm thấy nút Tạo dự án mới. Đang mô phỏng click chuột thật...
2026-07-21 09:03:56 - Đang chờ URL chuyển hướng sang '/project/'...
2026-07-21 09:03:56 - URL hiện tại của trình duyệt (chờ /project/): https://labs.google/fx/vi/tools/flow/project/672e990c-5447-47a3-b04f-7bd87f03d47c
2026-07-21 09:03:56 - Lưu link dự án mới vào settings.json: https://labs.google/fx/vi/tools/flow/project/672e990c-5447-47a3-b04f-7bd87f03d47c
2026-07-21 09:03:56 - Đã vào dự án thành công!
2026-07-21 09:03:56 - Bắt đầu quét tìm ô PromptInput...
2026-07-21 09:03:57 - Đã tìm thấy PromptInput! HTML snippet: <div role="textbox" aria-multiline="true" spellcheck="false" class="sc-a8ba1f43-0 djaQmW sc-26b30722-6 jwWpiy" data-slate-editor="true" data-slate-node="value" contenteditable="true" zindex="-1" style...
2026-07-21 09:03:57 - Kiểm tra trạng thái nút Tác nhân (Agent)...
2026-07-21 09:03:57 - Đã tìm thấy nút Tác nhân! HTML: <button type="button" aria-pressed="false" class="sc-59223abb-3 dmZGYv"><div class="sc-59223abb-2 jGESqS"><span class="content">Tác nhân</span></div></button>
2026-07-21 09:04:01 - Nút Tác nhân đã ở trạng thái TẮT (aria-pressed=false) sau khi đã chờ React load. Bỏ qua.
2026-07-21 09:04:01 - Bắt đầu cấu hình cài đặt tác nhân (Model: Nano Banana 2, Aspect: 9:16, Batch: 1x)...
2026-07-21 09:04:01 - NÚT CẤU HÌNH ĐƯỢC TÌM THẤY: ID=radix-:r28:, Text=[🍌 Nano Banana 2 crop_9_16 x2]
2026-07-21 09:04:01 - ĐỐI CHIẾU CẤU HÌNH: Model=true, AspectRatio=true, BatchSize=false -> Tất cả trùng khớp: false
2026-07-21 09:04:01 - Cấu hình chưa trùng khớp (Model: true, Ratio: true, Batch: false). Tiến hành mở popover để điều chỉnh duy nhất các phần chưa đúng...
2026-07-21 09:04:01 - Mở popover cấu hình bằng cách click nút cài đặt (Human Click)...
2026-07-21 09:04:05 - Cấu hình loại media tab: IMAGE
2026-07-21 09:04:05 - DUMP BUTTONS BEFORE CONFIG: [map[ariaHasPopup: ariaLabel: class:sc-e8425ea6-0 hOBPaw sc-d3791a4f-0 sc-d3791a4f-4 sc-7cbbf1fc-2 ewGlDn famhRe jjdvrX id: text:arrow_backQuay lại title: visible:true] map[ariaHasPopup:menu ariaLabel: class:sc-e8425ea6-0 hOBPaw sc-d3791a4f-0 sc-d3791a4f-4 sc-26aa1721-3 ewGlDn famhRe dUDRen id:radix-:r1k: text:more_vertTuỳ chọn khác title: visible:true] map[ariaHasPopup: ariaLabel: class:sc-e8425ea6-0 hOBPaw sc-d3791a4f-0 sc-d3791a4f-4 sc-eed1ec57-2 ewGlDn famhRe jceYol id: text:searchTìm kiếm title: visible:true] map[ariaHasPopup:menu ariaLabel: class:sc-16c4830a-1 dnFqQq sc-e7a64add-0 sc-e7a64add-2 fPutAP blvbdy sc-98525c58-8 iQjEOG id:radix-:r1m: text:filter_listSắp xếp và lọc title: visible:true] map[ariaHasPopup:menu ariaLabel: class:sc-e8425ea6-0 hOBPaw sc-d3791a4f-0 sc-d3791a4f-4 sc-5c4c0aea-1 ewGlDn famhRe eqhuae id:radix-:r1o: text:addThêm nội dung nghe nhìn title: visible:true] map[ariaHasPopup: ariaLabel: class:sc-e8425ea6-0 hOBPaw sc-d3791a4f-0 sc-d3791a4f-4 sc-51397942-2 ewGlDn famhRe kCsEmL id: text:helpTrợ giúp về sản phẩm title: visible:true] map[ariaHasPopup:menu ariaLabel: class:sc-e8425ea6-0 hOBPaw sc-d3791a4f-0 sc-d3791a4f-4 sc-a4925f7f-6 ewGlDn famhRe gdBgFb id:radix-:r1s: text:settings_2Cài đặt chế độ xem title: visible:true] map[ariaHasPopup:menu ariaLabel: class:sc-e8425ea6-0 hOBPaw sc-d3791a4f-0 sc-d3791a4f-4 sc-4fec6fdf-1 ewGlDn famhRe lokAjc id:radix-:r1v: text:more_vertKhác title: visible:true] map[ariaHasPopup: ariaLabel: class:sc-a14123c8-0 iNGyoc id: text:ULTRA title: visible:true] map[ariaHasPopup: ariaLabel: class:sc-e8425ea6-0 hOBPaw sc-d3791a4f-0 sc-d3791a4f-5 sc-3ce961f7-0 sc-7e7bc024-0 ewGlDn lnCuH fqbaql jcMEtI id: text:dashboardTất cả nội dung nghe nhìn title: visible:true] map[ariaHasPopup: ariaLabel: class:sc-e8425ea6-0 hOBPaw sc-d3791a4f-0 sc-d3791a4f-5 sc-3ce961f7-0 ewGlDn hGbzYr fqbaql id: text:accessibility_newNhân vật title: visible:true] map[ariaHasPopup: ariaLabel: class:sc-e8425ea6-0 hOBPaw sc-d3791a4f-0 sc-d3791a4f-5 sc-3ce961f7-0 ewGlDn hGbzYr fqbaql id: text:movieXem các cảnh title: visible:true] map[ariaHasPopup: ariaLabel: class:sc-e8425ea6-0 hOBPaw sc-d3791a4f-0 sc-d3791a4f-5 sc-3ce961f7-0 ewGlDn hGbzYr fqbaql id: text:apps_spark_2Công cụ title: visible:true] map[ariaHasPopup: ariaLabel: class:sc-e8425ea6-0 hOBPaw sc-d3791a4f-0 sc-d3791a4f-5 sc-3ce961f7-0 ewGlDn hGbzYr fqbaql id: text:deleteXem thùng rác title: visible:true] map[ariaHasPopup: ariaLabel: class:sc-e8425ea6-0 hOBPaw sc-d3791a4f-0 sc-d3791a4f-5 sc-3ce961f7-0 ewGlDn hGbzYr fqbaql id: text:left_panel_openMở rộng title: visible:true] map[ariaHasPopup: ariaLabel: class:sc-16c4830a-1 dnFqQq sc-e7a64add-0 sc-e7a64add-2 fPutAP blvbdy sc-d393a63f-6 gAGkIl id: text:Công nghệ màu hồng mờẢnh cận cảnh một thiết kế thiết bị kỹ thuật số bỏ túi nhỏ gọn theo phong cách hậu hiện đại, có bề mặt bo tròn mềm mại, được bọc trong lớp vỏ nhựa mờ công nghiệp màu hồng tươi trong suốt, đồng thời được trang trí bằng các hình dán 3D rực rỡ, hình trái tim, mặt cười, móc khoá và đồ chơi làm bằng nhựa mờ trong suốt. Thiết bị này được đặt trên nền trắng. title: visible:true] map[ariaHasPopup: ariaLabel: class:sc-16c4830a-1 dnFqQq sc-e7a64add-0 sc-e7a64add-2 fPutAP blvbdy sc-d393a63f-6 gAGkIl id: text:Nhà hát với bộ âu phục màu đỏGóc nhìn phóng đại về một người mặc bộ đồ màu đỏ tươi đang nhảy một mình trong nhà hát có vô số chiếc ghế màu xanh dương nhạt chiếm trọn khung hình. Cách bố trí ghế trông giống như những con sóng trên đại dương. Hiệu ứng hạt mỏng cổ điển mờ ảo, chỉnh màu theo tông tương phản bổ sung, phong cách nhiếp ảnh kiểu chụp flash. title: visible:true] map[ariaHasPopup: ariaLabel: class:sc-16c4830a-1 dnFqQq sc-e7a64add-0 sc-e7a64add-2 fPutAP blvbdy sc-d393a63f-6 gzpixc id: text:Tạo một câu chuyệnGiúp tôi xây dựng một câu chuyện bằng cách trực quan hoá các lựa chọn khác nhau, tạo một bảng phân cảnh, rồi dựa vào đó tạo một số khung hình và đoạn video. Hãy đặt câu hỏi để hướng dẫn tôi xây dựng câu chuyện. title: visible:true] map[ariaHasPopup:dialog ariaLabel: class:sc-e8425ea6-0 hOBPaw sc-d3791a4f-0 sc-d3791a4f-4 sc-253cad92-0 ewGlDn famhRe joSmHx id: text:add_2Tạo title: visible:true] map[ariaHasPopup: ariaLabel: class:sc-59223abb-3 dmZGYv id: text:Tác nhân title: visible:true] map[ariaHasPopup:menu ariaLabel: class:sc-16c4830a-1 dnFqQq sc-e7a64add-0 sc-e7a64add-1 fPutAP jmLZrS sc-93abd9dc-1 ldbhld id:radix-:r28: text:🍌 Nano Banana 2crop_9_16x2 title: visible:true] map[ariaHasPopup: ariaLabel: class:sc-e8425ea6-0 hOBPaw sc-d3791a4f-0 sc-d3791a4f-4 sc-26b30722-5 ewGlDn famhRe jDvIwb id: text:arrow_forwardTạo title: visible:true] map[ariaHasPopup: ariaLabel: class:sc-eb68e7f-2 jrTHnf flow_tab_slider_trigger id:radix-:r2u:-trigger-IMAGE text:imageHình ảnh title: visible:true] map[ariaHasPopup: ariaLabel: class:sc-eb68e7f-2 jrTHnf flow_tab_slider_trigger id:radix-:r2u:-trigger-VIDEO text:play_circleVideo title: visible:true] map[ariaHasPopup: ariaLabel: class:sc-eb68e7f-2 dNQytQ flow_tab_slider_trigger id:radix-:r31:-trigger-LANDSCAPE text:crop_16_916:9 title: visible:true] map[ariaHasPopup: ariaLabel: class:sc-eb68e7f-2 dNQytQ flow_tab_slider_trigger id:radix-:r31:-trigger-LANDSCAPE_4_3 text:crop_landscape4:3 title: visible:true] map[ariaHasPopup: ariaLabel: class:sc-eb68e7f-2 dNQytQ flow_tab_slider_trigger id:radix-:r31:-trigger-SQUARE text:crop_square1:1 title: visible:true] map[ariaHasPopup: ariaLabel: class:sc-eb68e7f-2 dNQytQ flow_tab_slider_trigger id:radix-:r31:-trigger-PORTRAIT_3_4 text:crop_portrait3:4 title: visible:true] map[ariaHasPopup: ariaLabel: class:sc-eb68e7f-2 dNQytQ flow_tab_slider_trigger id:radix-:r31:-trigger-PORTRAIT text:crop_9_169:16 title: visible:true] map[ariaHasPopup: ariaLabel: class:sc-eb68e7f-2 DoEQM flow_tab_slider_trigger id:radix-:r37:-trigger-1 text:1x title: visible:true] map[ariaHasPopup: ariaLabel: class:sc-eb68e7f-2 DoEQM flow_tab_slider_trigger id:radix-:r37:-trigger-2 text:x2 title: visible:true] map[ariaHasPopup: ariaLabel: class:sc-eb68e7f-2 DoEQM flow_tab_slider_trigger id:radix-:r37:-trigger-3 text:x3 title: visible:true] map[ariaHasPopup: ariaLabel: class:sc-eb68e7f-2 DoEQM flow_tab_slider_trigger id:radix-:r37:-trigger-4 text:x4 title: visible:true] map[ariaHasPopup:menu ariaLabel: class:sc-16c4830a-1 dnFqQq sc-e7a64add-0 sc-e7a64add-1 fPutAP jmLZrS sc-3f41cc92-1 eaVRLg id:radix-:r3c: text:🍌 Nano Banana 2arrow_drop_down title: visible:true]]
2026-07-21 09:04:07 - Tỷ lệ khung hình (9:16) đã đúng sẵn, bỏ qua không chỉnh lại.
2026-07-21 09:04:07 - Cấu hình số lượng (batch size): 1x (chỉnh lại vì chưa trùng khớp)
2026-07-21 09:04:09 - Model (Nano Banana 2) đã đúng sẵn, bỏ qua không chỉnh lại.
2026-07-21 09:04:09 - Đóng hộp thoại cấu hình tác nhân...
2026-07-21 09:04:09 - Đóng hộp thoại cấu hình tác nhân bằng cách click lại nút cài đặt...
2026-07-21 09:04:11 - URL tất cả ảnh hiện tại trước khi tạo (0 ảnh): []
2026-07-21 09:04:11 - Số lượng hình ảnh đang có trong dự án trước khi tạo: 0 ảnh
2026-07-21 09:04:11 - Bắt đầu điền prompt vào ô nhập liệu: 'con chó'...
2026-07-21 09:04:13 - Đã điền prompt xong thành công!
2026-07-21 09:04:13 - Bắt đầu thực hiện gửi prompt...
2026-07-21 09:04:13 - Thử gửi bằng phím Enter ảo...
2026-07-21 09:04:14 - Thử gửi bằng sự kiện keydown Enter (JS)...
2026-07-21 09:04:16 - Bắt đầu quét tìm nút gửi bằng JS...
2026-07-21 09:04:16 - Tiến hành click nút gửi...
2026-07-21 09:04:20 - Đang chờ Google AI tạo xong hình ảnh... (Đã chờ 2 giây)
2026-07-21 09:04:26 - Đang chờ Google AI tạo xong hình ảnh... (Đã chờ 8 giây)
2026-07-21 09:04:32 - Đang chờ Google AI tạo xong hình ảnh... (Đã chờ 14 giây)
2026-07-21 09:04:38 - Đang chờ Google AI tạo xong hình ảnh... (Đã chờ 20 giây)
2026-07-21 09:04:38 - Phát hiện nhóm ảnh mới đã sinh xong! Số lượng mới sinh: 1 ảnh. URL: [https://labs.google/fx/api/trpc/media.getMediaUrlRedirect?name=1e92ccc7-d878-4bf6-a6f1-bf698e31d3db]
2026-07-21 09:04:42 - Tìm thấy nhóm ảnh mới sinh thành công! Số lượng: 1
2026-07-21 09:04:42 - Tổng số lượng hình ảnh đang có trong dự án: 1
2026-07-21 09:04:42 - Đang chuyển đổi ảnh 1/1 sang Base64 (URL: https://labs.google/fx/api/trpc/media.getMediaUrlRedirect?name=1e92ccc7-d878-4bf6-a6f1-bf698e31d3db)...
2026-07-21 09:04:42 - Đang gửi yêu cầu chọn ảnh lên UI...
2026-07-21 09:33:27 - Phát hiện link dự án cũ đã lưu: https://labs.google/fx/vi/tools/flow/project/672e990c-5447-47a3-b04f-7bd87f03d47c. Tiến hành mở dự án này...
2026-07-21 09:33:27 - Bắt đầu mở trang Google Flow: https://labs.google/fx/vi/tools/flow/project/672e990c-5447-47a3-b04f-7bd87f03d47c
2026-07-21 09:33:27 - Đang chờ trình duyệt tải xong trang Google Flow...
2026-07-21 09:33:27 - URL hiện tại của trình duyệt (chờ load): 
2026-07-21 09:33:28 - URL hiện tại của trình duyệt (chờ load): https://labs.google/fx/vi/tools/flow/project/672e990c-5447-47a3-b04f-7bd87f03d47c
2026-07-21 09:33:30 - Bắt đầu kiểm tra trạng thái đăng nhập...
2026-07-21 09:33:30 - URL sau khi kiểm tra redirect login: https://labs.google/fx/vi/tools/flow/project/672e990c-5447-47a3-b04f-7bd87f03d47c
2026-07-21 09:33:30 - Đăng nhập thành công. Đang đóng welcome overlays nếu có...
2026-07-21 09:33:31 - Xác minh dự án cũ có hoạt động bình thường không...
2026-07-21 09:33:31 - Số lượng hình ảnh hiện có trong dự án cũ: 1
2026-07-21 09:33:31 - Dự án cũ hoạt động bình thường! Tiếp tục sử dụng.
2026-07-21 09:33:31 - Đã vào dự án thành công!
2026-07-21 09:33:31 - Bắt đầu quét tìm ô PromptInput...
2026-07-21 09:33:31 - Đã tìm thấy PromptInput! HTML snippet: <div role="textbox" aria-multiline="true" spellcheck="false" class="sc-a8ba1f43-0 djaQmW sc-26b30722-6 jwWpiy" data-slate-editor="true" data-slate-node="value" contenteditable="true" zindex="-1" style...
2026-07-21 09:33:31 - Kiểm tra trạng thái nút Tác nhân (Agent)...
2026-07-21 09:33:31 - Đã tìm thấy nút Tác nhân! HTML: <button type="button" aria-pressed="false" class="sc-59223abb-3 dmZGYv"><div class="sc-59223abb-2 jGESqS"><span class="content">Tác nhân</span></div></button>
2026-07-21 09:33:33 - Nút Tác nhân đã ở trạng thái TẮT (aria-pressed=false) sau khi đã chờ React load. Bỏ qua.
2026-07-21 09:33:33 - Bắt đầu cấu hình cài đặt tác nhân (Model: Nano Banana 2, Aspect: 9:16, Batch: 1x)...
2026-07-21 09:33:33 - NÚT CẤU HÌNH ĐƯỢC TÌM THẤY: ID=radix-:rn:, Text=[🍌 Nano Banana 2 crop_9_16 1x]
2026-07-21 09:33:33 - ĐỐI CHIẾU CẤU HÌNH: Model=true, AspectRatio=true, BatchSize=true -> Tất cả trùng khớp: true
2026-07-21 09:33:33 - Cấu hình hiện tại ĐÃ TRÙNG KHỚP hoàn toàn với yêu cầu. BỎ QUA toàn bộ các bước mở cấu hình.
2026-07-21 09:33:33 - URL tất cả ảnh hiện tại trước khi tạo (1 ảnh): [https://labs.google/fx/api/trpc/media.getMediaUrlRedirect?name=1e92ccc7-d878-4bf6-a6f1-bf698e31d3db]
2026-07-21 09:33:33 - Số lượng hình ảnh đang có trong dự án trước khi tạo: 1 ảnh
2026-07-21 09:33:33 - Bắt đầu điền prompt vào ô nhập liệu: 'A premium, eye-catching, and highly engaging thumbnail with a professional modern look, vibrant colors, clean lighting, and clear focal point'...
2026-07-21 09:33:35 - Đã điền prompt xong thành công!
2026-07-21 09:33:35 - Phát hiện yêu cầu gửi kèm ảnh (1 ảnh). Đang upload ảnh...
2026-07-21 09:33:35 - Đã upload 1 ảnh thành công! Đang chờ 3 giây để upload hoàn tất...
2026-07-21 09:33:38 - Bắt đầu thực hiện gửi prompt...
2026-07-21 09:33:38 - Thử gửi bằng phím Enter ảo...
2026-07-21 09:33:38 - Thử gửi bằng sự kiện keydown Enter (JS)...
2026-07-21 09:33:39 - Bắt đầu quét tìm nút gửi bằng JS...
2026-07-21 09:33:39 - Tiến hành click nút gửi...
2026-07-21 09:33:42 - Đang chờ Google AI tạo xong hình ảnh... (Đã chờ 2 giây)
2026-07-21 09:33:44 - Phát hiện nhóm ảnh mới đã sinh xong! Số lượng mới sinh: 1 ảnh. URL: [https://labs.google/fx/api/trpc/media.getMediaUrlRedirect?name=b63b1070-5295-43f8-b1aa-469714d550c1]
2026-07-21 09:33:46 - Tìm thấy nhóm ảnh mới sinh thành công! Số lượng: 1
2026-07-21 09:33:46 - Tổng số lượng hình ảnh đang có trong dự án: 2
2026-07-21 09:33:46 - Đang chuyển đổi ảnh 1/1 sang Base64 (URL: https://labs.google/fx/api/trpc/media.getMediaUrlRedirect?name=b63b1070-5295-43f8-b1aa-469714d550c1)...
2026-07-21 09:33:46 - Tác vụ tự động từ Hàng Đợi (ConfirmBeforeCreate=auto): Tự động chọn tải ảnh...
2026-07-21 09:33:46 - Đang tải hình ảnh được chọn thứ 1/1 (chỉ mục trong nhóm: 0)...
2026-07-21 09:33:49 - Đang chọn độ phân giải 1K cho ảnh thứ 1/1...
2026-07-21 09:33:49 - Đã click chọn độ phân giải 1K. Đang chờ file được tải về máy...
2026-07-21 09:33:50 - Tải ảnh thứ 1/1 thành công (1K): D:\CongTy\ToolCatVideoNgan\videodacat\image\Dự_án_mặc_định_Funny_Babies_Playing_Slide_-_Baby_Outdoor_Video_1-1.jpg
2026-07-21 09:33:53 - Phát hiện link dự án cũ đã lưu: https://labs.google/fx/vi/tools/flow/project/672e990c-5447-47a3-b04f-7bd87f03d47c. Tiến hành mở dự án này...
2026-07-21 09:33:53 - Bắt đầu mở trang Google Flow: https://labs.google/fx/vi/tools/flow/project/672e990c-5447-47a3-b04f-7bd87f03d47c
2026-07-21 09:33:53 - Đang chờ trình duyệt tải xong trang Google Flow...
2026-07-21 09:33:53 - URL hiện tại của trình duyệt (chờ load): 
2026-07-21 09:33:54 - URL hiện tại của trình duyệt (chờ load): https://labs.google/fx/vi/tools/flow/project/672e990c-5447-47a3-b04f-7bd87f03d47c
2026-07-21 09:33:56 - Bắt đầu kiểm tra trạng thái đăng nhập...
2026-07-21 09:33:56 - URL sau khi kiểm tra redirect login: https://labs.google/fx/vi/tools/flow/project/672e990c-5447-47a3-b04f-7bd87f03d47c
2026-07-21 09:33:56 - Đăng nhập thành công. Đang đóng welcome overlays nếu có...
2026-07-21 09:33:56 - Xác minh dự án cũ có hoạt động bình thường không...
2026-07-21 09:33:56 - Số lượng hình ảnh hiện có trong dự án cũ: 2
2026-07-21 09:33:56 - Dự án cũ hoạt động bình thường! Tiếp tục sử dụng.
2026-07-21 09:33:56 - Đã vào dự án thành công!
2026-07-21 09:33:56 - Bắt đầu quét tìm ô PromptInput...
2026-07-21 09:33:56 - Đã tìm thấy PromptInput! HTML snippet: <div role="textbox" aria-multiline="true" spellcheck="false" class="sc-a8ba1f43-0 djaQmW sc-26b30722-6 jwWpiy" data-slate-editor="true" data-slate-node="value" contenteditable="true" zindex="-1" style...
2026-07-21 09:33:56 - Kiểm tra trạng thái nút Tác nhân (Agent)...
2026-07-21 09:33:56 - Đã tìm thấy nút Tác nhân! HTML: <button type="button" aria-pressed="false" class="sc-59223abb-3 dmZGYv"><div class="sc-59223abb-2 jGESqS"><span class="content">Tác nhân</span></div></button>
2026-07-21 09:33:58 - Nút Tác nhân đã ở trạng thái TẮT (aria-pressed=false) sau khi đã chờ React load. Bỏ qua.
2026-07-21 09:33:58 - Bắt đầu cấu hình cài đặt tác nhân (Model: Nano Banana 2, Aspect: 9:16, Batch: 1x)...
2026-07-21 09:33:58 - NÚT CẤU HÌNH ĐƯỢC TÌM THẤY: ID=radix-:rn:, Text=[🍌 Nano Banana 2 crop_9_16 1x]
2026-07-21 09:33:58 - ĐỐI CHIẾU CẤU HÌNH: Model=true, AspectRatio=true, BatchSize=true -> Tất cả trùng khớp: true
2026-07-21 09:33:58 - Cấu hình hiện tại ĐÃ TRÙNG KHỚP hoàn toàn với yêu cầu. BỎ QUA toàn bộ các bước mở cấu hình.
2026-07-21 09:33:58 - URL tất cả ảnh hiện tại trước khi tạo (2 ảnh): [https://labs.google/fx/api/trpc/media.getMediaUrlRedirect?name=b63b1070-5295-43f8-b1aa-469714d550c1 https://labs.google/fx/api/trpc/media.getMediaUrlRedirect?name=1e92ccc7-d878-4bf6-a6f1-bf698e31d3db]
2026-07-21 09:33:58 - Số lượng hình ảnh đang có trong dự án trước khi tạo: 2 ảnh
2026-07-21 09:33:58 - Bắt đầu điền prompt vào ô nhập liệu: 'A premium, eye-catching, and highly engaging thumbnail with a professional modern look, vibrant colors, clean lighting, and clear focal point'...
2026-07-21 09:34:00 - Đã điền prompt xong thành công!
2026-07-21 09:34:00 - Phát hiện yêu cầu gửi kèm ảnh (1 ảnh). Đang upload ảnh...
2026-07-21 09:34:00 - Đã upload 1 ảnh thành công! Đang chờ 3 giây để upload hoàn tất...
2026-07-21 09:34:03 - Bắt đầu thực hiện gửi prompt...
2026-07-21 09:34:03 - Thử gửi bằng phím Enter ảo...
2026-07-21 09:34:03 - Thử gửi bằng sự kiện keydown Enter (JS)...
2026-07-21 09:34:04 - Bắt đầu quét tìm nút gửi bằng JS...
2026-07-21 09:34:04 - Tiến hành click nút gửi...
2026-07-21 09:34:07 - Đang chờ Google AI tạo xong hình ảnh... (Đã chờ 2 giây)
2026-07-21 09:34:09 - Phát hiện nhóm ảnh mới đã sinh xong! Số lượng mới sinh: 1 ảnh. URL: [https://labs.google/fx/api/trpc/media.getMediaUrlRedirect?name=e197bc04-a15c-4d9d-9424-927556328734]
2026-07-21 09:34:11 - Tìm thấy nhóm ảnh mới sinh thành công! Số lượng: 1
2026-07-21 09:34:11 - Tổng số lượng hình ảnh đang có trong dự án: 3
2026-07-21 09:34:11 - Đang chuyển đổi ảnh 1/1 sang Base64 (URL: https://labs.google/fx/api/trpc/media.getMediaUrlRedirect?name=e197bc04-a15c-4d9d-9424-927556328734)...
2026-07-21 09:34:11 - Tác vụ tự động từ Hàng Đợi (ConfirmBeforeCreate=auto): Tự động chọn tải ảnh...
2026-07-21 09:34:11 - Đang tải hình ảnh được chọn thứ 1/1 (chỉ mục trong nhóm: 0)...
2026-07-21 09:34:14 - Đang chọn độ phân giải 1K cho ảnh thứ 1/1...
2026-07-21 09:34:14 - Đã click chọn độ phân giải 1K. Đang chờ file được tải về máy...
2026-07-21 09:34:15 - Tải ảnh thứ 1/1 thành công (1K): D:\CongTy\ToolCatVideoNgan\videodacat\image\Dự_án_mặc_định_Funny_Babies_Playing_Slide_-_Baby_Outdoor_Video_3-1.jpg
2026-07-21 09:34:18 - Phát hiện link dự án cũ đã lưu: https://labs.google/fx/vi/tools/flow/project/672e990c-5447-47a3-b04f-7bd87f03d47c. Tiến hành mở dự án này...
2026-07-21 09:34:18 - Bắt đầu mở trang Google Flow: https://labs.google/fx/vi/tools/flow/project/672e990c-5447-47a3-b04f-7bd87f03d47c
2026-07-21 09:34:18 - Đang chờ trình duyệt tải xong trang Google Flow...
2026-07-21 09:34:18 - URL hiện tại của trình duyệt (chờ load): 
2026-07-21 09:34:19 - URL hiện tại của trình duyệt (chờ load): https://labs.google/fx/vi/tools/flow/project/672e990c-5447-47a3-b04f-7bd87f03d47c
2026-07-21 09:34:21 - Bắt đầu kiểm tra trạng thái đăng nhập...
2026-07-21 09:34:21 - URL sau khi kiểm tra redirect login: https://labs.google/fx/vi/tools/flow/project/672e990c-5447-47a3-b04f-7bd87f03d47c
2026-07-21 09:34:21 - Đăng nhập thành công. Đang đóng welcome overlays nếu có...
2026-07-21 09:34:21 - Xác minh dự án cũ có hoạt động bình thường không...
2026-07-21 09:34:21 - Số lượng hình ảnh hiện có trong dự án cũ: 3
2026-07-21 09:34:21 - Dự án cũ hoạt động bình thường! Tiếp tục sử dụng.
2026-07-21 09:34:21 - Đã vào dự án thành công!
2026-07-21 09:34:21 - Bắt đầu quét tìm ô PromptInput...
2026-07-21 09:34:21 - Đã tìm thấy PromptInput! HTML snippet: <div role="textbox" aria-multiline="true" spellcheck="false" class="sc-a8ba1f43-0 djaQmW sc-26b30722-6 jwWpiy" data-slate-editor="true" data-slate-node="value" contenteditable="true" zindex="-1" style...
2026-07-21 09:34:21 - Kiểm tra trạng thái nút Tác nhân (Agent)...
2026-07-21 09:34:21 - Đã tìm thấy nút Tác nhân! HTML: <button type="button" aria-pressed="false" class="sc-59223abb-3 dmZGYv"><div class="sc-59223abb-2 jGESqS"><span class="content">Tác nhân</span></div></button>
2026-07-21 09:34:23 - Nút Tác nhân đã ở trạng thái TẮT (aria-pressed=false) sau khi đã chờ React load. Bỏ qua.
2026-07-21 09:34:23 - Bắt đầu cấu hình cài đặt tác nhân (Model: Nano Banana 2, Aspect: 9:16, Batch: 1x)...
2026-07-21 09:34:23 - NÚT CẤU HÌNH ĐƯỢC TÌM THẤY: ID=radix-:rn:, Text=[🍌 Nano Banana 2 crop_9_16 1x]
2026-07-21 09:34:23 - ĐỐI CHIẾU CẤU HÌNH: Model=true, AspectRatio=true, BatchSize=true -> Tất cả trùng khớp: true
2026-07-21 09:34:23 - Cấu hình hiện tại ĐÃ TRÙNG KHỚP hoàn toàn với yêu cầu. BỎ QUA toàn bộ các bước mở cấu hình.
2026-07-21 09:34:23 - URL tất cả ảnh hiện tại trước khi tạo (3 ảnh): [https://labs.google/fx/api/trpc/media.getMediaUrlRedirect?name=e197bc04-a15c-4d9d-9424-927556328734 https://labs.google/fx/api/trpc/media.getMediaUrlRedirect?name=b63b1070-5295-43f8-b1aa-469714d550c1 https://labs.google/fx/api/trpc/media.getMediaUrlRedirect?name=1e92ccc7-d878-4bf6-a6f1-bf698e31d3db]
2026-07-21 09:34:23 - Số lượng hình ảnh đang có trong dự án trước khi tạo: 3 ảnh
2026-07-21 09:34:23 - Bắt đầu điền prompt vào ô nhập liệu: 'A premium, eye-catching, and highly engaging thumbnail with a professional modern look, vibrant colors, clean lighting, and clear focal point'...
2026-07-21 09:34:25 - Đã điền prompt xong thành công!
2026-07-21 09:34:25 - Phát hiện yêu cầu gửi kèm ảnh (1 ảnh). Đang upload ảnh...
2026-07-21 09:34:25 - Đã upload 1 ảnh thành công! Đang chờ 3 giây để upload hoàn tất...
2026-07-21 09:34:28 - Bắt đầu thực hiện gửi prompt...
2026-07-21 09:34:28 - Thử gửi bằng phím Enter ảo...
2026-07-21 09:34:29 - Thử gửi bằng sự kiện keydown Enter (JS)...
2026-07-21 09:34:29 - Bắt đầu quét tìm nút gửi bằng JS...
2026-07-21 09:34:29 - Tiến hành click nút gửi...
2026-07-21 09:34:32 - Đang chờ Google AI tạo xong hình ảnh... (Đã chờ 2 giây)
2026-07-21 09:34:34 - Phát hiện nhóm ảnh mới đã sinh xong! Số lượng mới sinh: 1 ảnh. URL: [https://labs.google/fx/api/trpc/media.getMediaUrlRedirect?name=ebb63475-1999-433c-b543-28cd54974ea3]
2026-07-21 09:34:36 - Tìm thấy nhóm ảnh mới sinh thành công! Số lượng: 1
2026-07-21 09:34:36 - Tổng số lượng hình ảnh đang có trong dự án: 4
2026-07-21 09:34:36 - Đang chuyển đổi ảnh 1/1 sang Base64 (URL: https://labs.google/fx/api/trpc/media.getMediaUrlRedirect?name=ebb63475-1999-433c-b543-28cd54974ea3)...
2026-07-21 09:34:36 - Tác vụ tự động từ Hàng Đợi (ConfirmBeforeCreate=auto): Tự động chọn tải ảnh...
2026-07-21 09:34:36 - Đang tải hình ảnh được chọn thứ 1/1 (chỉ mục trong nhóm: 0)...
2026-07-21 09:34:39 - Đang chọn độ phân giải 1K cho ảnh thứ 1/1...
2026-07-21 09:34:39 - Đã click chọn độ phân giải 1K. Đang chờ file được tải về máy...
2026-07-21 09:34:40 - Tải ảnh thứ 1/1 thành công (1K): D:\CongTy\ToolCatVideoNgan\videodacat\image\Dự_án_mặc_định_Funny_Babies_Playing_Slide_-_Baby_Outdoor_Video_2-1.jpg
2026-07-21 09:34:43 - Phát hiện link dự án cũ đã lưu: https://labs.google/fx/vi/tools/flow/project/672e990c-5447-47a3-b04f-7bd87f03d47c. Tiến hành mở dự án này...
2026-07-21 09:34:43 - Bắt đầu mở trang Google Flow: https://labs.google/fx/vi/tools/flow/project/672e990c-5447-47a3-b04f-7bd87f03d47c
2026-07-21 09:34:43 - Đang chờ trình duyệt tải xong trang Google Flow...
2026-07-21 09:34:43 - URL hiện tại của trình duyệt (chờ load): 
2026-07-21 09:34:44 - URL hiện tại của trình duyệt (chờ load): https://labs.google/fx/vi/tools/flow/project/672e990c-5447-47a3-b04f-7bd87f03d47c
2026-07-21 09:34:46 - Bắt đầu kiểm tra trạng thái đăng nhập...
2026-07-21 09:34:46 - URL sau khi kiểm tra redirect login: https://labs.google/fx/vi/tools/flow/project/672e990c-5447-47a3-b04f-7bd87f03d47c
2026-07-21 09:34:46 - Đăng nhập thành công. Đang đóng welcome overlays nếu có...
2026-07-21 09:34:47 - Xác minh dự án cũ có hoạt động bình thường không...
2026-07-21 09:34:47 - Số lượng hình ảnh hiện có trong dự án cũ: 6
2026-07-21 09:34:47 - Dự án cũ hoạt động bình thường! Tiếp tục sử dụng.
2026-07-21 09:34:47 - Đã vào dự án thành công!
2026-07-21 09:34:47 - Bắt đầu quét tìm ô PromptInput...
2026-07-21 09:34:47 - Đã tìm thấy PromptInput! HTML snippet: <div role="textbox" aria-multiline="true" spellcheck="false" class="sc-a8ba1f43-0 djaQmW sc-26b30722-6 jwWpiy" data-slate-editor="true" data-slate-node="value" contenteditable="true" zindex="-1" style...
2026-07-21 09:34:47 - Kiểm tra trạng thái nút Tác nhân (Agent)...
2026-07-21 09:34:47 - Đã tìm thấy nút Tác nhân! HTML: <button type="button" aria-pressed="false" class="sc-59223abb-3 dmZGYv"><div class="sc-59223abb-2 jGESqS"><span class="content">Tác nhân</span></div></button>
2026-07-21 09:34:49 - Nút Tác nhân đã ở trạng thái TẮT (aria-pressed=false) sau khi đã chờ React load. Bỏ qua.
2026-07-21 09:34:49 - Bắt đầu cấu hình cài đặt tác nhân (Model: Nano Banana 2, Aspect: 9:16, Batch: 1x)...
2026-07-21 09:34:49 - NÚT CẤU HÌNH ĐƯỢC TÌM THẤY: ID=radix-:rn:, Text=[🍌 Nano Banana 2 crop_9_16 1x]
2026-07-21 09:34:49 - ĐỐI CHIẾU CẤU HÌNH: Model=true, AspectRatio=true, BatchSize=true -> Tất cả trùng khớp: true
2026-07-21 09:34:49 - Cấu hình hiện tại ĐÃ TRÙNG KHỚP hoàn toàn với yêu cầu. BỎ QUA toàn bộ các bước mở cấu hình.
2026-07-21 09:34:49 - URL tất cả ảnh hiện tại trước khi tạo (6 ảnh): [https://labs.google/fx/api/trpc/media.getMediaUrlRedirect?name=eda6677f-184d-4e67-b980-6a364cec52ce https://labs.google/fx/api/trpc/media.getMediaUrlRedirect?name=ebb63475-1999-433c-b543-28cd54974ea3 https://labs.google/fx/api/trpc/media.getMediaUrlRedirect?name=0eb75512-8a7e-47a4-a931-d9818166f12b https://labs.google/fx/api/trpc/media.getMediaUrlRedirect?name=e197bc04-a15c-4d9d-9424-927556328734 https://labs.google/fx/api/trpc/media.getMediaUrlRedirect?name=b63b1070-5295-43f8-b1aa-469714d550c1 https://labs.google/fx/api/trpc/media.getMediaUrlRedirect?name=1e92ccc7-d878-4bf6-a6f1-bf698e31d3db]
2026-07-21 09:34:49 - Số lượng hình ảnh đang có trong dự án trước khi tạo: 6 ảnh
2026-07-21 09:34:49 - Bắt đầu điền prompt vào ô nhập liệu: 'A premium, eye-catching, and highly engaging thumbnail with a professional modern look, vibrant colors, clean lighting, and clear focal point'...
2026-07-21 09:34:50 - Đã điền prompt xong thành công!
2026-07-21 09:34:50 - Phát hiện yêu cầu gửi kèm ảnh (1 ảnh). Đang upload ảnh...
2026-07-21 09:34:50 - Đã upload 1 ảnh thành công! Đang chờ 3 giây để upload hoàn tất...
2026-07-21 09:34:53 - Bắt đầu thực hiện gửi prompt...
2026-07-21 09:34:53 - Thử gửi bằng phím Enter ảo...
2026-07-21 09:34:54 - Thử gửi bằng sự kiện keydown Enter (JS)...
2026-07-21 09:34:55 - Bắt đầu quét tìm nút gửi bằng JS...
2026-07-21 09:34:55 - Tiến hành click nút gửi...
2026-07-21 09:34:58 - Đang chờ Google AI tạo xong hình ảnh... (Đã chờ 2 giây)
2026-07-21 09:34:59 - Phát hiện nhóm ảnh mới đã sinh xong! Số lượng mới sinh: 1 ảnh. URL: [https://labs.google/fx/api/trpc/media.getMediaUrlRedirect?name=8bd85ae8-8ec5-4598-87ad-62553aeb11a4]
2026-07-21 09:35:01 - Tìm thấy nhóm ảnh mới sinh thành công! Số lượng: 1
2026-07-21 09:35:01 - Tổng số lượng hình ảnh đang có trong dự án: 7
2026-07-21 09:35:01 - Đang chuyển đổi ảnh 1/1 sang Base64 (URL: https://labs.google/fx/api/trpc/media.getMediaUrlRedirect?name=8bd85ae8-8ec5-4598-87ad-62553aeb11a4)...
2026-07-21 09:35:01 - Tác vụ tự động từ Hàng Đợi (ConfirmBeforeCreate=auto): Tự động chọn tải ảnh...
2026-07-21 09:35:01 - Đang tải hình ảnh được chọn thứ 1/1 (chỉ mục trong nhóm: 0)...
2026-07-21 09:35:03 - Đang chọn độ phân giải 1K cho ảnh thứ 1/1...
2026-07-21 09:35:03 - Đã click chọn độ phân giải 1K. Đang chờ file được tải về máy...
2026-07-21 09:35:05 - Tải ảnh thứ 1/1 thành công (1K): D:\CongTy\ToolCatVideoNgan\videodacat\image\Dự_án_mặc_định_Funny_Babies_Playing_Slide_-_Baby_Outdoor_Video_4-1.jpg
2026-07-21 09:35:07 - Phát hiện link dự án cũ đã lưu: https://labs.google/fx/vi/tools/flow/project/672e990c-5447-47a3-b04f-7bd87f03d47c. Tiến hành mở dự án này...
2026-07-21 09:35:07 - Bắt đầu mở trang Google Flow: https://labs.google/fx/vi/tools/flow/project/672e990c-5447-47a3-b04f-7bd87f03d47c
2026-07-21 09:35:07 - Đang chờ trình duyệt tải xong trang Google Flow...
2026-07-21 09:35:07 - URL hiện tại của trình duyệt (chờ load): 
2026-07-21 09:35:08 - URL hiện tại của trình duyệt (chờ load): https://labs.google/fx/vi/tools/flow/project/672e990c-5447-47a3-b04f-7bd87f03d47c
2026-07-21 09:35:10 - Bắt đầu kiểm tra trạng thái đăng nhập...
2026-07-21 09:35:10 - URL sau khi kiểm tra redirect login: https://labs.google/fx/vi/tools/flow/project/672e990c-5447-47a3-b04f-7bd87f03d47c
2026-07-21 09:35:10 - Đăng nhập thành công. Đang đóng welcome overlays nếu có...
2026-07-21 09:35:11 - Xác minh dự án cũ có hoạt động bình thường không...
2026-07-21 09:35:11 - Số lượng hình ảnh hiện có trong dự án cũ: 7
2026-07-21 09:35:11 - Dự án cũ hoạt động bình thường! Tiếp tục sử dụng.
2026-07-21 09:35:11 - Đã vào dự án thành công!
2026-07-21 09:35:11 - Bắt đầu quét tìm ô PromptInput...
2026-07-21 09:35:11 - Đã tìm thấy PromptInput! HTML snippet: <div role="textbox" aria-multiline="true" spellcheck="false" class="sc-a8ba1f43-0 djaQmW sc-26b30722-6 jwWpiy" data-slate-editor="true" data-slate-node="value" contenteditable="true" zindex="-1" style...
2026-07-21 09:35:11 - Kiểm tra trạng thái nút Tác nhân (Agent)...
2026-07-21 09:35:11 - Đã tìm thấy nút Tác nhân! HTML: <button type="button" aria-pressed="false" class="sc-59223abb-3 dmZGYv"><div class="sc-59223abb-2 jGESqS"><span class="content">Tác nhân</span></div></button>
2026-07-21 09:35:13 - Nút Tác nhân đã ở trạng thái TẮT (aria-pressed=false) sau khi đã chờ React load. Bỏ qua.
2026-07-21 09:35:13 - Bắt đầu cấu hình cài đặt tác nhân (Model: Nano Banana 2, Aspect: 9:16, Batch: 1x)...
2026-07-21 09:35:13 - NÚT CẤU HÌNH ĐƯỢC TÌM THẤY: ID=radix-:rn:, Text=[🍌 Nano Banana 2 crop_9_16 1x]
2026-07-21 09:35:13 - ĐỐI CHIẾU CẤU HÌNH: Model=true, AspectRatio=true, BatchSize=true -> Tất cả trùng khớp: true
2026-07-21 09:35:13 - Cấu hình hiện tại ĐÃ TRÙNG KHỚP hoàn toàn với yêu cầu. BỎ QUA toàn bộ các bước mở cấu hình.
2026-07-21 09:35:13 - URL tất cả ảnh hiện tại trước khi tạo (7 ảnh): [https://labs.google/fx/api/trpc/media.getMediaUrlRedirect?name=8bd85ae8-8ec5-4598-87ad-62553aeb11a4 https://labs.google/fx/api/trpc/media.getMediaUrlRedirect?name=eda6677f-184d-4e67-b980-6a364cec52ce https://labs.google/fx/api/trpc/media.getMediaUrlRedirect?name=ebb63475-1999-433c-b543-28cd54974ea3 https://labs.google/fx/api/trpc/media.getMediaUrlRedirect?name=0eb75512-8a7e-47a4-a931-d9818166f12b https://labs.google/fx/api/trpc/media.getMediaUrlRedirect?name=e197bc04-a15c-4d9d-9424-927556328734 https://labs.google/fx/api/trpc/media.getMediaUrlRedirect?name=b63b1070-5295-43f8-b1aa-469714d550c1 https://labs.google/fx/api/trpc/media.getMediaUrlRedirect?name=1e92ccc7-d878-4bf6-a6f1-bf698e31d3db]
2026-07-21 09:35:13 - Số lượng hình ảnh đang có trong dự án trước khi tạo: 7 ảnh
2026-07-21 09:35:13 - Bắt đầu điền prompt vào ô nhập liệu: 'A premium, eye-catching, and highly engaging thumbnail with a professional modern look, vibrant colors, clean lighting, and clear focal point'...
2026-07-21 09:35:14 - Đã điền prompt xong thành công!
2026-07-21 09:35:14 - Phát hiện yêu cầu gửi kèm ảnh (1 ảnh). Đang upload ảnh...
2026-07-21 09:35:14 - Đã upload 1 ảnh thành công! Đang chờ 3 giây để upload hoàn tất...
2026-07-21 09:35:17 - Bắt đầu thực hiện gửi prompt...
2026-07-21 09:35:17 - Thử gửi bằng phím Enter ảo...
2026-07-21 09:35:18 - Thử gửi bằng sự kiện keydown Enter (JS)...
2026-07-21 09:35:18 - Lỗi dispatch event Enter: context canceled
2026-07-21 09:35:18 - Bắt đầu quét tìm nút gửi bằng JS...
2026-07-21 09:35:18 - Phương án quét JS thất bại. Thử dùng danh sách Selectors dự phòng...
2026-07-21 09:35:21 - Lỗi tìm nút gửi dự phòng: không tìm thấy phần tử hiển thị phù hợp trong số các selector
2026-07-21 09:35:23 - Đang chờ Google AI tạo xong hình ảnh... (Đã chờ 2 giây)
2026-07-21 09:35:29 - Đang chờ Google AI tạo xong hình ảnh... (Đã chờ 8 giây)
2026-07-21 09:35:35 - Đang chờ Google AI tạo xong hình ảnh... (Đã chờ 14 giây)
2026-07-21 09:35:41 - Đang chờ Google AI tạo xong hình ảnh... (Đã chờ 20 giây)
2026-07-21 09:35:47 - Đang chờ Google AI tạo xong hình ảnh... (Đã chờ 26 giây)
2026-07-21 09:35:53 - Đang chờ Google AI tạo xong hình ảnh... (Đã chờ 32 giây)
2026-07-21 09:35:59 - Đang chờ Google AI tạo xong hình ảnh... (Đã chờ 38 giây)
2026-07-21 09:36:05 - Đang chờ Google AI tạo xong hình ảnh... (Đã chờ 44 giây)
2026-07-21 09:36:11 - Đang chờ Google AI tạo xong hình ảnh... (Đã chờ 50 giây)
2026-07-21 09:36:17 - Đang chờ Google AI tạo xong hình ảnh... (Đã chờ 56 giây)
2026-07-21 09:36:23 - Đang chờ Google AI tạo xong hình ảnh... (Đã chờ 62 giây)
2026-07-21 09:36:29 - Đang chờ Google AI tạo xong hình ảnh... (Đã chờ 68 giây)
2026-07-21 09:36:35 - Đang chờ Google AI tạo xong hình ảnh... (Đã chờ 74 giây)
2026-07-21 09:36:41 - Đang chờ Google AI tạo xong hình ảnh... (Đã chờ 80 giây)
2026-07-21 09:36:47 - Đang chờ Google AI tạo xong hình ảnh... (Đã chờ 86 giây)
2026-07-21 09:36:53 - Đang chờ Google AI tạo xong hình ảnh... (Đã chờ 92 giây)
2026-07-21 09:36:59 - Đang chờ Google AI tạo xong hình ảnh... (Đã chờ 98 giây)
2026-07-21 09:37:05 - Đang chờ Google AI tạo xong hình ảnh... (Đã chờ 104 giây)
2026-07-21 09:48:11 - Phát hiện link dự án cũ đã lưu: https://labs.google/fx/vi/tools/flow/project/672e990c-5447-47a3-b04f-7bd87f03d47c. Tiến hành mở dự án này...
2026-07-21 09:48:11 - Bắt đầu mở trang Google Flow: https://labs.google/fx/vi/tools/flow/project/672e990c-5447-47a3-b04f-7bd87f03d47c
2026-07-21 09:48:12 - Đang chờ trình duyệt tải xong trang Google Flow...
2026-07-21 09:48:12 - URL hiện tại của trình duyệt (chờ load): 
2026-07-21 09:48:12 - URL hiện tại của trình duyệt (chờ load): https://labs.google/fx/vi/tools/flow/project/672e990c-5447-47a3-b04f-7bd87f03d47c
2026-07-21 09:48:15 - Bắt đầu kiểm tra trạng thái đăng nhập...
2026-07-21 09:48:15 - URL sau khi kiểm tra redirect login: https://labs.google/fx/vi/tools/flow/project/672e990c-5447-47a3-b04f-7bd87f03d47c
2026-07-21 09:48:15 - Đăng nhập thành công. Đang đóng welcome overlays nếu có...
2026-07-21 09:48:15 - Xác minh dự án cũ có hoạt động bình thường không...
2026-07-21 09:48:15 - Số lượng hình ảnh hiện có trong dự án cũ: 10
2026-07-21 09:48:15 - Dự án cũ hoạt động bình thường! Tiếp tục sử dụng.
2026-07-21 09:48:15 - Đã vào dự án thành công!
2026-07-21 09:48:15 - Bắt đầu quét tìm ô PromptInput...
2026-07-21 09:48:15 - Đã tìm thấy PromptInput! HTML snippet: <div role="textbox" aria-multiline="true" spellcheck="false" class="sc-a8ba1f43-0 djaQmW sc-26b30722-6 jwWpiy" data-slate-editor="true" data-slate-node="value" contenteditable="true" zindex="-1" style...
2026-07-21 09:48:15 - Kiểm tra trạng thái nút Tác nhân (Agent)...
2026-07-21 09:48:15 - Đã tìm thấy nút Tác nhân! HTML: <button type="button" aria-pressed="false" class="sc-59223abb-3 dmZGYv"><div class="sc-59223abb-2 jGESqS"><span class="content">Tác nhân</span></div></button>
2026-07-21 09:48:17 - Nút Tác nhân đã ở trạng thái TẮT (aria-pressed=false) sau khi đã chờ React load. Bỏ qua.
2026-07-21 09:48:17 - Bắt đầu cấu hình cài đặt tác nhân (Model: Nano Banana 2, Aspect: 9:16, Batch: 1x)...
2026-07-21 09:48:17 - NÚT CẤU HÌNH ĐƯỢC TÌM THẤY: ID=radix-:rn:, Text=[🍌 Nano Banana 2 crop_9_16 1x]
2026-07-21 09:48:17 - ĐỐI CHIẾU CẤU HÌNH: Model=true, AspectRatio=true, BatchSize=true -> Tất cả trùng khớp: true
2026-07-21 09:48:17 - Cấu hình hiện tại ĐÃ TRÙNG KHỚP hoàn toàn với yêu cầu. BỎ QUA toàn bộ các bước mở cấu hình.
2026-07-21 09:48:17 - URL tất cả ảnh hiện tại trước khi tạo (10 ảnh): [https://labs.google/fx/api/trpc/media.getMediaUrlRedirect?name=47d91f89-2eb7-438c-bbb7-35662d7cb983 https://labs.google/fx/api/trpc/media.getMediaUrlRedirect?name=9e55d057-3b76-4fed-b8ad-469fa96564ae https://labs.google/fx/api/trpc/media.getMediaUrlRedirect?name=153808a0-38dc-4bc7-92bd-1403031f0c65 https://labs.google/fx/api/trpc/media.getMediaUrlRedirect?name=8bd85ae8-8ec5-4598-87ad-62553aeb11a4 https://labs.google/fx/api/trpc/media.getMediaUrlRedirect?name=eda6677f-184d-4e67-b980-6a364cec52ce https://labs.google/fx/api/trpc/media.getMediaUrlRedirect?name=ebb63475-1999-433c-b543-28cd54974ea3 https://labs.google/fx/api/trpc/media.getMediaUrlRedirect?name=0eb75512-8a7e-47a4-a931-d9818166f12b https://labs.google/fx/api/trpc/media.getMediaUrlRedirect?name=e197bc04-a15c-4d9d-9424-927556328734 https://labs.google/fx/api/trpc/media.getMediaUrlRedirect?name=b63b1070-5295-43f8-b1aa-469714d550c1 https://labs.google/fx/api/trpc/media.getMediaUrlRedirect?name=1e92ccc7-d878-4bf6-a6f1-bf698e31d3db]
2026-07-21 09:48:17 - Số lượng hình ảnh đang có trong dự án trước khi tạo: 10 ảnh
2026-07-21 09:48:17 - Phát hiện yêu cầu gửi kèm ảnh (1 ảnh). Đang upload ảnh trước...
2026-07-21 09:48:17 - Đã gửi lệnh upload 1 ảnh! Đang kiểm tra DOM real-time cho tới khi hết % loading...
2026-07-21 09:48:18 - Bắt đầu điền prompt vào ô nhập liệu: 'A premium, eye-catching, and highly engaging thumbnail with a professional modern look, vibrant colors, clean lighting, and clear focal point'...
2026-07-21 09:48:20 - Đã điền prompt xong thành công!
2026-07-21 09:48:21 - Bắt đầu thực hiện gửi prompt...
2026-07-21 09:48:21 - Thử gửi bằng phím Enter ảo...
2026-07-21 09:48:21 - Thử gửi bằng sự kiện keydown Enter (JS)...
2026-07-21 09:48:22 - Bắt đầu quét tìm nút gửi bằng JS...
2026-07-21 09:48:22 - Tiến hành click nút gửi...
2026-07-21 09:52:03 - Phát hiện link dự án cũ đã lưu: https://labs.google/fx/vi/tools/flow/project/672e990c-5447-47a3-b04f-7bd87f03d47c. Tiến hành mở dự án này...
2026-07-21 09:52:03 - Bắt đầu mở trang Google Flow: https://labs.google/fx/vi/tools/flow/project/672e990c-5447-47a3-b04f-7bd87f03d47c
2026-07-21 09:52:03 - Đang chờ trình duyệt tải xong trang Google Flow...
2026-07-21 09:52:03 - URL hiện tại của trình duyệt (chờ load): 
2026-07-21 09:52:04 - URL hiện tại của trình duyệt (chờ load): https://labs.google/fx/vi/tools/flow/project/672e990c-5447-47a3-b04f-7bd87f03d47c
2026-07-21 09:52:06 - Bắt đầu kiểm tra trạng thái đăng nhập...
2026-07-21 09:52:06 - URL sau khi kiểm tra redirect login: https://labs.google/fx/vi/tools/flow/project/672e990c-5447-47a3-b04f-7bd87f03d47c
2026-07-21 09:52:06 - Đăng nhập thành công. Đang đóng welcome overlays nếu có...
2026-07-21 09:52:07 - Xác minh dự án cũ có hoạt động bình thường không...
2026-07-21 09:52:08 - Số lượng hình ảnh hiện có trong dự án cũ: 12
2026-07-21 09:52:08 - Dự án cũ hoạt động bình thường! Tiếp tục sử dụng.
2026-07-21 09:52:08 - Đã vào dự án thành công!
2026-07-21 09:52:08 - Bắt đầu quét tìm ô PromptInput...
2026-07-21 09:52:08 - Đã tìm thấy PromptInput! HTML snippet: <div role="textbox" aria-multiline="true" spellcheck="false" class="sc-a8ba1f43-0 djaQmW sc-26b30722-6 jwWpiy" data-slate-editor="true" data-slate-node="value" contenteditable="true" zindex="-1" style...
2026-07-21 09:52:08 - Kiểm tra trạng thái nút Tác nhân (Agent)...
2026-07-21 09:52:08 - Đã tìm thấy nút Tác nhân! HTML: <button type="button" aria-pressed="false" class="sc-59223abb-3 dmZGYv"><div class="sc-59223abb-2 jGESqS"><span class="content">Tác nhân</span></div></button>
2026-07-21 09:52:11 - Nút Tác nhân đã ở trạng thái TẮT (aria-pressed=false) sau khi đã chờ React load. Bỏ qua.
2026-07-21 09:52:11 - Bắt đầu cấu hình cài đặt tác nhân (Model: Nano Banana 2, Aspect: 9:16, Batch: 1x)...
2026-07-21 09:52:11 - NÚT CẤU HÌNH ĐƯỢC TÌM THẤY: ID=radix-:rn:, Text=[🍌 Nano Banana 2 crop_9_16 1x]
2026-07-21 09:52:11 - ĐỐI CHIẾU CẤU HÌNH: Model=true, AspectRatio=true, BatchSize=true -> Tất cả trùng khớp: true
2026-07-21 09:52:11 - Cấu hình hiện tại ĐÃ TRÙNG KHỚP hoàn toàn với yêu cầu. BỎ QUA toàn bộ các bước mở cấu hình.
2026-07-21 09:52:11 - URL tất cả ảnh hiện tại trước khi tạo (12 ảnh): [https://labs.google/fx/api/trpc/media.getMediaUrlRedirect?name=3521289a-b9de-4dd2-8678-06390ba0020f https://labs.google/fx/api/trpc/media.getMediaUrlRedirect?name=87422d6b-5de1-465e-8552-ad2af8b67c1b https://labs.google/fx/api/trpc/media.getMediaUrlRedirect?name=47d91f89-2eb7-438c-bbb7-35662d7cb983 https://labs.google/fx/api/trpc/media.getMediaUrlRedirect?name=9e55d057-3b76-4fed-b8ad-469fa96564ae https://labs.google/fx/api/trpc/media.getMediaUrlRedirect?name=153808a0-38dc-4bc7-92bd-1403031f0c65 https://labs.google/fx/api/trpc/media.getMediaUrlRedirect?name=8bd85ae8-8ec5-4598-87ad-62553aeb11a4 https://labs.google/fx/api/trpc/media.getMediaUrlRedirect?name=eda6677f-184d-4e67-b980-6a364cec52ce https://labs.google/fx/api/trpc/media.getMediaUrlRedirect?name=ebb63475-1999-433c-b543-28cd54974ea3 https://labs.google/fx/api/trpc/media.getMediaUrlRedirect?name=0eb75512-8a7e-47a4-a931-d9818166f12b https://labs.google/fx/api/trpc/media.getMediaUrlRedirect?name=e197bc04-a15c-4d9d-9424-927556328734 https://labs.google/fx/api/trpc/media.getMediaUrlRedirect?name=b63b1070-5295-43f8-b1aa-469714d550c1 https://labs.google/fx/api/trpc/media.getMediaUrlRedirect?name=1e92ccc7-d878-4bf6-a6f1-bf698e31d3db]
2026-07-21 09:52:11 - Số lượng hình ảnh đang có trong dự án trước khi tạo: 12 ảnh
2026-07-21 09:52:11 - Phát hiện yêu cầu gửi kèm ảnh (1 ảnh). Đang upload ảnh trước...
2026-07-21 09:52:11 - Đã gửi lệnh upload 1 ảnh! Đang kiểm tra DOM real-time cho tới khi hết % loading...
2026-07-21 09:52:27 - Cảnh báo: Hết thời gian chờ (15s) nhưng vẫn tiếp tục luồng...
2026-07-21 09:52:27 - Bắt đầu điền prompt vào ô nhập liệu: 'tạo ảnh thumbnail '...
2026-07-21 09:52:28 - Đã điền prompt xong thành công!
2026-07-21 09:52:30 - Bắt đầu thực hiện gửi prompt...
2026-07-21 09:52:30 - Thử gửi bằng phím Enter ảo...
2026-07-21 09:52:31 - Thử gửi bằng sự kiện keydown Enter (JS)...
2026-07-21 09:52:33 - Bắt đầu quét tìm nút gửi bằng JS...
2026-07-21 09:52:33 - Tiến hành click nút gửi...
2026-07-21 09:52:37 - Đang chờ Google AI tạo xong hình ảnh... (Đã chờ 2 giây)
2026-07-21 09:52:37 - Phát hiện nhóm ảnh mới đã sinh xong! Số lượng mới sinh: 1 ảnh. URL: [https://labs.google/fx/api/trpc/media.getMediaUrlRedirect?name=62fe9590-ec87-45d4-be0c-8b151306df4c]
2026-07-21 09:52:41 - Tìm thấy nhóm ảnh mới sinh thành công! Số lượng: 1
2026-07-21 09:52:41 - Tổng số lượng hình ảnh đang có trong dự án: 13
2026-07-21 09:52:41 - Đang chuyển đổi ảnh 1/1 sang Base64 (URL: https://labs.google/fx/api/trpc/media.getMediaUrlRedirect?name=62fe9590-ec87-45d4-be0c-8b151306df4c)...
2026-07-21 09:52:41 - Đang gửi yêu cầu chọn ảnh lên UI...
2026-07-21 09:56:51 - Phát hiện link dự án cũ đã lưu: https://labs.google/fx/vi/tools/flow/project/672e990c-5447-47a3-b04f-7bd87f03d47c. Tiến hành mở dự án này...
2026-07-21 09:56:51 - Bắt đầu mở trang Google Flow: https://labs.google/fx/vi/tools/flow/project/672e990c-5447-47a3-b04f-7bd87f03d47c
2026-07-21 09:56:52 - Đang chờ trình duyệt tải xong trang Google Flow...
2026-07-21 09:56:52 - URL hiện tại của trình duyệt (chờ load): 
2026-07-21 09:56:52 - URL hiện tại của trình duyệt (chờ load): https://labs.google/fx/vi/tools/flow/project/672e990c-5447-47a3-b04f-7bd87f03d47c
2026-07-21 09:56:55 - Bắt đầu kiểm tra trạng thái đăng nhập...
2026-07-21 09:56:55 - URL sau khi kiểm tra redirect login: https://labs.google/fx/vi/tools/flow/project/672e990c-5447-47a3-b04f-7bd87f03d47c
2026-07-21 09:56:55 - Đăng nhập thành công. Đang đóng welcome overlays nếu có...
2026-07-21 09:56:55 - Xác minh dự án cũ có hoạt động bình thường không...
2026-07-21 09:56:55 - Số lượng hình ảnh hiện có trong dự án cũ: 12
2026-07-21 09:56:55 - Dự án cũ hoạt động bình thường! Tiếp tục sử dụng.
2026-07-21 09:56:55 - Đã vào dự án thành công!
2026-07-21 09:56:55 - Bắt đầu quét tìm ô PromptInput...
2026-07-21 09:56:55 - Đã tìm thấy PromptInput! HTML snippet: <div role="textbox" aria-multiline="true" spellcheck="false" class="sc-a8ba1f43-0 djaQmW sc-26b30722-6 jwWpiy" data-slate-editor="true" data-slate-node="value" contenteditable="true" zindex="-1" style...
2026-07-21 09:56:55 - Kiểm tra trạng thái nút Tác nhân (Agent)...
2026-07-21 09:56:55 - Đã tìm thấy nút Tác nhân! HTML: <button type="button" aria-pressed="false" class="sc-59223abb-3 dmZGYv"><div class="sc-59223abb-2 jGESqS"><span class="content">Tác nhân</span></div></button>
2026-07-21 09:56:59 - Nút Tác nhân đã ở trạng thái TẮT (aria-pressed=false) sau khi đã chờ React load. Bỏ qua.
2026-07-21 09:56:59 - Bắt đầu cấu hình cài đặt tác nhân (Model: Nano Banana 2 Lite, Aspect: 9:16, Batch: 1x)...
2026-07-21 09:56:59 - NÚT CẤU HÌNH ĐƯỢC TÌM THẤY: ID=radix-:rn:, Text=[🍌 Nano Banana 2 crop_9_16 1x]
2026-07-21 09:56:59 - ĐỐI CHIẾU CẤU HÌNH: Model=false, AspectRatio=true, BatchSize=true -> Tất cả trùng khớp: false
2026-07-21 09:56:59 - Cấu hình chưa trùng khớp (Model: false, Ratio: true, Batch: true). Tiến hành mở popover để điều chỉnh duy nhất các phần chưa đúng...
2026-07-21 09:56:59 - Mở popover cấu hình bằng cách click nút cài đặt (Human Click)...
2026-07-21 09:57:03 - Cấu hình loại media tab: IMAGE
2026-07-21 09:57:03 - DUMP BUTTONS BEFORE CONFIG: [map[ariaHasPopup: ariaLabel: class:sc-e8425ea6-0 hOBPaw sc-d3791a4f-0 sc-d3791a4f-4 sc-7cbbf1fc-2 ewGlDn famhRe jjdvrX id: text:arrow_backQuay lại title: visible:true] map[ariaHasPopup:menu ariaLabel: class:sc-e8425ea6-0 hOBPaw sc-d3791a4f-0 sc-d3791a4f-4 sc-26aa1721-3 ewGlDn famhRe dUDRen id:radix-:r3: text:more_vertTuỳ chọn khác title: visible:true] map[ariaHasPopup: ariaLabel: class:sc-e8425ea6-0 hOBPaw sc-d3791a4f-0 sc-d3791a4f-4 sc-eed1ec57-2 ewGlDn famhRe jceYol id: text:searchTìm kiếm title: visible:true] map[ariaHasPopup:menu ariaLabel: class:sc-16c4830a-1 dnFqQq sc-e7a64add-0 sc-e7a64add-2 fPutAP blvbdy sc-98525c58-8 iQjEOG id:radix-:r5: text:filter_listSắp xếp và lọc title: visible:true] map[ariaHasPopup:menu ariaLabel: class:sc-e8425ea6-0 hOBPaw sc-d3791a4f-0 sc-d3791a4f-4 sc-5c4c0aea-1 ewGlDn famhRe eqhuae id:radix-:r7: text:addThêm nội dung nghe nhìn title: visible:true] map[ariaHasPopup: ariaLabel: class:sc-e8425ea6-0 hOBPaw sc-d3791a4f-0 sc-d3791a4f-4 sc-51397942-2 ewGlDn famhRe kCsEmL id: text:helpTrợ giúp về sản phẩm title: visible:true] map[ariaHasPopup:menu ariaLabel: class:sc-e8425ea6-0 hOBPaw sc-d3791a4f-0 sc-d3791a4f-4 sc-a4925f7f-6 ewGlDn famhRe gdBgFb id:radix-:rb: text:settings_2Cài đặt chế độ xem title: visible:true] map[ariaHasPopup:menu ariaLabel: class:sc-e8425ea6-0 hOBPaw sc-d3791a4f-0 sc-d3791a4f-4 sc-4fec6fdf-1 ewGlDn famhRe lokAjc id:radix-:re: text:more_vertKhác title: visible:true] map[ariaHasPopup: ariaLabel: class:sc-a14123c8-0 iNGyoc id: text:ULTRA title: visible:true] map[ariaHasPopup: ariaLabel: class:sc-e8425ea6-0 hOBPaw sc-d3791a4f-0 sc-d3791a4f-5 sc-3ce961f7-0 sc-7e7bc024-0 ewGlDn lnCuH fqbaql jcMEtI id: text:dashboardTất cả nội dung nghe nhìn title: visible:true] map[ariaHasPopup: ariaLabel: class:sc-e8425ea6-0 hOBPaw sc-d3791a4f-0 sc-d3791a4f-5 sc-3ce961f7-0 ewGlDn hGbzYr fqbaql id: text:imageXem hình ảnh title: visible:true] map[ariaHasPopup: ariaLabel: class:sc-e8425ea6-0 hOBPaw sc-d3791a4f-0 sc-d3791a4f-5 sc-3ce961f7-0 ewGlDn hGbzYr fqbaql id: text:accessibility_newNhân vật title: visible:true] map[ariaHasPopup: ariaLabel: class:sc-e8425ea6-0 hOBPaw sc-d3791a4f-0 sc-d3791a4f-5 sc-3ce961f7-0 ewGlDn hGbzYr fqbaql id: text:movieXem các cảnh title: visible:true] map[ariaHasPopup: ariaLabel: class:sc-e8425ea6-0 hOBPaw sc-d3791a4f-0 sc-d3791a4f-5 sc-3ce961f7-0 ewGlDn hGbzYr fqbaql id: text:drive_folder_uploadXem nội dung nghe nhìn đã tải lên title: visible:true] map[ariaHasPopup: ariaLabel: class:sc-e8425ea6-0 hOBPaw sc-d3791a4f-0 sc-d3791a4f-5 sc-3ce961f7-0 ewGlDn hGbzYr fqbaql id: text:apps_spark_2Công cụ title: visible:true] map[ariaHasPopup: ariaLabel: class:sc-e8425ea6-0 hOBPaw sc-d3791a4f-0 sc-d3791a4f-5 sc-3ce961f7-0 ewGlDn hGbzYr fqbaql id: text:deleteXem thùng rác title: visible:true] map[ariaHasPopup: ariaLabel: class:sc-e8425ea6-0 hOBPaw sc-d3791a4f-0 sc-d3791a4f-5 sc-3ce961f7-0 ewGlDn hGbzYr fqbaql id: text:left_panel_openMở rộng title: visible:true] map[ariaHasPopup:dialog ariaLabel: class:sc-e8425ea6-0 hOBPaw sc-d3791a4f-0 sc-d3791a4f-4 sc-253cad92-0 ewGlDn famhRe joSmHx id: text:add_2Tạo title: visible:true] map[ariaHasPopup: ariaLabel: class:sc-59223abb-3 dmZGYv id: text:Tác nhân title: visible:true] map[ariaHasPopup:menu ariaLabel: class:sc-16c4830a-1 dnFqQq sc-e7a64add-0 sc-e7a64add-1 fPutAP jmLZrS sc-93abd9dc-1 ldbhld id:radix-:rn: text:🍌 Nano Banana 2crop_9_161x title: visible:true] map[ariaHasPopup: ariaLabel: class:sc-e8425ea6-0 hOBPaw sc-d3791a4f-0 sc-d3791a4f-4 sc-26b30722-5 ewGlDn famhRe jDvIwb id: text:arrow_forwardTạo title: visible:true] map[ariaHasPopup: ariaLabel: class:sc-eb68e7f-2 jrTHnf flow_tab_slider_trigger id:radix-:r30:-trigger-IMAGE text:imageHình ảnh title: visible:true] map[ariaHasPopup: ariaLabel: class:sc-eb68e7f-2 jrTHnf flow_tab_slider_trigger id:radix-:r30:-trigger-VIDEO text:play_circleVideo title: visible:true] map[ariaHasPopup: ariaLabel: class:sc-eb68e7f-2 dNQytQ flow_tab_slider_trigger id:radix-:r33:-trigger-LANDSCAPE text:crop_16_916:9 title: visible:true] map[ariaHasPopup: ariaLabel: class:sc-eb68e7f-2 dNQytQ flow_tab_slider_trigger id:radix-:r33:-trigger-LANDSCAPE_4_3 text:crop_landscape4:3 title: visible:true] map[ariaHasPopup: ariaLabel: class:sc-eb68e7f-2 dNQytQ flow_tab_slider_trigger id:radix-:r33:-trigger-SQUARE text:crop_square1:1 title: visible:true] map[ariaHasPopup: ariaLabel: class:sc-eb68e7f-2 dNQytQ flow_tab_slider_trigger id:radix-:r33:-trigger-PORTRAIT_3_4 text:crop_portrait3:4 title: visible:true] map[ariaHasPopup: ariaLabel: class:sc-eb68e7f-2 dNQytQ flow_tab_slider_trigger id:radix-:r33:-trigger-PORTRAIT text:crop_9_169:16 title: visible:true] map[ariaHasPopup: ariaLabel: class:sc-eb68e7f-2 DoEQM flow_tab_slider_trigger id:radix-:r39:-trigger-1 text:1x title: visible:true] map[ariaHasPopup: ariaLabel: class:sc-eb68e7f-2 DoEQM flow_tab_slider_trigger id:radix-:r39:-trigger-2 text:x2 title: visible:true] map[ariaHasPopup: ariaLabel: class:sc-eb68e7f-2 DoEQM flow_tab_slider_trigger id:radix-:r39:-trigger-3 text:x3 title: visible:true] map[ariaHasPopup: ariaLabel: class:sc-eb68e7f-2 DoEQM flow_tab_slider_trigger id:radix-:r39:-trigger-4 text:x4 title: visible:true] map[ariaHasPopup:menu ariaLabel: class:sc-16c4830a-1 dnFqQq sc-e7a64add-0 sc-e7a64add-1 fPutAP jmLZrS sc-3f41cc92-1 eaVRLg id:radix-:r3e: text:🍌 Nano Banana 2arrow_drop_down title: visible:true]]
2026-07-21 09:57:05 - Tỷ lệ khung hình (9:16) đã đúng sẵn, bỏ qua không chỉnh lại.
2026-07-21 09:57:05 - Số lượng Batch Size (1x) đã đúng sẵn, bỏ qua không chỉnh lại.
2026-07-21 09:57:05 - Cấu hình Model: Nano Banana 2 Lite (chỉnh lại vì chưa trùng khớp)
2026-07-21 09:57:10 - Đóng hộp thoại cấu hình tác nhân...
2026-07-21 09:57:10 - Đóng hộp thoại cấu hình tác nhân bằng cách click lại nút cài đặt...
2026-07-21 09:57:13 - URL tất cả ảnh hiện tại trước khi tạo (14 ảnh): [https://labs.google/fx/api/trpc/media.getMediaUrlRedirect?name=cb1b3956-7c18-44a6-bbfa-85da45273163 https://labs.google/fx/api/trpc/media.getMediaUrlRedirect?name=62fe9590-ec87-45d4-be0c-8b151306df4c https://labs.google/fx/api/trpc/media.getMediaUrlRedirect?name=3521289a-b9de-4dd2-8678-06390ba0020f https://labs.google/fx/api/trpc/media.getMediaUrlRedirect?name=87422d6b-5de1-465e-8552-ad2af8b67c1b https://labs.google/fx/api/trpc/media.getMediaUrlRedirect?name=47d91f89-2eb7-438c-bbb7-35662d7cb983 https://labs.google/fx/api/trpc/media.getMediaUrlRedirect?name=9e55d057-3b76-4fed-b8ad-469fa96564ae https://labs.google/fx/api/trpc/media.getMediaUrlRedirect?name=153808a0-38dc-4bc7-92bd-1403031f0c65 https://labs.google/fx/api/trpc/media.getMediaUrlRedirect?name=8bd85ae8-8ec5-4598-87ad-62553aeb11a4 https://labs.google/fx/api/trpc/media.getMediaUrlRedirect?name=eda6677f-184d-4e67-b980-6a364cec52ce https://labs.google/fx/api/trpc/media.getMediaUrlRedirect?name=ebb63475-1999-433c-b543-28cd54974ea3 https://labs.google/fx/api/trpc/media.getMediaUrlRedirect?name=0eb75512-8a7e-47a4-a931-d9818166f12b https://labs.google/fx/api/trpc/media.getMediaUrlRedirect?name=e197bc04-a15c-4d9d-9424-927556328734 https://labs.google/fx/api/trpc/media.getMediaUrlRedirect?name=b63b1070-5295-43f8-b1aa-469714d550c1 https://labs.google/fx/api/trpc/media.getMediaUrlRedirect?name=1e92ccc7-d878-4bf6-a6f1-bf698e31d3db]
2026-07-21 09:57:13 - Số lượng hình ảnh đang có trong dự án trước khi tạo: 14 ảnh
2026-07-21 09:57:13 - Phát hiện yêu cầu gửi kèm ảnh (1 ảnh). Đang dán/upload ảnh trước...
2026-07-21 09:57:13 - Thử dán ảnh trực tiếp bằng sự kiện Ctrl+V (ClipboardEvent paste) vào ô prompt...
2026-07-21 09:57:13 - ✓ Đã gửi sự kiện Ctrl+V dán ảnh thành công!
2026-07-21 09:57:13 - Đã gửi lệnh dán/upload ảnh! Đang kiểm tra DOM real-time cho tới khi ảnh đính kèm hoàn toàn...
2026-07-21 09:57:28 - Cảnh báo: Hết thời gian chờ (15s) nhưng vẫn tiếp tục luồng...
2026-07-21 09:57:28 - Bắt đầu điền prompt vào ô nhập liệu: 'tạo ảnh thumbnail '...
2026-07-21 09:58:10 - Đã điền prompt xong thành công!
2026-07-21 09:58:12 - Cập nhật lại danh sách URL ảnh hiện có trước khi bấm nút Gửi (14 ảnh): [https://labs.google/fx/api/trpc/media.getMediaUrlRedirect?name=cb1b3956-7c18-44a6-bbfa-85da45273163 https://labs.google/fx/api/trpc/media.getMediaUrlRedirect?name=62fe9590-ec87-45d4-be0c-8b151306df4c https://labs.google/fx/api/trpc/media.getMediaUrlRedirect?name=3521289a-b9de-4dd2-8678-06390ba0020f https://labs.google/fx/api/trpc/media.getMediaUrlRedirect?name=87422d6b-5de1-465e-8552-ad2af8b67c1b https://labs.google/fx/api/trpc/media.getMediaUrlRedirect?name=47d91f89-2eb7-438c-bbb7-35662d7cb983 https://labs.google/fx/api/trpc/media.getMediaUrlRedirect?name=9e55d057-3b76-4fed-b8ad-469fa96564ae https://labs.google/fx/api/trpc/media.getMediaUrlRedirect?name=153808a0-38dc-4bc7-92bd-1403031f0c65 https://labs.google/fx/api/trpc/media.getMediaUrlRedirect?name=8bd85ae8-8ec5-4598-87ad-62553aeb11a4 https://labs.google/fx/api/trpc/media.getMediaUrlRedirect?name=eda6677f-184d-4e67-b980-6a364cec52ce https://labs.google/fx/api/trpc/media.getMediaUrlRedirect?name=ebb63475-1999-433c-b543-28cd54974ea3 https://labs.google/fx/api/trpc/media.getMediaUrlRedirect?name=0eb75512-8a7e-47a4-a931-d9818166f12b https://labs.google/fx/api/trpc/media.getMediaUrlRedirect?name=e197bc04-a15c-4d9d-9424-927556328734 https://labs.google/fx/api/trpc/media.getMediaUrlRedirect?name=b63b1070-5295-43f8-b1aa-469714d550c1 https://labs.google/fx/api/trpc/media.getMediaUrlRedirect?name=1e92ccc7-d878-4bf6-a6f1-bf698e31d3db]
2026-07-21 09:58:12 - Bắt đầu thực hiện gửi prompt...
2026-07-21 09:58:12 - Thử gửi bằng phím Enter ảo...
2026-07-21 09:58:13 - Thử gửi bằng sự kiện keydown Enter (JS)...
2026-07-21 09:58:13 - Lỗi dispatch event Enter: context canceled
2026-07-21 09:58:15 - Bắt đầu quét tìm nút gửi bằng JS...
2026-07-21 09:58:15 - Phương án quét JS thất bại. Thử dùng danh sách Selectors dự phòng...
2026-07-21 09:58:15 - Lỗi tìm nút gửi dự phòng: context canceled
2026-07-21 10:14:26 - Phát hiện link dự án cũ đã lưu: https://labs.google/fx/vi/tools/flow/project/672e990c-5447-47a3-b04f-7bd87f03d47c. Tiến hành mở dự án này...
2026-07-21 10:14:26 - Bắt đầu mở trang Google Flow: https://labs.google/fx/vi/tools/flow/project/672e990c-5447-47a3-b04f-7bd87f03d47c
2026-07-21 10:14:26 - Đang chờ trình duyệt tải xong trang Google Flow...
2026-07-21 10:14:26 - URL hiện tại của trình duyệt (chờ load): 
2026-07-21 10:14:27 - URL hiện tại của trình duyệt (chờ load): https://labs.google/fx/vi/tools/flow/project/672e990c-5447-47a3-b04f-7bd87f03d47c
2026-07-21 10:14:29 - Bắt đầu kiểm tra trạng thái đăng nhập...
2026-07-21 10:14:29 - URL sau khi kiểm tra redirect login: https://labs.google/fx/vi/tools/flow/project/672e990c-5447-47a3-b04f-7bd87f03d47c
2026-07-21 10:14:29 - Đăng nhập thành công. Đang đóng welcome overlays nếu có...
2026-07-21 10:14:30 - Xác minh dự án cũ có hoạt động bình thường không...
2026-07-21 10:14:30 - Số lượng hình ảnh hiện có trong dự án cũ: 7
2026-07-21 10:14:30 - Dự án cũ hoạt động bình thường! Tiếp tục sử dụng.
2026-07-21 10:14:30 - Đã vào dự án thành công!
2026-07-21 10:14:30 - Bắt đầu quét tìm ô PromptInput...
2026-07-21 10:14:30 - Đã tìm thấy PromptInput! HTML snippet: <div role="textbox" aria-multiline="true" spellcheck="false" class="sc-a8ba1f43-0 djaQmW sc-26b30722-6 jwWpiy" data-slate-editor="true" data-slate-node="value" contenteditable="true" zindex="-1" style...
2026-07-21 10:14:30 - Kiểm tra trạng thái nút Tác nhân (Agent)...
2026-07-21 10:14:30 - Đã tìm thấy nút Tác nhân! HTML: <button type="button" aria-pressed="false" class="sc-59223abb-3 dmZGYv"><div class="sc-59223abb-2 jGESqS"><span class="content">Tác nhân</span></div></button>
2026-07-21 10:14:33 - Nút Tác nhân đã ở trạng thái TẮT (aria-pressed=false) sau khi đã chờ React load. Bỏ qua.
2026-07-21 10:14:33 - Bắt đầu cấu hình cài đặt tác nhân (Model: Nano Banana 2 Lite, Aspect: 9:16, Batch: 1x)...
2026-07-21 10:14:33 - NÚT CẤU HÌNH ĐƯỢC TÌM THẤY: ID=radix-:rn:, Text=[🍌 Nano Banana 2 Lite crop_9_16 1x]
2026-07-21 10:14:33 - ĐỐI CHIẾU CẤU HÌNH: Model=true, AspectRatio=true, BatchSize=true -> Tất cả trùng khớp: true
2026-07-21 10:14:33 - Cấu hình hiện tại ĐÃ TRÙNG KHỚP hoàn toàn với yêu cầu. BỎ QUA toàn bộ các bước mở cấu hình.
2026-07-21 10:14:33 - URL tất cả ảnh hiện tại trước khi tạo (16 ảnh): [https://labs.google/fx/api/trpc/media.getMediaUrlRedirect?name=1ca7ca0c-153f-48a4-b57d-cd882f74cf13 https://labs.google/fx/api/trpc/media.getMediaUrlRedirect?name=fab52a22-a0c5-4443-bbf5-e10200da1f2a https://labs.google/fx/api/trpc/media.getMediaUrlRedirect?name=cb1b3956-7c18-44a6-bbfa-85da45273163 https://labs.google/fx/api/trpc/media.getMediaUrlRedirect?name=62fe9590-ec87-45d4-be0c-8b151306df4c https://labs.google/fx/api/trpc/media.getMediaUrlRedirect?name=3521289a-b9de-4dd2-8678-06390ba0020f https://labs.google/fx/api/trpc/media.getMediaUrlRedirect?name=87422d6b-5de1-465e-8552-ad2af8b67c1b https://labs.google/fx/api/trpc/media.getMediaUrlRedirect?name=47d91f89-2eb7-438c-bbb7-35662d7cb983 https://labs.google/fx/api/trpc/media.getMediaUrlRedirect?name=9e55d057-3b76-4fed-b8ad-469fa96564ae https://labs.google/fx/api/trpc/media.getMediaUrlRedirect?name=153808a0-38dc-4bc7-92bd-1403031f0c65 https://labs.google/fx/api/trpc/media.getMediaUrlRedirect?name=8bd85ae8-8ec5-4598-87ad-62553aeb11a4 https://labs.google/fx/api/trpc/media.getMediaUrlRedirect?name=eda6677f-184d-4e67-b980-6a364cec52ce https://labs.google/fx/api/trpc/media.getMediaUrlRedirect?name=ebb63475-1999-433c-b543-28cd54974ea3 https://labs.google/fx/api/trpc/media.getMediaUrlRedirect?name=0eb75512-8a7e-47a4-a931-d9818166f12b https://labs.google/fx/api/trpc/media.getMediaUrlRedirect?name=e197bc04-a15c-4d9d-9424-927556328734 https://labs.google/fx/api/trpc/media.getMediaUrlRedirect?name=b63b1070-5295-43f8-b1aa-469714d550c1 https://labs.google/fx/api/trpc/media.getMediaUrlRedirect?name=1e92ccc7-d878-4bf6-a6f1-bf698e31d3db]
2026-07-21 10:14:33 - Số lượng hình ảnh đang có trong dự án trước khi tạo: 16 ảnh
2026-07-21 10:14:33 - Phát hiện yêu cầu gửi kèm ảnh (1 ảnh). Đang dán/upload ảnh trước...
2026-07-21 10:14:33 - Thử dán ảnh trực tiếp bằng sự kiện Ctrl+V (ClipboardEvent paste) vào ô prompt...
2026-07-21 10:14:33 - ✓ Đã gửi sự kiện Ctrl+V dán ảnh thành công!
2026-07-21 10:14:33 - Đã gửi lệnh dán/upload ảnh! Đang kiểm tra DOM real-time cho tới khi ảnh đính kèm hoàn toàn...
2026-07-21 10:14:49 - Cảnh báo: Hết thời gian chờ (15s) nhưng vẫn tiếp tục luồng...
2026-07-21 10:14:49 - Bắt đầu điền prompt vào ô nhập liệu: 'tạo thumbnail '...
2026-07-21 10:23:37 - Phát hiện link dự án cũ đã lưu: https://labs.google/fx/vi/tools/flow/project/672e990c-5447-47a3-b04f-7bd87f03d47c. Tiến hành mở dự án này...
2026-07-21 10:23:37 - Bắt đầu mở trang Google Flow: https://labs.google/fx/vi/tools/flow/project/672e990c-5447-47a3-b04f-7bd87f03d47c
2026-07-21 10:23:37 - Đang chờ trình duyệt tải xong trang Google Flow...
2026-07-21 10:23:37 - URL hiện tại của trình duyệt (chờ load): 
2026-07-21 10:23:38 - URL hiện tại của trình duyệt (chờ load): https://labs.google/fx/vi/tools/flow/project/672e990c-5447-47a3-b04f-7bd87f03d47c
2026-07-21 10:23:40 - Bắt đầu kiểm tra trạng thái đăng nhập...
2026-07-21 10:23:40 - URL sau khi kiểm tra redirect login: https://labs.google/fx/vi/tools/flow/project/672e990c-5447-47a3-b04f-7bd87f03d47c
2026-07-21 10:23:40 - Đăng nhập thành công. Đang đóng welcome overlays nếu có...
2026-07-21 10:23:41 - Xác minh dự án cũ có hoạt động bình thường không...
2026-07-21 10:23:41 - Số lượng hình ảnh hiện có trong dự án cũ: 11
2026-07-21 10:23:41 - Dự án cũ hoạt động bình thường! Tiếp tục sử dụng.
2026-07-21 10:23:41 - Đã vào dự án thành công!
2026-07-21 10:23:41 - Bắt đầu quét tìm ô PromptInput...
2026-07-21 10:23:41 - Đã tìm thấy PromptInput! HTML snippet: <div role="textbox" aria-multiline="true" spellcheck="false" class="sc-a8ba1f43-0 djaQmW sc-26b30722-6 jwWpiy" data-slate-editor="true" data-slate-node="value" contenteditable="true" zindex="-1" style...
2026-07-21 10:23:41 - Kiểm tra trạng thái nút Tác nhân (Agent)...
2026-07-21 10:23:41 - Đã tìm thấy nút Tác nhân! HTML: <button type="button" aria-pressed="false" class="sc-59223abb-3 dmZGYv"><div class="sc-59223abb-2 jGESqS"><span class="content">Tác nhân</span></div></button>
2026-07-21 10:23:44 - Nút Tác nhân đã ở trạng thái TẮT (aria-pressed=false) sau khi đã chờ React load. Bỏ qua.
2026-07-21 10:23:44 - Bắt đầu cấu hình cài đặt tác nhân (Model: Nano Banana 2 Lite, Aspect: 9:16, Batch: 1x)...
2026-07-21 10:23:44 - NÚT CẤU HÌNH ĐƯỢC TÌM THẤY: ID=radix-:rn:, Text=[🍌 Nano Banana 2 Lite crop_9_16 1x]
2026-07-21 10:23:44 - ĐỐI CHIẾU CẤU HÌNH: Model=true, AspectRatio=true, BatchSize=true -> Tất cả trùng khớp: true
2026-07-21 10:23:44 - Cấu hình hiện tại ĐÃ TRÙNG KHỚP hoàn toàn với yêu cầu. BỎ QUA toàn bộ các bước mở cấu hình.
2026-07-21 10:23:44 - URL tất cả ảnh hiện tại trước khi tạo (18 ảnh): [https://labs.google/fx/api/trpc/media.getMediaUrlRedirect?name=cca98c6d-931d-4f62-a878-167b81518deb https://labs.google/fx/api/trpc/media.getMediaUrlRedirect?name=f54a89ae-28b6-468f-ba6f-d526b974d377 https://labs.google/fx/api/trpc/media.getMediaUrlRedirect?name=1ca7ca0c-153f-48a4-b57d-cd882f74cf13 https://labs.google/fx/api/trpc/media.getMediaUrlRedirect?name=fab52a22-a0c5-4443-bbf5-e10200da1f2a https://labs.google/fx/api/trpc/media.getMediaUrlRedirect?name=cb1b3956-7c18-44a6-bbfa-85da45273163 https://labs.google/fx/api/trpc/media.getMediaUrlRedirect?name=62fe9590-ec87-45d4-be0c-8b151306df4c https://labs.google/fx/api/trpc/media.getMediaUrlRedirect?name=3521289a-b9de-4dd2-8678-06390ba0020f https://labs.google/fx/api/trpc/media.getMediaUrlRedirect?name=87422d6b-5de1-465e-8552-ad2af8b67c1b https://labs.google/fx/api/trpc/media.getMediaUrlRedirect?name=47d91f89-2eb7-438c-bbb7-35662d7cb983 https://labs.google/fx/api/trpc/media.getMediaUrlRedirect?name=9e55d057-3b76-4fed-b8ad-469fa96564ae https://labs.google/fx/api/trpc/media.getMediaUrlRedirect?name=153808a0-38dc-4bc7-92bd-1403031f0c65 https://labs.google/fx/api/trpc/media.getMediaUrlRedirect?name=8bd85ae8-8ec5-4598-87ad-62553aeb11a4 https://labs.google/fx/api/trpc/media.getMediaUrlRedirect?name=eda6677f-184d-4e67-b980-6a364cec52ce https://labs.google/fx/api/trpc/media.getMediaUrlRedirect?name=ebb63475-1999-433c-b543-28cd54974ea3 https://labs.google/fx/api/trpc/media.getMediaUrlRedirect?name=0eb75512-8a7e-47a4-a931-d9818166f12b https://labs.google/fx/api/trpc/media.getMediaUrlRedirect?name=e197bc04-a15c-4d9d-9424-927556328734 https://labs.google/fx/api/trpc/media.getMediaUrlRedirect?name=b63b1070-5295-43f8-b1aa-469714d550c1 https://labs.google/fx/api/trpc/media.getMediaUrlRedirect?name=1e92ccc7-d878-4bf6-a6f1-bf698e31d3db]
2026-07-21 10:23:44 - Số lượng hình ảnh đang có trong dự án trước khi tạo: 18 ảnh
2026-07-21 10:23:44 - Phát hiện yêu cầu gửi kèm ảnh (1 ảnh). Đang dùng phương thức dán Ctrl+V (chính)...
2026-07-21 10:23:44 - Thử dán ảnh trực tiếp bằng sự kiện Ctrl+V (ClipboardEvent paste) vào ô prompt...
2026-07-21 10:23:44 - ✓ Đã gửi sự kiện Ctrl+V dán ảnh thành công!
2026-07-21 10:23:44 - Đã gửi sự kiện Ctrl+V dán ảnh thành công! Đang kiểm tra DOM cho tới khi ảnh đính kèm hoàn toàn...
2026-07-21 10:23:44 - ✓ Đã xác nhận: Thẻ ảnh đã đính kèm và load xong 100% trong ô prompt!
2026-07-21 10:23:44 - Bắt đầu điền prompt vào ô nhập liệu: 'tạo ảnh thumbnail'...
2026-07-21 10:23:46 - Đã điền prompt xong thành công!
2026-07-21 10:23:48 - Cập nhật lại danh sách URL ảnh hiện có trước khi bấm nút Gửi (16 ảnh): [https://labs.google/fx/api/trpc/media.getMediaUrlRedirect?name=cca98c6d-931d-4f62-a878-167b81518deb https://labs.google/fx/api/trpc/media.getMediaUrlRedirect?name=f54a89ae-28b6-468f-ba6f-d526b974d377 https://labs.google/fx/api/trpc/media.getMediaUrlRedirect?name=1ca7ca0c-153f-48a4-b57d-cd882f74cf13 https://labs.google/fx/api/trpc/media.getMediaUrlRedirect?name=fab52a22-a0c5-4443-bbf5-e10200da1f2a https://labs.google/fx/api/trpc/media.getMediaUrlRedirect?name=cb1b3956-7c18-44a6-bbfa-85da45273163 https://labs.google/fx/api/trpc/media.getMediaUrlRedirect?name=62fe9590-ec87-45d4-be0c-8b151306df4c https://labs.google/fx/api/trpc/media.getMediaUrlRedirect?name=3521289a-b9de-4dd2-8678-06390ba0020f https://labs.google/fx/api/trpc/media.getMediaUrlRedirect?name=87422d6b-5de1-465e-8552-ad2af8b67c1b https://labs.google/fx/api/trpc/media.getMediaUrlRedirect?name=47d91f89-2eb7-438c-bbb7-35662d7cb983 https://labs.google/fx/api/trpc/media.getMediaUrlRedirect?name=9e55d057-3b76-4fed-b8ad-469fa96564ae https://labs.google/fx/api/trpc/media.getMediaUrlRedirect?name=153808a0-38dc-4bc7-92bd-1403031f0c65 https://labs.google/fx/api/trpc/media.getMediaUrlRedirect?name=8bd85ae8-8ec5-4598-87ad-62553aeb11a4 https://labs.google/fx/api/trpc/media.getMediaUrlRedirect?name=eda6677f-184d-4e67-b980-6a364cec52ce https://labs.google/fx/api/trpc/media.getMediaUrlRedirect?name=ebb63475-1999-433c-b543-28cd54974ea3 https://labs.google/fx/api/trpc/media.getMediaUrlRedirect?name=0eb75512-8a7e-47a4-a931-d9818166f12b https://labs.google/fx/api/trpc/media.getMediaUrlRedirect?name=e197bc04-a15c-4d9d-9424-927556328734]
2026-07-21 10:23:48 - Bắt đầu thực hiện gửi prompt...
2026-07-21 10:23:48 - Thử gửi bằng phím Enter ảo...
2026-07-21 10:23:50 - Thử gửi bằng sự kiện keydown Enter (JS)...
2026-07-21 10:23:51 - Bắt đầu quét tìm nút gửi bằng JS...
2026-07-21 10:23:51 - Tiến hành click nút gửi...
2026-07-21 10:31:23 - Không có link dự án cũ hoặc không hợp lệ. Tiến hành mở trang chủ...
2026-07-21 10:31:23 - Bắt đầu mở trang Google Flow: https://labs.google/fx/vi/tools/flow
2026-07-21 10:31:24 - Đang chờ trình duyệt tải xong trang Google Flow...
2026-07-21 10:31:24 - URL hiện tại của trình duyệt (chờ load): 
2026-07-21 10:31:25 - URL hiện tại của trình duyệt (chờ load): https://labs.google/fx/vi/tools/flow
2026-07-21 10:31:26 - Bắt đầu kiểm tra trạng thái đăng nhập...
2026-07-21 10:31:26 - URL sau khi kiểm tra redirect login: https://labs.google/fx/vi/tools/flow
2026-07-21 10:31:26 - Đăng nhập thành công. Đang đóng welcome overlays nếu có...
2026-07-21 10:31:27 - Dự án cũ không hoạt động hoặc không có. Tiến hành click tạo dự án mới...
2026-07-21 10:31:27 - Đã tìm thấy nút Tạo dự án mới. Đang mô phỏng click chuột thật...
2026-07-21 10:31:28 - Đang chờ URL chuyển hướng sang '/project/'...
2026-07-21 10:31:28 - URL hiện tại của trình duyệt (chờ /project/): https://labs.google/fx/vi/tools/flow/project/68d34047-9d7d-4c5b-9cad-72d39c1b7ecb
2026-07-21 10:31:28 - Lưu link dự án mới vào settings.json: https://labs.google/fx/vi/tools/flow/project/68d34047-9d7d-4c5b-9cad-72d39c1b7ecb
2026-07-21 10:31:28 - Đã vào dự án thành công!
2026-07-21 10:31:28 - Bắt đầu quét tìm ô PromptInput...
2026-07-21 10:31:29 - Đã tìm thấy PromptInput! HTML snippet: <div role="textbox" aria-multiline="true" spellcheck="false" class="sc-a8ba1f43-0 djaQmW sc-26b30722-6 jwWpiy" data-slate-editor="true" data-slate-node="value" contenteditable="true" zindex="-1" style...
2026-07-21 10:31:29 - Kiểm tra trạng thái nút Tác nhân (Agent)...
2026-07-21 10:31:29 - Đã tìm thấy nút Tác nhân! HTML: <button type="button" aria-pressed="false" class="sc-59223abb-3 dmZGYv"><div class="sc-59223abb-2 jGESqS"><span class="content">Tác nhân</span></div></button>
2026-07-21 10:31:33 - Nút Tác nhân đã ở trạng thái TẮT (aria-pressed=false) sau khi đã chờ React load. Bỏ qua.
2026-07-21 10:31:33 - Bắt đầu cấu hình cài đặt tác nhân (Model: Nano Banana 2, Aspect: 1:1, Batch: 1x)...
2026-07-21 10:31:33 - NÚT CẤU HÌNH ĐƯỢC TÌM THẤY: ID=radix-:r27:, Text=[🍌 Nano Banana 2 Lite crop_9_16 1x]
2026-07-21 10:31:33 - ĐỐI CHIẾU CẤU HÌNH: Model=false, AspectRatio=false, BatchSize=true -> Tất cả trùng khớp: false
2026-07-21 10:31:33 - Cấu hình chưa trùng khớp (Model: false, Ratio: false, Batch: true). Tiến hành mở popover để điều chỉnh duy nhất các phần chưa đúng...
2026-07-21 10:31:33 - Mở popover cấu hình bằng cách click nút cài đặt (Human Click)...
2026-07-21 10:31:37 - Cấu hình loại media tab: IMAGE
2026-07-21 10:31:37 - DUMP BUTTONS BEFORE CONFIG: [map[ariaHasPopup: ariaLabel: class:sc-e8425ea6-0 hOBPaw sc-d3791a4f-0 sc-d3791a4f-4 sc-7cbbf1fc-2 ewGlDn famhRe jjdvrX id: text:arrow_backQuay lại title: visible:true] map[ariaHasPopup:menu ariaLabel: class:sc-e8425ea6-0 hOBPaw sc-d3791a4f-0 sc-d3791a4f-4 sc-26aa1721-3 ewGlDn famhRe dUDRen id:radix-:r1j: text:more_vertTuỳ chọn khác title: visible:true] map[ariaHasPopup: ariaLabel: class:sc-e8425ea6-0 hOBPaw sc-d3791a4f-0 sc-d3791a4f-4 sc-eed1ec57-2 ewGlDn famhRe jceYol id: text:searchTìm kiếm title: visible:true] map[ariaHasPopup:menu ariaLabel: class:sc-16c4830a-1 dnFqQq sc-e7a64add-0 sc-e7a64add-2 fPutAP blvbdy sc-98525c58-8 iQjEOG id:radix-:r1l: text:filter_listSắp xếp và lọc title: visible:true] map[ariaHasPopup:menu ariaLabel: class:sc-e8425ea6-0 hOBPaw sc-d3791a4f-0 sc-d3791a4f-4 sc-5c4c0aea-1 ewGlDn famhRe eqhuae id:radix-:r1n: text:addThêm nội dung nghe nhìn title: visible:true] map[ariaHasPopup: ariaLabel: class:sc-e8425ea6-0 hOBPaw sc-d3791a4f-0 sc-d3791a4f-4 sc-51397942-2 ewGlDn famhRe kCsEmL id: text:helpTrợ giúp về sản phẩm title: visible:true] map[ariaHasPopup:menu ariaLabel: class:sc-e8425ea6-0 hOBPaw sc-d3791a4f-0 sc-d3791a4f-4 sc-a4925f7f-6 ewGlDn famhRe gdBgFb id:radix-:r1r: text:settings_2Cài đặt chế độ xem title: visible:true] map[ariaHasPopup:menu ariaLabel: class:sc-e8425ea6-0 hOBPaw sc-d3791a4f-0 sc-d3791a4f-4 sc-4fec6fdf-1 ewGlDn famhRe lokAjc id:radix-:r1u: text:more_vertKhác title: visible:true] map[ariaHasPopup: ariaLabel: class:sc-a14123c8-0 iNGyoc id: text:ULTRA title: visible:true] map[ariaHasPopup: ariaLabel: class:sc-e8425ea6-0 hOBPaw sc-d3791a4f-0 sc-d3791a4f-5 sc-3ce961f7-0 sc-7e7bc024-0 ewGlDn lnCuH fqbaql jcMEtI id: text:dashboardTất cả nội dung nghe nhìn title: visible:true] map[ariaHasPopup: ariaLabel: class:sc-e8425ea6-0 hOBPaw sc-d3791a4f-0 sc-d3791a4f-5 sc-3ce961f7-0 ewGlDn hGbzYr fqbaql id: text:accessibility_newNhân vật title: visible:true] map[ariaHasPopup: ariaLabel: class:sc-e8425ea6-0 hOBPaw sc-d3791a4f-0 sc-d3791a4f-5 sc-3ce961f7-0 ewGlDn hGbzYr fqbaql id: text:movieXem các cảnh title: visible:true] map[ariaHasPopup: ariaLabel: class:sc-e8425ea6-0 hOBPaw sc-d3791a4f-0 sc-d3791a4f-5 sc-3ce961f7-0 ewGlDn hGbzYr fqbaql id: text:apps_spark_2Công cụ title: visible:true] map[ariaHasPopup: ariaLabel: class:sc-e8425ea6-0 hOBPaw sc-d3791a4f-0 sc-d3791a4f-5 sc-3ce961f7-0 ewGlDn hGbzYr fqbaql id: text:deleteXem thùng rác title: visible:true] map[ariaHasPopup: ariaLabel: class:sc-e8425ea6-0 hOBPaw sc-d3791a4f-0 sc-d3791a4f-5 sc-3ce961f7-0 ewGlDn hGbzYr fqbaql id: text:left_panel_openMở rộng title: visible:true] map[ariaHasPopup: ariaLabel: class:sc-16c4830a-1 dnFqQq sc-e7a64add-0 sc-e7a64add-2 fPutAP blvbdy sc-d393a63f-6 gAGkIl id: text:Chữ lấp lánh phong cách NouveauChữ "Flow" được tạo từ đá quý, kim cương, ngọc bích, ngọc lục bảo, ngọc trai trên khung kim loại màu bạc, nền đen, kiểu chữ được kết xuất 3D theo hướng nghệ thuật. Đảm bảo dùng cùng một phông chữ, kiểu chữ trang nhã lấy cảm hứng từ phong cách Nouveau thập niên 1890, được kết xuất bằng công nghệ dò tia 3D. title: visible:true] map[ariaHasPopup: ariaLabel: class:sc-16c4830a-1 dnFqQq sc-e7a64add-0 sc-e7a64add-2 fPutAP blvbdy sc-d393a63f-6 gzpixc id: text:Tạo một câu chuyệnGiúp tôi xây dựng một câu chuyện bằng cách trực quan hoá các lựa chọn khác nhau, tạo một bảng phân cảnh, rồi dựa vào đó tạo một số khung hình và đoạn video. Hãy đặt câu hỏi để hướng dẫn tôi xây dựng câu chuyện. title: visible:true] map[ariaHasPopup: ariaLabel: class:sc-16c4830a-1 dnFqQq sc-e7a64add-0 sc-e7a64add-2 fPutAP blvbdy sc-d393a63f-6 gzpixc id: text:Xây dựng một thế giớiGiúp tôi xây dựng một thế giới để sáng tạo trong dự án này, sao cho tôi có thể tạo ra các kết quả nhất quán và chất lượng cao. Hãy đặt câu hỏi để giúp tôi bắt đầu tạo nhân vật, bối cảnh, đạo cụ, v.v., đồng thời hướng dẫn tôi cách tạo và sắp xếp những yếu tố này. title: visible:true] map[ariaHasPopup:dialog ariaLabel: class:sc-e8425ea6-0 hOBPaw sc-d3791a4f-0 sc-d3791a4f-4 sc-253cad92-0 ewGlDn famhRe joSmHx id: text:add_2Tạo title: visible:true] map[ariaHasPopup: ariaLabel: class:sc-59223abb-3 dmZGYv id: text:Tác nhân title: visible:true] map[ariaHasPopup:menu ariaLabel: class:sc-16c4830a-1 dnFqQq sc-e7a64add-0 sc-e7a64add-1 fPutAP jmLZrS sc-93abd9dc-1 ldbhld id:radix-:r27: text:🍌 Nano Banana 2 Litecrop_9_161x title: visible:true] map[ariaHasPopup: ariaLabel: class:sc-e8425ea6-0 hOBPaw sc-d3791a4f-0 sc-d3791a4f-4 sc-26b30722-5 ewGlDn famhRe jDvIwb id: text:arrow_forwardTạo title: visible:true] map[ariaHasPopup: ariaLabel: class:sc-eb68e7f-2 jrTHnf flow_tab_slider_trigger id:radix-:r2t:-trigger-IMAGE text:imageHình ảnh title: visible:true] map[ariaHasPopup: ariaLabel: class:sc-eb68e7f-2 jrTHnf flow_tab_slider_trigger id:radix-:r2t:-trigger-VIDEO text:play_circleVideo title: visible:true] map[ariaHasPopup: ariaLabel: class:sc-eb68e7f-2 dNQytQ flow_tab_slider_trigger id:radix-:r30:-trigger-LANDSCAPE text:crop_16_916:9 title: visible:true] map[ariaHasPopup: ariaLabel: class:sc-eb68e7f-2 dNQytQ flow_tab_slider_trigger id:radix-:r30:-trigger-LANDSCAPE_4_3 text:crop_landscape4:3 title: visible:true] map[ariaHasPopup: ariaLabel: class:sc-eb68e7f-2 dNQytQ flow_tab_slider_trigger id:radix-:r30:-trigger-SQUARE text:crop_square1:1 title: visible:true] map[ariaHasPopup: ariaLabel: class:sc-eb68e7f-2 dNQytQ flow_tab_slider_trigger id:radix-:r30:-trigger-PORTRAIT_3_4 text:crop_portrait3:4 title: visible:true] map[ariaHasPopup: ariaLabel: class:sc-eb68e7f-2 dNQytQ flow_tab_slider_trigger id:radix-:r30:-trigger-PORTRAIT text:crop_9_169:16 title: visible:true] map[ariaHasPopup: ariaLabel: class:sc-eb68e7f-2 DoEQM flow_tab_slider_trigger id:radix-:r36:-trigger-1 text:1x title: visible:true] map[ariaHasPopup: ariaLabel: class:sc-eb68e7f-2 DoEQM flow_tab_slider_trigger id:radix-:r36:-trigger-2 text:x2 title: visible:true] map[ariaHasPopup: ariaLabel: class:sc-eb68e7f-2 DoEQM flow_tab_slider_trigger id:radix-:r36:-trigger-3 text:x3 title: visible:true] map[ariaHasPopup: ariaLabel: class:sc-eb68e7f-2 DoEQM flow_tab_slider_trigger id:radix-:r36:-trigger-4 text:x4 title: visible:true] map[ariaHasPopup:menu ariaLabel: class:sc-16c4830a-1 dnFqQq sc-e7a64add-0 sc-e7a64add-1 fPutAP jmLZrS sc-3f41cc92-1 eaVRLg id:radix-:r3b: text:🍌 Nano Banana 2 Litearrow_drop_down title: visible:true]]
2026-07-21 10:31:39 - Cấu hình tỷ lệ khung hình: 1:1 (chỉnh lại vì chưa trùng khớp)
2026-07-21 10:31:41 - Số lượng Batch Size (1x) đã đúng sẵn, bỏ qua không chỉnh lại.
2026-07-21 10:31:41 - Cấu hình Model: Nano Banana 2 (chỉnh lại vì chưa trùng khớp)
2026-07-21 10:31:45 - Đóng hộp thoại cấu hình tác nhân...
2026-07-21 10:31:45 - Đóng hộp thoại cấu hình tác nhân bằng cách click lại nút cài đặt...
2026-07-21 10:31:48 - URL tất cả ảnh hiện tại trước khi tạo (0 ảnh): []
2026-07-21 10:31:48 - Số lượng hình ảnh đang có trong dự án trước khi tạo: 0 ảnh
2026-07-21 10:31:48 - Phát hiện yêu cầu gửi kèm ảnh (1 ảnh). Hover và Focus vào ô prompt trước khi dán...
2026-07-21 10:31:49 - Thử dán ảnh trực tiếp bằng sự kiện Ctrl+V (ClipboardEvent paste) vào ô prompt...
2026-07-21 10:31:50 - ✓ Đã gửi sự kiện Ctrl+V dán ảnh thành công!
2026-07-21 10:31:50 - Đã gửi lệnh dán ảnh! Đang chờ DOM tải xong 100%!((MISSING)hết % loading)...
2026-07-21 10:31:58 - ✓ Đã xác nhận: Thẻ ảnh đã đính kèm và load xong 100% trong ô prompt!
2026-07-21 10:32:01 - Bắt đầu điền prompt vào ô nhập liệu: 'tạo thumbail vui nhộn'...
2026-07-21 10:44:34 - Phát hiện link dự án cũ đã lưu: https://labs.google/fx/vi/tools/flow/project/68d34047-9d7d-4c5b-9cad-72d39c1b7ecb. Tiến hành mở dự án này...
2026-07-21 10:44:34 - Bắt đầu mở trang Google Flow: https://labs.google/fx/vi/tools/flow/project/68d34047-9d7d-4c5b-9cad-72d39c1b7ecb
2026-07-21 10:44:35 - Đang chờ trình duyệt tải xong trang Google Flow...
2026-07-21 10:44:35 - URL hiện tại của trình duyệt (chờ load): 
2026-07-21 10:44:35 - URL hiện tại của trình duyệt (chờ load): https://labs.google/fx/vi/tools/flow/project/68d34047-9d7d-4c5b-9cad-72d39c1b7ecb
2026-07-21 10:44:38 - Bắt đầu kiểm tra trạng thái đăng nhập...
2026-07-21 10:44:38 - URL sau khi kiểm tra redirect login: https://labs.google/fx/vi/tools/flow/project/68d34047-9d7d-4c5b-9cad-72d39c1b7ecb
2026-07-21 10:44:38 - Đăng nhập thành công. Đang đóng welcome overlays nếu có...
2026-07-21 10:44:38 - Xác minh dự án cũ có hoạt động bình thường không...
2026-07-21 10:44:38 - Số lượng hình ảnh hiện có trong dự án cũ: 3
2026-07-21 10:44:38 - Dự án cũ hoạt động bình thường! Tiếp tục sử dụng.
2026-07-21 10:44:38 - Đã vào dự án thành công!
2026-07-21 10:44:38 - Bắt đầu quét tìm ô PromptInput...
2026-07-21 10:44:38 - Đã tìm thấy PromptInput! HTML snippet: <div role="textbox" aria-multiline="true" spellcheck="false" class="sc-a8ba1f43-0 djaQmW sc-26b30722-6 jwWpiy" data-slate-editor="true" data-slate-node="value" contenteditable="true" zindex="-1" style...
2026-07-21 10:44:38 - Kiểm tra trạng thái nút Tác nhân (Agent)...
2026-07-21 10:44:38 - Đã tìm thấy nút Tác nhân! HTML: <button type="button" aria-pressed="false" class="sc-59223abb-3 dmZGYv"><div class="sc-59223abb-2 jGESqS"><span class="content">Tác nhân</span></div></button>
2026-07-21 10:44:42 - Nút Tác nhân đã ở trạng thái TẮT (aria-pressed=false) sau khi đã chờ React load. Bỏ qua.
2026-07-21 10:44:42 - Bắt đầu cấu hình cài đặt tác nhân (Model: Nano Banana 2, Aspect: 1:1, Batch: 1x)...
2026-07-21 10:44:42 - NÚT CẤU HÌNH ĐƯỢC TÌM THẤY: ID=radix-:rn:, Text=[🍌 Nano Banana 2 crop_square 1x]
2026-07-21 10:44:42 - ĐỐI CHIẾU CẤU HÌNH: Model=true, AspectRatio=true, BatchSize=true -> Tất cả trùng khớp: true
2026-07-21 10:44:42 - Cấu hình hiện tại ĐÃ TRÙNG KHỚP hoàn toàn với yêu cầu. BỎ QUA toàn bộ các bước mở cấu hình.
2026-07-21 10:44:42 - URL tất cả ảnh hiện tại trước khi tạo (3 ảnh): [https://labs.google/fx/api/trpc/media.getMediaUrlRedirect?name=4f38c55b-3540-45e6-8d9e-03aeeeada81e https://labs.google/fx/api/trpc/media.getMediaUrlRedirect?name=9b0d8f51-40e1-4be6-9d53-12a80a5da04c https://labs.google/fx/api/trpc/media.getMediaUrlRedirect?name=bdf16d00-bd43-41b3-9e31-b9b0dbffa914]
2026-07-21 10:44:42 - Số lượng hình ảnh đang có trong dự án trước khi tạo: 3 ảnh
2026-07-21 10:44:42 - Phát hiện yêu cầu gửi kèm ảnh (1 ảnh). Đang nạp vào Clipboard Windows và bấm Ctrl+V thật...
2026-07-21 10:44:42 - Đang nạp ảnh vào Clipboard hệ thống Windows: D:\Downloads\thumbnails\thumb_clip_10_9.jpg...
2026-07-21 10:44:43 - ✓ Đã nạp ảnh vào Clipboard hệ thống Windows thành công!
2026-07-21 10:44:44 - Đang bấm phím Ctrl+V thật từ bàn phím hệ thống qua KeyActions CDP...
2026-07-21 10:44:45 - Đã bấm Ctrl+V! Đang chờ DOM tải xong 100%!((MISSING)thẻ ảnh hiển thị trong ô prompt)...
2026-07-21 10:44:59 - ✓ Đã xác nhận: Thẻ ảnh đã đính kèm và load xong 100% trong ô prompt!
2026-07-21 10:45:02 - Bắt đầu điền prompt vào ô nhập liệu: 'tạo thumbnail'...
2026-07-21 10:50:00 - Phát hiện link dự án cũ đã lưu: https://labs.google/fx/vi/tools/flow/project/68d34047-9d7d-4c5b-9cad-72d39c1b7ecb. Tiến hành mở dự án này...
2026-07-21 10:50:00 - Bắt đầu mở trang Google Flow: https://labs.google/fx/vi/tools/flow/project/68d34047-9d7d-4c5b-9cad-72d39c1b7ecb
2026-07-21 10:50:01 - Đang chờ trình duyệt tải xong trang Google Flow...
2026-07-21 10:50:01 - URL hiện tại của trình duyệt (chờ load): 
2026-07-21 10:50:01 - URL hiện tại của trình duyệt (chờ load): https://labs.google/fx/vi/tools/flow/project/68d34047-9d7d-4c5b-9cad-72d39c1b7ecb
2026-07-21 10:50:04 - Bắt đầu kiểm tra trạng thái đăng nhập...
2026-07-21 10:50:04 - URL sau khi kiểm tra redirect login: https://labs.google/fx/vi/tools/flow/project/68d34047-9d7d-4c5b-9cad-72d39c1b7ecb
2026-07-21 10:50:04 - Đăng nhập thành công. Đang đóng welcome overlays nếu có...
2026-07-21 10:50:04 - Xác minh dự án cũ có hoạt động bình thường không...
2026-07-21 10:50:04 - Số lượng hình ảnh hiện có trong dự án cũ: 4
2026-07-21 10:50:04 - Dự án cũ hoạt động bình thường! Tiếp tục sử dụng.
2026-07-21 10:50:04 - Đã vào dự án thành công!
2026-07-21 10:50:04 - Bắt đầu quét tìm ô PromptInput...
2026-07-21 10:50:04 - Đã tìm thấy PromptInput! HTML snippet: <div role="textbox" aria-multiline="true" spellcheck="false" class="sc-a8ba1f43-0 djaQmW sc-26b30722-6 jwWpiy" data-slate-editor="true" data-slate-node="value" contenteditable="true" zindex="-1" style...
2026-07-21 10:50:04 - Kiểm tra trạng thái nút Tác nhân (Agent)...
2026-07-21 10:50:04 - Đã tìm thấy nút Tác nhân! HTML: <button type="button" aria-pressed="false" class="sc-59223abb-3 dmZGYv"><div class="sc-59223abb-2 jGESqS"><span class="content">Tác nhân</span></div></button>
2026-07-21 10:50:08 - Nút Tác nhân đã ở trạng thái TẮT (aria-pressed=false) sau khi đã chờ React load. Bỏ qua.
2026-07-21 10:50:08 - Bắt đầu cấu hình cài đặt tác nhân (Model: Nano Banana 2, Aspect: 1:1, Batch: 1x)...
2026-07-21 10:50:08 - NÚT CẤU HÌNH ĐƯỢC TÌM THẤY: ID=radix-:rn:, Text=[🍌 Nano Banana 2 crop_square 1x]
2026-07-21 10:50:08 - ĐỐI CHIẾU CẤU HÌNH: Model=true, AspectRatio=true, BatchSize=true -> Tất cả trùng khớp: true
2026-07-21 10:50:08 - Cấu hình hiện tại ĐÃ TRÙNG KHỚP hoàn toàn với yêu cầu. BỎ QUA toàn bộ các bước mở cấu hình.
2026-07-21 10:50:08 - URL tất cả ảnh hiện tại trước khi tạo (4 ảnh): [https://labs.google/fx/api/trpc/media.getMediaUrlRedirect?name=04ded411-9795-4f21-86dc-8214a3345048 https://labs.google/fx/api/trpc/media.getMediaUrlRedirect?name=4f38c55b-3540-45e6-8d9e-03aeeeada81e https://labs.google/fx/api/trpc/media.getMediaUrlRedirect?name=9b0d8f51-40e1-4be6-9d53-12a80a5da04c https://labs.google/fx/api/trpc/media.getMediaUrlRedirect?name=bdf16d00-bd43-41b3-9e31-b9b0dbffa914]
2026-07-21 10:50:08 - Số lượng hình ảnh đang có trong dự án trước khi tạo: 4 ảnh
2026-07-21 10:50:08 - Phát hiện yêu cầu gửi kèm ảnh (1 ảnh). Đang nạp vào Clipboard Windows và bấm Ctrl+V thật...
2026-07-21 10:50:08 - Đang nạp ảnh vào Clipboard hệ thống Windows: D:\Downloads\thumbnails\thumb_clip_10_9.jpg...
2026-07-21 10:50:08 - ✓ Đã nạp ảnh vào Clipboard hệ thống Windows thành công!
2026-07-21 10:50:09 - Đang bấm phím Ctrl+V thật từ bàn phím hệ thống qua KeyActions CDP...
2026-07-21 10:50:10 - Đã bấm Ctrl+V! Đang chờ DOM tải xong 100%!((MISSING)thẻ ảnh hiển thị trong ô prompt)...
2026-07-21 10:50:24 - ✓ Đã xác nhận: Thẻ ảnh đã đính kèm và load xong 100% trong ô prompt!
2026-07-21 10:50:27 - Bắt đầu điền prompt vào ô nhập liệu: 'tạo thumbnail'...
2026-07-21 10:50:27 - Đã điền prompt xong thành công!
2026-07-21 10:50:29 - Bắt đầu thực hiện gửi prompt...
2026-07-21 10:50:29 - Thử gửi bằng phím Enter ảo...
2026-07-21 10:50:30 - Thử gửi bằng sự kiện keydown Enter (JS)...
2026-07-21 10:50:32 - Bắt đầu quét tìm nút gửi bằng JS...
2026-07-21 10:50:32 - Tiến hành click nút gửi...
2026-07-21 10:50:36 - Đang chờ Google AI tạo xong hình ảnh... (Đã chờ 2 giây)
2026-07-21 10:50:36 - Phát hiện nhóm ảnh mới đã sinh xong! Số lượng mới sinh: 1 ảnh. URL: [https://labs.google/fx/api/trpc/media.getMediaUrlRedirect?name=f9256d88-a06e-4985-86b4-b66795d078d2]
2026-07-21 10:50:40 - Tìm thấy nhóm ảnh mới sinh thành công! Số lượng: 1
2026-07-21 10:50:40 - Tổng số lượng hình ảnh đang có trong dự án: 5
2026-07-21 10:50:40 - Đang chuyển đổi ảnh 1/1 sang Base64 (URL: https://labs.google/fx/api/trpc/media.getMediaUrlRedirect?name=f9256d88-a06e-4985-86b4-b66795d078d2)...
2026-07-21 10:50:40 - Đang gửi yêu cầu chọn ảnh lên UI...
2026-07-21 10:55:50 - Phát hiện link dự án cũ đã lưu: https://labs.google/fx/vi/tools/flow/project/68d34047-9d7d-4c5b-9cad-72d39c1b7ecb. Tiến hành mở dự án này...
2026-07-21 10:55:50 - Bắt đầu mở trang Google Flow: https://labs.google/fx/vi/tools/flow/project/68d34047-9d7d-4c5b-9cad-72d39c1b7ecb
2026-07-21 10:55:51 - Đang chờ trình duyệt tải xong trang Google Flow...
2026-07-21 10:55:51 - URL hiện tại của trình duyệt (chờ load): 
2026-07-21 10:55:51 - URL hiện tại của trình duyệt (chờ load): https://labs.google/fx/vi/tools/flow/project/68d34047-9d7d-4c5b-9cad-72d39c1b7ecb
2026-07-21 10:55:54 - Bắt đầu kiểm tra trạng thái đăng nhập...
2026-07-21 10:55:54 - URL sau khi kiểm tra redirect login: https://labs.google/fx/vi/tools/flow/project/68d34047-9d7d-4c5b-9cad-72d39c1b7ecb
2026-07-21 10:55:54 - Đăng nhập thành công. Đang đóng welcome overlays nếu có...
2026-07-21 10:55:54 - Xác minh dự án cũ có hoạt động bình thường không...
2026-07-21 10:55:54 - Số lượng hình ảnh hiện có trong dự án cũ: 5
2026-07-21 10:55:54 - Dự án cũ hoạt động bình thường! Tiếp tục sử dụng.
2026-07-21 10:55:54 - Đã vào dự án thành công!
2026-07-21 10:55:54 - Bắt đầu quét tìm ô PromptInput...
2026-07-21 10:55:54 - Đã tìm thấy PromptInput! HTML snippet: <div role="textbox" aria-multiline="true" spellcheck="false" class="sc-a8ba1f43-0 djaQmW sc-26b30722-6 jwWpiy" data-slate-editor="true" data-slate-node="value" contenteditable="true" zindex="-1" style...
2026-07-21 10:55:54 - Kiểm tra trạng thái nút Tác nhân (Agent)...
2026-07-21 10:55:54 - Đã tìm thấy nút Tác nhân! HTML: <button type="button" aria-pressed="false" class="sc-59223abb-3 dmZGYv"><div class="sc-59223abb-2 jGESqS"><span class="content">Tác nhân</span></div></button>
2026-07-21 10:55:58 - Nút Tác nhân đã ở trạng thái TẮT (aria-pressed=false) sau khi đã chờ React load. Bỏ qua.
2026-07-21 10:55:58 - Bắt đầu cấu hình cài đặt tác nhân (Model: Nano Banana 2, Aspect: 1:1, Batch: 1x)...
2026-07-21 10:55:58 - NÚT CẤU HÌNH ĐƯỢC TÌM THẤY: ID=radix-:rn:, Text=[🍌 Nano Banana 2 crop_square 1x]
2026-07-21 10:55:58 - ĐỐI CHIẾU CẤU HÌNH: Model=true, AspectRatio=true, BatchSize=true -> Tất cả trùng khớp: true
2026-07-21 10:55:58 - Cấu hình hiện tại ĐÃ TRÙNG KHỚP hoàn toàn với yêu cầu. BỎ QUA toàn bộ các bước mở cấu hình.
2026-07-21 10:55:58 - URL tất cả ảnh hiện tại trước khi tạo (5 ảnh): [https://labs.google/fx/api/trpc/media.getMediaUrlRedirect?name=f9256d88-a06e-4985-86b4-b66795d078d2 https://labs.google/fx/api/trpc/media.getMediaUrlRedirect?name=04ded411-9795-4f21-86dc-8214a3345048 https://labs.google/fx/api/trpc/media.getMediaUrlRedirect?name=4f38c55b-3540-45e6-8d9e-03aeeeada81e https://labs.google/fx/api/trpc/media.getMediaUrlRedirect?name=9b0d8f51-40e1-4be6-9d53-12a80a5da04c https://labs.google/fx/api/trpc/media.getMediaUrlRedirect?name=bdf16d00-bd43-41b3-9e31-b9b0dbffa914]
2026-07-21 10:55:58 - Số lượng hình ảnh đang có trong dự án trước khi tạo: 5 ảnh
2026-07-21 10:55:58 - Phát hiện yêu cầu gửi kèm ảnh (1 ảnh). Đang nạp vào Clipboard Windows và bấm Ctrl+V thật...
2026-07-21 10:55:58 - Đang nạp ảnh vào Clipboard hệ thống Windows: D:\Downloads\thumbnails\thumb_clip_10_9.jpg...
2026-07-21 10:55:58 - ✓ Đã nạp ảnh vào Clipboard hệ thống Windows thành công!
2026-07-21 10:56:00 - Đang bấm phím Ctrl+V thật từ bàn phím hệ thống qua KeyActions CDP...
2026-07-21 10:56:01 - Đã bấm Ctrl+V! Đang chờ DOM tải xong 100%!((MISSING)thẻ ảnh hiển thị trong ô prompt)...
2026-07-21 10:56:14 - ✓ Đã xác nhận: Thẻ ảnh đã đính kèm và load xong 100% trong ô prompt!
2026-07-21 10:56:17 - Bắt đầu điền prompt vào ô nhập liệu: 'tạo thumbnail '...
2026-07-21 10:56:18 - Đã điền prompt xong thành công!
2026-07-21 10:56:20 - Cập nhật lại danh sách URL ảnh hiện có trước khi bấm Gửi (7 ảnh): [https://labs.google/fx/api/trpc/media.getMediaUrlRedirect?name=da65ebb7-9995-4631-be2e-08d2d51170e8 https://labs.google/fx/api/trpc/media.getMediaUrlRedirect?name=f9256d88-a06e-4985-86b4-b66795d078d2 https://labs.google/fx/api/trpc/media.getMediaUrlRedirect?name=04ded411-9795-4f21-86dc-8214a3345048 https://labs.google/fx/api/trpc/media.getMediaUrlRedirect?name=4f38c55b-3540-45e6-8d9e-03aeeeada81e https://labs.google/fx/api/trpc/media.getMediaUrlRedirect?name=9b0d8f51-40e1-4be6-9d53-12a80a5da04c https://labs.google/fx/api/trpc/media.getMediaUrlRedirect?name=bdf16d00-bd43-41b3-9e31-b9b0dbffa914 https://labs.google/fx/api/trpc/media.getMediaUrlRedirect?name=da65ebb7-9995-4631-be2e-08d2d51170e8]
2026-07-21 10:56:20 - Bắt đầu thực hiện gửi prompt...
2026-07-21 10:56:20 - Thử gửi bằng phím Enter ảo...
2026-07-21 10:56:21 - Thử gửi bằng sự kiện keydown Enter (JS)...
2026-07-21 10:56:22 - Bắt đầu quét tìm nút gửi bằng JS...
2026-07-21 10:56:22 - Tiến hành click nút gửi...
2026-07-21 10:56:26 - Đang chờ Google AI tạo xong hình ảnh... (Đã chờ 2 giây)
2026-07-21 11:04:34 - Phát hiện link dự án cũ đã lưu: https://labs.google/fx/vi/tools/flow/project/68d34047-9d7d-4c5b-9cad-72d39c1b7ecb. Tiến hành mở dự án này...
2026-07-21 11:04:34 - Bắt đầu mở trang Google Flow: https://labs.google/fx/vi/tools/flow/project/68d34047-9d7d-4c5b-9cad-72d39c1b7ecb
2026-07-21 11:04:35 - Đang chờ trình duyệt tải xong trang Google Flow...
2026-07-21 11:04:35 - URL hiện tại của trình duyệt (chờ load): 
2026-07-21 11:04:35 - URL hiện tại của trình duyệt (chờ load): https://labs.google/fx/vi/tools/flow/project/68d34047-9d7d-4c5b-9cad-72d39c1b7ecb
2026-07-21 11:04:37 - Bắt đầu kiểm tra trạng thái đăng nhập...
2026-07-21 11:04:37 - URL sau khi kiểm tra redirect login: https://labs.google/fx/vi/tools/flow/project/68d34047-9d7d-4c5b-9cad-72d39c1b7ecb
2026-07-21 11:04:37 - Đăng nhập thành công. Đang đóng welcome overlays nếu có...
2026-07-21 11:04:38 - Xác minh dự án cũ có hoạt động bình thường không...
2026-07-21 11:04:38 - Số lượng hình ảnh hiện có trong dự án cũ: 6
2026-07-21 11:04:38 - Dự án cũ hoạt động bình thường! Tiếp tục sử dụng.
2026-07-21 11:04:38 - Đã vào dự án thành công!
2026-07-21 11:04:38 - Bắt đầu quét tìm ô PromptInput...
2026-07-21 11:04:38 - Đã tìm thấy PromptInput! HTML snippet: <div role="textbox" aria-multiline="true" spellcheck="false" class="sc-a8ba1f43-0 djaQmW sc-26b30722-6 jwWpiy" data-slate-editor="true" data-slate-node="value" contenteditable="true" zindex="-1" style...
2026-07-21 11:04:38 - Kiểm tra trạng thái nút Tác nhân (Agent)...
2026-07-21 11:04:38 - Đã tìm thấy nút Tác nhân! HTML: <button type="button" aria-pressed="false" class="sc-59223abb-3 dmZGYv"><div class="sc-59223abb-2 jGESqS"><span class="content">Tác nhân</span></div></button>
2026-07-21 11:04:42 - Nút Tác nhân đã ở trạng thái TẮT (aria-pressed=false) sau khi đã chờ React load. Bỏ qua.
2026-07-21 11:04:42 - Bắt đầu cấu hình cài đặt tác nhân (Model: Nano Banana 2, Aspect: 9:16, Batch: 1x)...
2026-07-21 11:04:42 - NÚT CẤU HÌNH ĐƯỢC TÌM THẤY: ID=radix-:rn:, Text=[🍌 Nano Banana 2 crop_square 1x]
2026-07-21 11:04:42 - ĐỐI CHIẾU CẤU HÌNH: Model=true, AspectRatio=false, BatchSize=true -> Tất cả trùng khớp: false
2026-07-21 11:04:42 - Cấu hình chưa trùng khớp (Model: true, Ratio: false, Batch: true). Tiến hành mở popover để điều chỉnh duy nhất các phần chưa đúng...
2026-07-21 11:04:42 - Mở popover cấu hình bằng cách click nút cài đặt (Human Click)...
2026-07-21 11:04:46 - Cấu hình loại media tab: IMAGE
2026-07-21 11:04:46 - DUMP BUTTONS BEFORE CONFIG: [map[ariaHasPopup: ariaLabel: class:sc-e8425ea6-0 hOBPaw sc-d3791a4f-0 sc-d3791a4f-4 sc-7cbbf1fc-2 ewGlDn famhRe jjdvrX id: text:arrow_backQuay lại title: visible:true] map[ariaHasPopup:menu ariaLabel: class:sc-e8425ea6-0 hOBPaw sc-d3791a4f-0 sc-d3791a4f-4 sc-26aa1721-3 ewGlDn famhRe dUDRen id:radix-:r3: text:more_vertTuỳ chọn khác title: visible:true] map[ariaHasPopup: ariaLabel: class:sc-e8425ea6-0 hOBPaw sc-d3791a4f-0 sc-d3791a4f-4 sc-eed1ec57-2 ewGlDn famhRe jceYol id: text:searchTìm kiếm title: visible:true] map[ariaHasPopup:menu ariaLabel: class:sc-16c4830a-1 dnFqQq sc-e7a64add-0 sc-e7a64add-2 fPutAP blvbdy sc-98525c58-8 iQjEOG id:radix-:r5: text:filter_listSắp xếp và lọc title: visible:true] map[ariaHasPopup:menu ariaLabel: class:sc-e8425ea6-0 hOBPaw sc-d3791a4f-0 sc-d3791a4f-4 sc-5c4c0aea-1 ewGlDn famhRe eqhuae id:radix-:r7: text:addThêm nội dung nghe nhìn title: visible:true] map[ariaHasPopup: ariaLabel: class:sc-e8425ea6-0 hOBPaw sc-d3791a4f-0 sc-d3791a4f-4 sc-51397942-2 ewGlDn famhRe kCsEmL id: text:helpTrợ giúp về sản phẩm title: visible:true] map[ariaHasPopup:menu ariaLabel: class:sc-e8425ea6-0 hOBPaw sc-d3791a4f-0 sc-d3791a4f-4 sc-a4925f7f-6 ewGlDn famhRe gdBgFb id:radix-:rb: text:settings_2Cài đặt chế độ xem title: visible:true] map[ariaHasPopup:menu ariaLabel: class:sc-e8425ea6-0 hOBPaw sc-d3791a4f-0 sc-d3791a4f-4 sc-4fec6fdf-1 ewGlDn famhRe lokAjc id:radix-:re: text:more_vertKhác title: visible:true] map[ariaHasPopup: ariaLabel: class:sc-a14123c8-0 iNGyoc id: text:ULTRA title: visible:true] map[ariaHasPopup: ariaLabel: class:sc-e8425ea6-0 hOBPaw sc-d3791a4f-0 sc-d3791a4f-5 sc-3ce961f7-0 sc-7e7bc024-0 ewGlDn lnCuH fqbaql jcMEtI id: text:dashboardTất cả nội dung nghe nhìn title: visible:true] map[ariaHasPopup: ariaLabel: class:sc-e8425ea6-0 hOBPaw sc-d3791a4f-0 sc-d3791a4f-5 sc-3ce961f7-0 ewGlDn hGbzYr fqbaql id: text:imageXem hình ảnh title: visible:true] map[ariaHasPopup: ariaLabel: class:sc-e8425ea6-0 hOBPaw sc-d3791a4f-0 sc-d3791a4f-5 sc-3ce961f7-0 ewGlDn hGbzYr fqbaql id: text:accessibility_newNhân vật title: visible:true] map[ariaHasPopup: ariaLabel: class:sc-e8425ea6-0 hOBPaw sc-d3791a4f-0 sc-d3791a4f-5 sc-3ce961f7-0 ewGlDn hGbzYr fqbaql id: text:movieXem các cảnh title: visible:true] map[ariaHasPopup: ariaLabel: class:sc-e8425ea6-0 hOBPaw sc-d3791a4f-0 sc-d3791a4f-5 sc-3ce961f7-0 ewGlDn hGbzYr fqbaql id: text:drive_folder_uploadXem nội dung nghe nhìn đã tải lên title: visible:true] map[ariaHasPopup: ariaLabel: class:sc-e8425ea6-0 hOBPaw sc-d3791a4f-0 sc-d3791a4f-5 sc-3ce961f7-0 ewGlDn hGbzYr fqbaql id: text:apps_spark_2Công cụ title: visible:true] map[ariaHasPopup: ariaLabel: class:sc-e8425ea6-0 hOBPaw sc-d3791a4f-0 sc-d3791a4f-5 sc-3ce961f7-0 ewGlDn hGbzYr fqbaql id: text:deleteXem thùng rác title: visible:true] map[ariaHasPopup: ariaLabel: class:sc-e8425ea6-0 hOBPaw sc-d3791a4f-0 sc-d3791a4f-5 sc-3ce961f7-0 ewGlDn hGbzYr fqbaql id: text:left_panel_openMở rộng title: visible:true] map[ariaHasPopup:dialog ariaLabel: class:sc-e8425ea6-0 hOBPaw sc-d3791a4f-0 sc-d3791a4f-4 sc-253cad92-0 ewGlDn famhRe joSmHx id: text:add_2Tạo title: visible:true] map[ariaHasPopup: ariaLabel: class:sc-59223abb-3 dmZGYv id: text:Tác nhân title: visible:true] map[ariaHasPopup:menu ariaLabel: class:sc-16c4830a-1 dnFqQq sc-e7a64add-0 sc-e7a64add-1 fPutAP jmLZrS sc-93abd9dc-1 ldbhld id:radix-:rn: text:🍌 Nano Banana 2crop_square1x title: visible:true] map[ariaHasPopup: ariaLabel: class:sc-e8425ea6-0 hOBPaw sc-d3791a4f-0 sc-d3791a4f-4 sc-26b30722-5 ewGlDn famhRe jDvIwb id: text:arrow_forwardTạo title: visible:true] map[ariaHasPopup: ariaLabel: class:sc-eb68e7f-2 jrTHnf flow_tab_slider_trigger id:radix-:r1r:-trigger-IMAGE text:imageHình ảnh title: visible:true] map[ariaHasPopup: ariaLabel: class:sc-eb68e7f-2 jrTHnf flow_tab_slider_trigger id:radix-:r1r:-trigger-VIDEO text:play_circleVideo title: visible:true] map[ariaHasPopup: ariaLabel: class:sc-eb68e7f-2 dNQytQ flow_tab_slider_trigger id:radix-:r1u:-trigger-LANDSCAPE text:crop_16_916:9 title: visible:true] map[ariaHasPopup: ariaLabel: class:sc-eb68e7f-2 dNQytQ flow_tab_slider_trigger id:radix-:r1u:-trigger-LANDSCAPE_4_3 text:crop_landscape4:3 title: visible:true] map[ariaHasPopup: ariaLabel: class:sc-eb68e7f-2 dNQytQ flow_tab_slider_trigger id:radix-:r1u:-trigger-SQUARE text:crop_square1:1 title: visible:true] map[ariaHasPopup: ariaLabel: class:sc-eb68e7f-2 dNQytQ flow_tab_slider_trigger id:radix-:r1u:-trigger-PORTRAIT_3_4 text:crop_portrait3:4 title: visible:true] map[ariaHasPopup: ariaLabel: class:sc-eb68e7f-2 dNQytQ flow_tab_slider_trigger id:radix-:r1u:-trigger-PORTRAIT text:crop_9_169:16 title: visible:true] map[ariaHasPopup: ariaLabel: class:sc-eb68e7f-2 DoEQM flow_tab_slider_trigger id:radix-:r24:-trigger-1 text:1x title: visible:true] map[ariaHasPopup: ariaLabel: class:sc-eb68e7f-2 DoEQM flow_tab_slider_trigger id:radix-:r24:-trigger-2 text:x2 title: visible:true] map[ariaHasPopup: ariaLabel: class:sc-eb68e7f-2 DoEQM flow_tab_slider_trigger id:radix-:r24:-trigger-3 text:x3 title: visible:true] map[ariaHasPopup: ariaLabel: class:sc-eb68e7f-2 DoEQM flow_tab_slider_trigger id:radix-:r24:-trigger-4 text:x4 title: visible:true] map[ariaHasPopup:menu ariaLabel: class:sc-16c4830a-1 dnFqQq sc-e7a64add-0 sc-e7a64add-1 fPutAP jmLZrS sc-3f41cc92-1 eaVRLg id:radix-:r29: text:🍌 Nano Banana 2arrow_drop_down title: visible:true]]
2026-07-21 11:04:48 - Cấu hình tỷ lệ khung hình: 9:16 (chỉnh lại vì chưa trùng khớp)
2026-07-21 11:04:50 - Số lượng Batch Size (1x) đã đúng sẵn, bỏ qua không chỉnh lại.
2026-07-21 11:04:50 - Model (Nano Banana 2) đã đúng sẵn, bỏ qua không chỉnh lại.
2026-07-21 11:04:50 - Đóng hộp thoại cấu hình tác nhân...
2026-07-21 11:04:50 - Đóng hộp thoại cấu hình tác nhân bằng cách click lại nút cài đặt...
2026-07-21 11:04:52 - URL tất cả ảnh hiện tại trước khi tạo (6 ảnh): [https://labs.google/fx/api/trpc/media.getMediaUrlRedirect?name=da65ebb7-9995-4631-be2e-08d2d51170e8 https://labs.google/fx/api/trpc/media.getMediaUrlRedirect?name=f9256d88-a06e-4985-86b4-b66795d078d2 https://labs.google/fx/api/trpc/media.getMediaUrlRedirect?name=04ded411-9795-4f21-86dc-8214a3345048 https://labs.google/fx/api/trpc/media.getMediaUrlRedirect?name=4f38c55b-3540-45e6-8d9e-03aeeeada81e https://labs.google/fx/api/trpc/media.getMediaUrlRedirect?name=9b0d8f51-40e1-4be6-9d53-12a80a5da04c https://labs.google/fx/api/trpc/media.getMediaUrlRedirect?name=bdf16d00-bd43-41b3-9e31-b9b0dbffa914]
2026-07-21 11:04:52 - Số lượng hình ảnh đang có trong dự án trước khi tạo: 6 ảnh
2026-07-21 11:04:52 - Bắt đầu điền prompt vào ô nhập liệu: 'tạo ảnh thumbnail'...
2026-07-21 11:08:31 - Phát hiện link dự án cũ đã lưu: https://labs.google/fx/vi/tools/flow/project/68d34047-9d7d-4c5b-9cad-72d39c1b7ecb. Tiến hành mở dự án này...
2026-07-21 11:08:31 - Bắt đầu mở trang Google Flow: https://labs.google/fx/vi/tools/flow/project/68d34047-9d7d-4c5b-9cad-72d39c1b7ecb
2026-07-21 11:08:31 - Đang chờ trình duyệt tải xong trang Google Flow...
2026-07-21 11:08:31 - URL hiện tại của trình duyệt (chờ load): 
2026-07-21 11:08:32 - URL hiện tại của trình duyệt (chờ load): https://labs.google/fx/vi/tools/flow/project/68d34047-9d7d-4c5b-9cad-72d39c1b7ecb
2026-07-21 11:08:34 - Bắt đầu kiểm tra trạng thái đăng nhập...
2026-07-21 11:08:34 - URL sau khi kiểm tra redirect login: https://labs.google/fx/vi/tools/flow/project/68d34047-9d7d-4c5b-9cad-72d39c1b7ecb
2026-07-21 11:08:34 - Đăng nhập thành công. Đang đóng welcome overlays nếu có...
2026-07-21 11:08:35 - Xác minh dự án cũ có hoạt động bình thường không...
2026-07-21 11:08:35 - Số lượng hình ảnh hiện có trong dự án cũ: 6
2026-07-21 11:08:35 - Dự án cũ hoạt động bình thường! Tiếp tục sử dụng.
2026-07-21 11:08:35 - Đã vào dự án thành công!
2026-07-21 11:08:35 - Bắt đầu quét tìm ô PromptInput...
2026-07-21 11:08:35 - Đã tìm thấy PromptInput! HTML snippet: <div role="textbox" aria-multiline="true" spellcheck="false" class="sc-a8ba1f43-0 djaQmW sc-26b30722-6 jwWpiy" data-slate-editor="true" data-slate-node="value" contenteditable="true" zindex="-1" style...
2026-07-21 11:08:35 - Kiểm tra trạng thái nút Tác nhân (Agent)...
2026-07-21 11:08:37 - Đã tìm thấy nút Tác nhân! HTML: <button type="button" aria-pressed="false" class="sc-59223abb-3 dmZGYv"><div class="sc-59223abb-2 jGESqS"><span class="content">Tác nhân</span></div></button>
2026-07-21 11:08:40 - Nút Tác nhân đã ở trạng thái TẮT (aria-pressed=false) sau khi đã chờ React load. Bỏ qua.
2026-07-21 11:08:40 - Bắt đầu cấu hình cài đặt tác nhân (Model: Nano Banana 2, Aspect: 9:16, Batch: 1x)...
2026-07-21 11:08:40 - NÚT CẤU HÌNH ĐƯỢC TÌM THẤY: ID=radix-:rn:, Text=[🍌 Nano Banana 2 crop_square 1x]
2026-07-21 11:08:40 - ĐỐI CHIẾU CẤU HÌNH: Model=true, AspectRatio=false, BatchSize=true -> Tất cả trùng khớp: false
2026-07-21 11:08:40 - Cấu hình chưa trùng khớp (Model: true, Ratio: false, Batch: true). Tiến hành mở popover để điều chỉnh duy nhất các phần chưa đúng...
2026-07-21 11:08:40 - Mở popover cấu hình bằng cách click nút cài đặt (Human Click)...
2026-07-21 11:08:44 - Cấu hình loại media tab: IMAGE
2026-07-21 11:08:44 - DUMP BUTTONS BEFORE CONFIG: [map[ariaHasPopup: ariaLabel: class:sc-e8425ea6-0 hOBPaw sc-d3791a4f-0 sc-d3791a4f-4 sc-7cbbf1fc-2 ewGlDn famhRe jjdvrX id: text:arrow_backQuay lại title: visible:true] map[ariaHasPopup:menu ariaLabel: class:sc-e8425ea6-0 hOBPaw sc-d3791a4f-0 sc-d3791a4f-4 sc-26aa1721-3 ewGlDn famhRe dUDRen id:radix-:r3: text:more_vertTuỳ chọn khác title: visible:true] map[ariaHasPopup: ariaLabel: class:sc-e8425ea6-0 hOBPaw sc-d3791a4f-0 sc-d3791a4f-4 sc-eed1ec57-2 ewGlDn famhRe jceYol id: text:searchTìm kiếm title: visible:true] map[ariaHasPopup:menu ariaLabel: class:sc-16c4830a-1 dnFqQq sc-e7a64add-0 sc-e7a64add-2 fPutAP blvbdy sc-98525c58-8 iQjEOG id:radix-:r5: text:filter_listSắp xếp và lọc title: visible:true] map[ariaHasPopup:menu ariaLabel: class:sc-e8425ea6-0 hOBPaw sc-d3791a4f-0 sc-d3791a4f-4 sc-5c4c0aea-1 ewGlDn famhRe eqhuae id:radix-:r7: text:addThêm nội dung nghe nhìn title: visible:true] map[ariaHasPopup: ariaLabel: class:sc-e8425ea6-0 hOBPaw sc-d3791a4f-0 sc-d3791a4f-4 sc-51397942-2 ewGlDn famhRe kCsEmL id: text:helpTrợ giúp về sản phẩm title: visible:true] map[ariaHasPopup:menu ariaLabel: class:sc-e8425ea6-0 hOBPaw sc-d3791a4f-0 sc-d3791a4f-4 sc-a4925f7f-6 ewGlDn famhRe gdBgFb id:radix-:rb: text:settings_2Cài đặt chế độ xem title: visible:true] map[ariaHasPopup:menu ariaLabel: class:sc-e8425ea6-0 hOBPaw sc-d3791a4f-0 sc-d3791a4f-4 sc-4fec6fdf-1 ewGlDn famhRe lokAjc id:radix-:re: text:more_vertKhác title: visible:true] map[ariaHasPopup: ariaLabel: class:sc-a14123c8-0 iNGyoc id: text:ULTRA title: visible:true] map[ariaHasPopup: ariaLabel: class:sc-e8425ea6-0 hOBPaw sc-d3791a4f-0 sc-d3791a4f-5 sc-3ce961f7-0 sc-7e7bc024-0 ewGlDn lnCuH fqbaql jcMEtI id: text:dashboardTất cả nội dung nghe nhìn title: visible:true] map[ariaHasPopup: ariaLabel: class:sc-e8425ea6-0 hOBPaw sc-d3791a4f-0 sc-d3791a4f-5 sc-3ce961f7-0 ewGlDn hGbzYr fqbaql id: text:imageXem hình ảnh title: visible:true] map[ariaHasPopup: ariaLabel: class:sc-e8425ea6-0 hOBPaw sc-d3791a4f-0 sc-d3791a4f-5 sc-3ce961f7-0 ewGlDn hGbzYr fqbaql id: text:accessibility_newNhân vật title: visible:true] map[ariaHasPopup: ariaLabel: class:sc-e8425ea6-0 hOBPaw sc-d3791a4f-0 sc-d3791a4f-5 sc-3ce961f7-0 ewGlDn hGbzYr fqbaql id: text:movieXem các cảnh title: visible:true] map[ariaHasPopup: ariaLabel: class:sc-e8425ea6-0 hOBPaw sc-d3791a4f-0 sc-d3791a4f-5 sc-3ce961f7-0 ewGlDn hGbzYr fqbaql id: text:drive_folder_uploadXem nội dung nghe nhìn đã tải lên title: visible:true] map[ariaHasPopup: ariaLabel: class:sc-e8425ea6-0 hOBPaw sc-d3791a4f-0 sc-d3791a4f-5 sc-3ce961f7-0 ewGlDn hGbzYr fqbaql id: text:apps_spark_2Công cụ title: visible:true] map[ariaHasPopup: ariaLabel: class:sc-e8425ea6-0 hOBPaw sc-d3791a4f-0 sc-d3791a4f-5 sc-3ce961f7-0 ewGlDn hGbzYr fqbaql id: text:deleteXem thùng rác title: visible:true] map[ariaHasPopup: ariaLabel: class:sc-e8425ea6-0 hOBPaw sc-d3791a4f-0 sc-d3791a4f-5 sc-3ce961f7-0 ewGlDn hGbzYr fqbaql id: text:left_panel_openMở rộng title: visible:true] map[ariaHasPopup: ariaLabel: class:sc-e8425ea6-0 hOBPaw sc-d3791a4f-0 sc-d3791a4f-4 sc-d3791a4f-6 sc-afb29c84-2 ewGlDn famhRe kkTxKe glBdvh id: text:favoriteYêu thích title: visible:true] map[ariaHasPopup:menu ariaLabel: class:sc-e8425ea6-0 hOBPaw sc-d3791a4f-0 sc-d3791a4f-4 sc-d3791a4f-6 sc-afb29c84-2 ewGlDn famhRe kkTxKe glBdvh id:radix-:r2j: text:more_vertKhác title: visible:true] map[ariaHasPopup:dialog ariaLabel: class:sc-e8425ea6-0 hOBPaw sc-d3791a4f-0 sc-d3791a4f-4 sc-253cad92-0 ewGlDn famhRe joSmHx id: text:add_2Tạo title: visible:true] map[ariaHasPopup: ariaLabel: class:sc-59223abb-3 dmZGYv id: text:Tác nhân title: visible:true] map[ariaHasPopup:menu ariaLabel: class:sc-16c4830a-1 dnFqQq sc-e7a64add-0 sc-e7a64add-1 fPutAP jmLZrS sc-93abd9dc-1 ldbhld id:radix-:rn: text:🍌 Nano Banana 2crop_square1x title: visible:true] map[ariaHasPopup: ariaLabel: class:sc-e8425ea6-0 hOBPaw sc-d3791a4f-0 sc-d3791a4f-4 sc-26b30722-5 ewGlDn famhRe jDvIwb id: text:arrow_forwardTạo title: visible:true] map[ariaHasPopup: ariaLabel: class:sc-eb68e7f-2 jrTHnf flow_tab_slider_trigger id:radix-:r20:-trigger-IMAGE text:imageHình ảnh title: visible:true] map[ariaHasPopup: ariaLabel: class:sc-eb68e7f-2 jrTHnf flow_tab_slider_trigger id:radix-:r20:-trigger-VIDEO text:play_circleVideo title: visible:true] map[ariaHasPopup: ariaLabel: class:sc-eb68e7f-2 dNQytQ flow_tab_slider_trigger id:radix-:r23:-trigger-LANDSCAPE text:crop_16_916:9 title: visible:true] map[ariaHasPopup: ariaLabel: class:sc-eb68e7f-2 dNQytQ flow_tab_slider_trigger id:radix-:r23:-trigger-LANDSCAPE_4_3 text:crop_landscape4:3 title: visible:true] map[ariaHasPopup: ariaLabel: class:sc-eb68e7f-2 dNQytQ flow_tab_slider_trigger id:radix-:r23:-trigger-SQUARE text:crop_square1:1 title: visible:true] map[ariaHasPopup: ariaLabel: class:sc-eb68e7f-2 dNQytQ flow_tab_slider_trigger id:radix-:r23:-trigger-PORTRAIT_3_4 text:crop_portrait3:4 title: visible:true] map[ariaHasPopup: ariaLabel: class:sc-eb68e7f-2 dNQytQ flow_tab_slider_trigger id:radix-:r23:-trigger-PORTRAIT text:crop_9_169:16 title: visible:true] map[ariaHasPopup: ariaLabel: class:sc-eb68e7f-2 DoEQM flow_tab_slider_trigger id:radix-:r29:-trigger-1 text:1x title: visible:true] map[ariaHasPopup: ariaLabel: class:sc-eb68e7f-2 DoEQM flow_tab_slider_trigger id:radix-:r29:-trigger-2 text:x2 title: visible:true] map[ariaHasPopup: ariaLabel: class:sc-eb68e7f-2 DoEQM flow_tab_slider_trigger id:radix-:r29:-trigger-3 text:x3 title: visible:true] map[ariaHasPopup: ariaLabel: class:sc-eb68e7f-2 DoEQM flow_tab_slider_trigger id:radix-:r29:-trigger-4 text:x4 title: visible:true] map[ariaHasPopup:menu ariaLabel: class:sc-16c4830a-1 dnFqQq sc-e7a64add-0 sc-e7a64add-1 fPutAP jmLZrS sc-3f41cc92-1 eaVRLg id:radix-:r2e: text:🍌 Nano Banana 2arrow_drop_down title: visible:true]]
2026-07-21 11:08:46 - Cấu hình tỷ lệ khung hình: 9:16 (chỉnh lại vì chưa trùng khớp)
2026-07-21 11:08:48 - Số lượng Batch Size (1x) đã đúng sẵn, bỏ qua không chỉnh lại.
2026-07-21 11:08:48 - Model (Nano Banana 2) đã đúng sẵn, bỏ qua không chỉnh lại.
2026-07-21 11:08:48 - Đóng hộp thoại cấu hình tác nhân...
2026-07-21 11:08:48 - Đóng hộp thoại cấu hình tác nhân bằng cách click lại nút cài đặt...
2026-07-21 11:08:50 - URL tất cả ảnh hiện tại trước khi tạo (6 ảnh): [https://labs.google/fx/api/trpc/media.getMediaUrlRedirect?name=da65ebb7-9995-4631-be2e-08d2d51170e8 https://labs.google/fx/api/trpc/media.getMediaUrlRedirect?name=f9256d88-a06e-4985-86b4-b66795d078d2 https://labs.google/fx/api/trpc/media.getMediaUrlRedirect?name=04ded411-9795-4f21-86dc-8214a3345048 https://labs.google/fx/api/trpc/media.getMediaUrlRedirect?name=4f38c55b-3540-45e6-8d9e-03aeeeada81e https://labs.google/fx/api/trpc/media.getMediaUrlRedirect?name=9b0d8f51-40e1-4be6-9d53-12a80a5da04c https://labs.google/fx/api/trpc/media.getMediaUrlRedirect?name=bdf16d00-bd43-41b3-9e31-b9b0dbffa914]
2026-07-21 11:08:50 - Số lượng hình ảnh đang có trong dự án trước khi tạo: 6 ảnh
2026-07-21 11:08:50 - Phát hiện yêu cầu gửi kèm ảnh (1 ảnh). Đang nạp vào Clipboard Windows và bấm Ctrl+V thật...
2026-07-21 11:08:50 - Đang nạp ảnh vào Clipboard hệ thống Windows: D:\Downloads\thumbnails\thumb_clip_10_9.jpg...
2026-07-21 11:08:51 - ✓ Đã nạp ảnh vào Clipboard hệ thống Windows thành công!
2026-07-21 11:08:52 - Đang bấm phím Ctrl+V thật từ bàn phím hệ thống qua KeyActions CDP...
2026-07-21 11:08:53 - Đã bấm Ctrl+V! Đang chờ DOM tải xong 100%!((MISSING)thẻ ảnh hiển thị trong ô prompt)...
2026-07-21 11:09:07 - ✓ Đã xác nhận: Thẻ ảnh đã đính kèm và load xong 100% trong ô prompt!
2026-07-21 11:09:10 - Bắt đầu điền prompt vào ô nhập liệu: 'tạo thumbnail'...
2026-07-21 11:09:10 - Đã điền prompt xong thành công!
2026-07-21 11:09:12 - Cập nhật lại danh sách URL ảnh hiện có trước khi bấm Gửi (8 ảnh): [https://labs.google/fx/api/trpc/media.getMediaUrlRedirect?name=c9505893-1cb6-4c6b-a842-ddb38716702b https://labs.google/fx/api/trpc/media.getMediaUrlRedirect?name=da65ebb7-9995-4631-be2e-08d2d51170e8 https://labs.google/fx/api/trpc/media.getMediaUrlRedirect?name=f9256d88-a06e-4985-86b4-b66795d078d2 https://labs.google/fx/api/trpc/media.getMediaUrlRedirect?name=04ded411-9795-4f21-86dc-8214a3345048 https://labs.google/fx/api/trpc/media.getMediaUrlRedirect?name=4f38c55b-3540-45e6-8d9e-03aeeeada81e https://labs.google/fx/api/trpc/media.getMediaUrlRedirect?name=9b0d8f51-40e1-4be6-9d53-12a80a5da04c https://labs.google/fx/api/trpc/media.getMediaUrlRedirect?name=bdf16d00-bd43-41b3-9e31-b9b0dbffa914 https://labs.google/fx/api/trpc/media.getMediaUrlRedirect?name=c9505893-1cb6-4c6b-a842-ddb38716702b]
2026-07-21 11:09:12 - Bắt đầu thực hiện gửi prompt...
2026-07-21 11:09:12 - Thử gửi bằng phím Enter ảo...
2026-07-21 11:09:13 - Thử gửi bằng sự kiện keydown Enter (JS)...
2026-07-21 11:09:15 - Bắt đầu quét tìm nút gửi bằng JS...
2026-07-21 11:09:15 - Tiến hành click nút gửi...
2026-07-21 11:09:19 - Đang chờ Google AI tạo xong hình ảnh... (Đã chờ 2 giây)
2026-07-21 11:09:31 - Phát hiện link dự án cũ đã lưu: https://labs.google/fx/vi/tools/flow/project/68d34047-9d7d-4c5b-9cad-72d39c1b7ecb. Tiến hành mở dự án này...
2026-07-21 11:09:31 - Bắt đầu mở trang Google Flow: https://labs.google/fx/vi/tools/flow/project/68d34047-9d7d-4c5b-9cad-72d39c1b7ecb
2026-07-21 11:09:31 - Đang chờ trình duyệt tải xong trang Google Flow...
2026-07-21 11:09:31 - URL hiện tại của trình duyệt (chờ load): 
2026-07-21 11:09:32 - URL hiện tại của trình duyệt (chờ load): https://labs.google/fx/vi/tools/flow/project/68d34047-9d7d-4c5b-9cad-72d39c1b7ecb
2026-07-21 11:09:34 - Bắt đầu kiểm tra trạng thái đăng nhập...
2026-07-21 11:09:34 - URL sau khi kiểm tra redirect login: https://labs.google/fx/vi/tools/flow/project/68d34047-9d7d-4c5b-9cad-72d39c1b7ecb
2026-07-21 11:09:34 - Đăng nhập thành công. Đang đóng welcome overlays nếu có...
2026-07-21 11:09:35 - Xác minh dự án cũ có hoạt động bình thường không...
2026-07-21 11:09:35 - Số lượng hình ảnh hiện có trong dự án cũ: 7
2026-07-21 11:09:35 - Dự án cũ hoạt động bình thường! Tiếp tục sử dụng.
2026-07-21 11:09:35 - Đã vào dự án thành công!
2026-07-21 11:09:35 - Bắt đầu quét tìm ô PromptInput...
2026-07-21 11:09:35 - Đã tìm thấy PromptInput! HTML snippet: <div role="textbox" aria-multiline="true" spellcheck="false" class="sc-a8ba1f43-0 djaQmW sc-26b30722-6 jwWpiy" data-slate-editor="true" data-slate-node="value" contenteditable="true" zindex="-1" style...
2026-07-21 11:09:35 - Kiểm tra trạng thái nút Tác nhân (Agent)...
2026-07-21 11:09:35 - Đã tìm thấy nút Tác nhân! HTML: <button type="button" aria-pressed="false" class="sc-59223abb-3 dmZGYv"><div class="sc-59223abb-2 jGESqS"><span class="content">Tác nhân</span></div></button>
2026-07-21 11:09:38 - Nút Tác nhân đã ở trạng thái TẮT (aria-pressed=false) sau khi đã chờ React load. Bỏ qua.
2026-07-21 11:09:38 - Bắt đầu cấu hình cài đặt tác nhân (Model: Nano Banana 2, Aspect: 9:16, Batch: 1x)...
2026-07-21 11:09:38 - NÚT CẤU HÌNH ĐƯỢC TÌM THẤY: ID=radix-:rn:, Text=[🍌 Nano Banana 2 crop_9_16 1x]
2026-07-21 11:09:38 - ĐỐI CHIẾU CẤU HÌNH: Model=true, AspectRatio=true, BatchSize=true -> Tất cả trùng khớp: true
2026-07-21 11:09:38 - Cấu hình hiện tại ĐÃ TRÙNG KHỚP hoàn toàn với yêu cầu. BỎ QUA toàn bộ các bước mở cấu hình.
2026-07-21 11:09:38 - URL tất cả ảnh hiện tại trước khi tạo (7 ảnh): [https://labs.google/fx/api/trpc/media.getMediaUrlRedirect?name=c9505893-1cb6-4c6b-a842-ddb38716702b https://labs.google/fx/api/trpc/media.getMediaUrlRedirect?name=da65ebb7-9995-4631-be2e-08d2d51170e8 https://labs.google/fx/api/trpc/media.getMediaUrlRedirect?name=f9256d88-a06e-4985-86b4-b66795d078d2 https://labs.google/fx/api/trpc/media.getMediaUrlRedirect?name=04ded411-9795-4f21-86dc-8214a3345048 https://labs.google/fx/api/trpc/media.getMediaUrlRedirect?name=4f38c55b-3540-45e6-8d9e-03aeeeada81e https://labs.google/fx/api/trpc/media.getMediaUrlRedirect?name=9b0d8f51-40e1-4be6-9d53-12a80a5da04c https://labs.google/fx/api/trpc/media.getMediaUrlRedirect?name=bdf16d00-bd43-41b3-9e31-b9b0dbffa914]
2026-07-21 11:09:38 - Số lượng hình ảnh đang có trong dự án trước khi tạo: 7 ảnh
2026-07-21 11:09:38 - Bắt đầu điền prompt vào ô nhập liệu: 'tạo thumbnail'...
2026-07-21 11:09:39 - Đã điền prompt xong thành công!
2026-07-21 11:09:41 - Cập nhật lại danh sách URL ảnh hiện có trước khi bấm Gửi (7 ảnh): [https://labs.google/fx/api/trpc/media.getMediaUrlRedirect?name=c9505893-1cb6-4c6b-a842-ddb38716702b https://labs.google/fx/api/trpc/media.getMediaUrlRedirect?name=da65ebb7-9995-4631-be2e-08d2d51170e8 https://labs.google/fx/api/trpc/media.getMediaUrlRedirect?name=f9256d88-a06e-4985-86b4-b66795d078d2 https://labs.google/fx/api/trpc/media.getMediaUrlRedirect?name=04ded411-9795-4f21-86dc-8214a3345048 https://labs.google/fx/api/trpc/media.getMediaUrlRedirect?name=4f38c55b-3540-45e6-8d9e-03aeeeada81e https://labs.google/fx/api/trpc/media.getMediaUrlRedirect?name=9b0d8f51-40e1-4be6-9d53-12a80a5da04c https://labs.google/fx/api/trpc/media.getMediaUrlRedirect?name=bdf16d00-bd43-41b3-9e31-b9b0dbffa914]
2026-07-21 11:09:41 - Bắt đầu thực hiện gửi prompt...
2026-07-21 11:09:41 - Thử gửi bằng phím Enter ảo...
2026-07-21 11:09:42 - Thử gửi bằng sự kiện keydown Enter (JS)...
2026-07-21 11:09:44 - Bắt đầu quét tìm nút gửi bằng JS...
2026-07-21 11:09:44 - Tiến hành click nút gửi...
2026-07-21 11:09:48 - Đang chờ Google AI tạo xong hình ảnh... (Đã chờ 2 giây)
2026-07-21 11:09:54 - Đang chờ Google AI tạo xong hình ảnh... (Đã chờ 8 giây)
2026-07-21 11:10:00 - Đang chờ Google AI tạo xong hình ảnh... (Đã chờ 14 giây)
2026-07-21 11:10:06 - Đang chờ Google AI tạo xong hình ảnh... (Đã chờ 20 giây)
2026-07-21 11:10:12 - Đang chờ Google AI tạo xong hình ảnh... (Đã chờ 26 giây)
2026-07-21 11:10:14 - Phát hiện nhóm ảnh mới đã sinh xong! Số lượng mới sinh: 1 ảnh. URL: [https://labs.google/fx/api/trpc/media.getMediaUrlRedirect?name=1ed79d13-3a54-421a-bae3-7acea194140a]
2026-07-21 11:10:18 - Tìm thấy nhóm ảnh mới sinh thành công! Số lượng: 1
2026-07-21 11:10:18 - Tổng số lượng hình ảnh đang có trong dự án: 8
2026-07-21 11:10:18 - Đang chuyển đổi ảnh 1/1 sang Base64 (URL: https://labs.google/fx/api/trpc/media.getMediaUrlRedirect?name=1ed79d13-3a54-421a-bae3-7acea194140a)...
2026-07-21 11:10:18 - Đang gửi yêu cầu chọn ảnh lên UI...
2026-07-21 11:10:21 - Đã nhận được danh sách ảnh được chọn từ UI: [0]
2026-07-21 11:10:21 - Đang tải hình ảnh được chọn thứ 1/1 (chỉ mục trong nhóm: 0)...
2026-07-21 11:10:26 - Đang chọn độ phân giải 1K cho ảnh thứ 1/1...
2026-07-21 11:10:26 - Đã click chọn độ phân giải 1K. Đang chờ file được tải về máy...
2026-07-21 11:10:27 - Tải ảnh thứ 1/1 thành công (1K): D:\CongTy\ToolCatVideoNgan\videodacat\a.jpg
2026-07-21 11:17:12 - Phát hiện link dự án cũ đã lưu: https://labs.google/fx/vi/tools/flow/project/68d34047-9d7d-4c5b-9cad-72d39c1b7ecb. Tiến hành mở dự án này...
2026-07-21 11:17:12 - Bắt đầu mở trang Google Flow: https://labs.google/fx/vi/tools/flow/project/68d34047-9d7d-4c5b-9cad-72d39c1b7ecb
2026-07-21 11:17:12 - Đang chờ trình duyệt tải xong trang Google Flow...
2026-07-21 11:17:12 - URL hiện tại của trình duyệt (chờ load): 
2026-07-21 11:17:12 - URL hiện tại của trình duyệt (chờ load): https://labs.google/fx/vi/tools/flow/project/68d34047-9d7d-4c5b-9cad-72d39c1b7ecb
2026-07-21 11:17:15 - Bắt đầu kiểm tra trạng thái đăng nhập...
2026-07-21 11:17:15 - URL sau khi kiểm tra redirect login: https://labs.google/fx/vi/tools/flow/project/68d34047-9d7d-4c5b-9cad-72d39c1b7ecb
2026-07-21 11:17:15 - Đăng nhập thành công. Đang đóng welcome overlays nếu có...
2026-07-21 11:17:15 - Xác minh dự án cũ có hoạt động bình thường không...
2026-07-21 11:17:15 - Số lượng hình ảnh hiện có trong dự án cũ: 9
2026-07-21 11:17:15 - Dự án cũ hoạt động bình thường! Tiếp tục sử dụng.
2026-07-21 11:17:15 - Đã vào dự án thành công!
2026-07-21 11:17:15 - Bắt đầu quét tìm ô PromptInput...
2026-07-21 11:17:15 - Đã tìm thấy PromptInput! HTML snippet: <div role="textbox" aria-multiline="true" spellcheck="false" class="sc-a8ba1f43-0 djaQmW sc-26b30722-6 jwWpiy" data-slate-editor="true" data-slate-node="value" contenteditable="true" zindex="-1" style...
2026-07-21 11:17:15 - Kiểm tra trạng thái nút Tác nhân (Agent)...
2026-07-21 11:17:15 - Đã tìm thấy nút Tác nhân! HTML: <button type="button" aria-pressed="false" class="sc-59223abb-3 dmZGYv"><div class="sc-59223abb-2 jGESqS"><span class="content">Tác nhân</span></div></button>
2026-07-21 11:17:19 - Nút Tác nhân đã ở trạng thái TẮT (aria-pressed=false) sau khi đã chờ React load. Bỏ qua.
2026-07-21 11:17:19 - Bắt đầu cấu hình cài đặt tác nhân (Model: Nano Banana 2, Aspect: 9:16, Batch: 1x)...
2026-07-21 11:17:19 - NÚT CẤU HÌNH ĐƯỢC TÌM THẤY: ID=radix-:rn:, Text=[🍌 Nano Banana 2 crop_9_16 1x]
2026-07-21 11:17:19 - ĐỐI CHIẾU CẤU HÌNH: Model=true, AspectRatio=true, BatchSize=true -> Tất cả trùng khớp: true
2026-07-21 11:17:19 - Cấu hình hiện tại ĐÃ TRÙNG KHỚP hoàn toàn với yêu cầu. BỎ QUA toàn bộ các bước mở cấu hình.
2026-07-21 11:17:19 - URL tất cả ảnh hiện tại trước khi tạo (9 ảnh): [https://labs.google/fx/api/trpc/media.getMediaUrlRedirect?name=4b2f8b20-d630-42fe-8e08-b04c59a859e4 https://labs.google/fx/api/trpc/media.getMediaUrlRedirect?name=1ed79d13-3a54-421a-bae3-7acea194140a https://labs.google/fx/api/trpc/media.getMediaUrlRedirect?name=c9505893-1cb6-4c6b-a842-ddb38716702b https://labs.google/fx/api/trpc/media.getMediaUrlRedirect?name=da65ebb7-9995-4631-be2e-08d2d51170e8 https://labs.google/fx/api/trpc/media.getMediaUrlRedirect?name=f9256d88-a06e-4985-86b4-b66795d078d2 https://labs.google/fx/api/trpc/media.getMediaUrlRedirect?name=04ded411-9795-4f21-86dc-8214a3345048 https://labs.google/fx/api/trpc/media.getMediaUrlRedirect?name=4f38c55b-3540-45e6-8d9e-03aeeeada81e https://labs.google/fx/api/trpc/media.getMediaUrlRedirect?name=9b0d8f51-40e1-4be6-9d53-12a80a5da04c https://labs.google/fx/api/trpc/media.getMediaUrlRedirect?name=bdf16d00-bd43-41b3-9e31-b9b0dbffa914]
2026-07-21 11:17:19 - Số lượng hình ảnh đang có trong dự án trước khi tạo: 9 ảnh
2026-07-21 11:17:19 - Phát hiện yêu cầu gửi kèm ảnh (1 ảnh). Đang nạp vào Clipboard Windows và bấm Ctrl+V thật...
2026-07-21 11:17:19 - Đang nạp ảnh vào Clipboard hệ thống Windows: D:\Downloads\thumbnails\thumb_clip_4_3.jpg...
2026-07-21 11:17:19 - ✓ Đã nạp ảnh vào Clipboard hệ thống Windows thành công!
2026-07-21 11:17:21 - Đang bấm phím Ctrl+V thật từ bàn phím hệ thống qua KeyActions CDP...
2026-07-21 11:17:21 - Đã bấm Ctrl+V! Đang chờ DOM tải xong 100%!((MISSING)thẻ ảnh hiển thị trong ô prompt)...
2026-07-21 11:17:35 - ✓ Đã xác nhận: Thẻ ảnh đã đính kèm và load xong 100% trong ô prompt!
2026-07-21 11:17:38 - Bắt đầu điền prompt vào ô nhập liệu: 'ádasdaâ'...
2026-07-21 11:17:39 - Đã điền prompt xong thành công!
2026-07-21 11:17:41 - Cập nhật lại danh sách URL ảnh hiện có trước khi bấm Gửi (11 ảnh): [https://labs.google/fx/api/trpc/media.getMediaUrlRedirect?name=419539ec-5db9-4538-b9fc-37bc5886abee https://labs.google/fx/api/trpc/media.getMediaUrlRedirect?name=4b2f8b20-d630-42fe-8e08-b04c59a859e4 https://labs.google/fx/api/trpc/media.getMediaUrlRedirect?name=1ed79d13-3a54-421a-bae3-7acea194140a https://labs.google/fx/api/trpc/media.getMediaUrlRedirect?name=c9505893-1cb6-4c6b-a842-ddb38716702b https://labs.google/fx/api/trpc/media.getMediaUrlRedirect?name=da65ebb7-9995-4631-be2e-08d2d51170e8 https://labs.google/fx/api/trpc/media.getMediaUrlRedirect?name=f9256d88-a06e-4985-86b4-b66795d078d2 https://labs.google/fx/api/trpc/media.getMediaUrlRedirect?name=04ded411-9795-4f21-86dc-8214a3345048 https://labs.google/fx/api/trpc/media.getMediaUrlRedirect?name=4f38c55b-3540-45e6-8d9e-03aeeeada81e https://labs.google/fx/api/trpc/media.getMediaUrlRedirect?name=9b0d8f51-40e1-4be6-9d53-12a80a5da04c https://labs.google/fx/api/trpc/media.getMediaUrlRedirect?name=bdf16d00-bd43-41b3-9e31-b9b0dbffa914 https://labs.google/fx/api/trpc/media.getMediaUrlRedirect?name=419539ec-5db9-4538-b9fc-37bc5886abee]
2026-07-21 11:17:41 - Bắt đầu thực hiện gửi prompt...
2026-07-21 11:17:41 - Thử gửi bằng phím Enter ảo...
2026-07-21 11:17:42 - Thử gửi bằng sự kiện keydown Enter (JS)...
2026-07-21 11:17:43 - Bắt đầu quét tìm nút gửi bằng JS...
2026-07-21 11:17:43 - Tiến hành click nút gửi...
2026-07-21 11:17:47 - Đang chờ Google AI tạo xong hình ảnh... (Đã chờ 2 giây)
2026-07-21 11:17:53 - Đang chờ Google AI tạo xong hình ảnh... (Đã chờ 8 giây)
2026-07-21 11:17:59 - Đang chờ Google AI tạo xong hình ảnh... (Đã chờ 14 giây)
2026-07-21 11:18:05 - Đang chờ Google AI tạo xong hình ảnh... (Đã chờ 20 giây)
2026-07-21 11:18:11 - Đang chờ Google AI tạo xong hình ảnh... (Đã chờ 26 giây)
2026-07-21 11:21:16 - Phát hiện link dự án cũ đã lưu: https://labs.google/fx/vi/tools/flow/project/68d34047-9d7d-4c5b-9cad-72d39c1b7ecb. Tiến hành mở dự án này...
2026-07-21 11:21:16 - Bắt đầu mở trang Google Flow: https://labs.google/fx/vi/tools/flow/project/68d34047-9d7d-4c5b-9cad-72d39c1b7ecb
2026-07-21 11:21:16 - Đang chờ trình duyệt tải xong trang Google Flow...
2026-07-21 11:21:16 - URL hiện tại của trình duyệt (chờ load): 
2026-07-21 11:21:17 - URL hiện tại của trình duyệt (chờ load): https://labs.google/fx/vi/tools/flow/project/68d34047-9d7d-4c5b-9cad-72d39c1b7ecb
2026-07-21 11:21:19 - Bắt đầu kiểm tra trạng thái đăng nhập...
2026-07-21 11:21:19 - URL sau khi kiểm tra redirect login: https://labs.google/fx/vi/tools/flow/project/68d34047-9d7d-4c5b-9cad-72d39c1b7ecb
2026-07-21 11:21:19 - Đăng nhập thành công. Đang đóng welcome overlays nếu có...
2026-07-21 11:21:20 - Xác minh dự án cũ có hoạt động bình thường không...
2026-07-21 11:21:20 - Số lượng hình ảnh hiện có trong dự án cũ: 9
2026-07-21 11:21:20 - Dự án cũ hoạt động bình thường! Tiếp tục sử dụng.
2026-07-21 11:21:20 - Đã vào dự án thành công!
2026-07-21 11:21:20 - Bắt đầu quét tìm ô PromptInput...
2026-07-21 11:21:20 - Đã tìm thấy PromptInput! HTML snippet: <div role="textbox" aria-multiline="true" spellcheck="false" class="sc-a8ba1f43-0 djaQmW sc-26b30722-6 jwWpiy" data-slate-editor="true" data-slate-node="value" contenteditable="true" zindex="-1" style...
2026-07-21 11:21:20 - Kiểm tra trạng thái nút Tác nhân (Agent)...
2026-07-21 11:21:20 - Đã tìm thấy nút Tác nhân! HTML: <button type="button" aria-pressed="false" class="sc-59223abb-3 dmZGYv"><div class="sc-59223abb-2 jGESqS"><span class="content">Tác nhân</span></div></button>
2026-07-21 11:21:23 - Nút Tác nhân đã ở trạng thái TẮT (aria-pressed=false) sau khi đã chờ React load. Bỏ qua.
2026-07-21 11:21:23 - Bắt đầu cấu hình cài đặt tác nhân (Model: Nano Banana 2, Aspect: 9:16, Batch: 1x)...
2026-07-21 11:21:23 - NÚT CẤU HÌNH ĐƯỢC TÌM THẤY: ID=radix-:rn:, Text=[🍌 Nano Banana 2 crop_9_16 1x]
2026-07-21 11:21:23 - ĐỐI CHIẾU CẤU HÌNH: Model=true, AspectRatio=true, BatchSize=true -> Tất cả trùng khớp: true
2026-07-21 11:21:23 - Cấu hình hiện tại ĐÃ TRÙNG KHỚP hoàn toàn với yêu cầu. BỎ QUA toàn bộ các bước mở cấu hình.
2026-07-21 11:21:23 - URL tất cả ảnh hiện tại trước khi tạo (10 ảnh): [https://labs.google/fx/api/trpc/media.getMediaUrlRedirect?name=419539ec-5db9-4538-b9fc-37bc5886abee https://labs.google/fx/api/trpc/media.getMediaUrlRedirect?name=4b2f8b20-d630-42fe-8e08-b04c59a859e4 https://labs.google/fx/api/trpc/media.getMediaUrlRedirect?name=1ed79d13-3a54-421a-bae3-7acea194140a https://labs.google/fx/api/trpc/media.getMediaUrlRedirect?name=c9505893-1cb6-4c6b-a842-ddb38716702b https://labs.google/fx/api/trpc/media.getMediaUrlRedirect?name=da65ebb7-9995-4631-be2e-08d2d51170e8 https://labs.google/fx/api/trpc/media.getMediaUrlRedirect?name=f9256d88-a06e-4985-86b4-b66795d078d2 https://labs.google/fx/api/trpc/media.getMediaUrlRedirect?name=04ded411-9795-4f21-86dc-8214a3345048 https://labs.google/fx/api/trpc/media.getMediaUrlRedirect?name=4f38c55b-3540-45e6-8d9e-03aeeeada81e https://labs.google/fx/api/trpc/media.getMediaUrlRedirect?name=9b0d8f51-40e1-4be6-9d53-12a80a5da04c https://labs.google/fx/api/trpc/media.getMediaUrlRedirect?name=bdf16d00-bd43-41b3-9e31-b9b0dbffa914]
2026-07-21 11:21:23 - Số lượng hình ảnh đang có trong dự án trước khi tạo: 10 ảnh
2026-07-21 11:21:23 - Phát hiện yêu cầu gửi kèm ảnh (1 ảnh). Đang nạp vào Clipboard Windows và bấm Ctrl+V thật...
2026-07-21 11:21:23 - Đang nạp ảnh vào Clipboard hệ thống Windows: D:\Downloads\thumbnails\thumb_clip_3_2.jpg...
2026-07-21 11:21:24 - ✓ Đã nạp ảnh vào Clipboard hệ thống Windows thành công!
2026-07-21 11:21:25 - Đang bấm phím Ctrl+V thật từ bàn phím hệ thống qua KeyActions CDP...
2026-07-21 11:21:26 - Đã bấm Ctrl+V! Đang chờ DOM tải xong 100%!((MISSING)thẻ ảnh hiển thị trong ô prompt)...
2026-07-21 11:21:40 - ✓ Đã xác nhận: Thẻ ảnh đã đính kèm và load xong 100% trong ô prompt!
2026-07-21 11:21:43 - Bắt đầu điền prompt vào ô nhập liệu: 'âdsasdads'...
2026-07-21 11:21:43 - Đã điền prompt xong thành công!
2026-07-21 11:21:45 - Cập nhật lại danh sách URL ảnh hiện có trước khi bấm Gửi (12 ảnh): [https://labs.google/fx/api/trpc/media.getMediaUrlRedirect?name=8c2b203f-eaf8-4d12-b1cc-0c819a81a4e4 https://labs.google/fx/api/trpc/media.getMediaUrlRedirect?name=419539ec-5db9-4538-b9fc-37bc5886abee https://labs.google/fx/api/trpc/media.getMediaUrlRedirect?name=4b2f8b20-d630-42fe-8e08-b04c59a859e4 https://labs.google/fx/api/trpc/media.getMediaUrlRedirect?name=1ed79d13-3a54-421a-bae3-7acea194140a https://labs.google/fx/api/trpc/media.getMediaUrlRedirect?name=c9505893-1cb6-4c6b-a842-ddb38716702b https://labs.google/fx/api/trpc/media.getMediaUrlRedirect?name=da65ebb7-9995-4631-be2e-08d2d51170e8 https://labs.google/fx/api/trpc/media.getMediaUrlRedirect?name=f9256d88-a06e-4985-86b4-b66795d078d2 https://labs.google/fx/api/trpc/media.getMediaUrlRedirect?name=04ded411-9795-4f21-86dc-8214a3345048 https://labs.google/fx/api/trpc/media.getMediaUrlRedirect?name=4f38c55b-3540-45e6-8d9e-03aeeeada81e https://labs.google/fx/api/trpc/media.getMediaUrlRedirect?name=9b0d8f51-40e1-4be6-9d53-12a80a5da04c https://labs.google/fx/api/trpc/media.getMediaUrlRedirect?name=bdf16d00-bd43-41b3-9e31-b9b0dbffa914 https://labs.google/fx/api/trpc/media.getMediaUrlRedirect?name=8c2b203f-eaf8-4d12-b1cc-0c819a81a4e4]
2026-07-21 11:21:45 - Bắt đầu thực hiện gửi prompt...
2026-07-21 11:21:45 - Thử gửi bằng phím Enter ảo...
2026-07-21 11:21:46 - Thử gửi bằng sự kiện keydown Enter (JS)...
2026-07-21 11:21:48 - Bắt đầu quét tìm nút gửi bằng JS...
2026-07-21 11:21:48 - Phương án quét JS thất bại. Thử dùng danh sách Selectors dự phòng...
2026-07-21 11:21:51 - Lỗi tìm nút gửi dự phòng: không tìm thấy phần tử hiển thị phù hợp trong số các selector
2026-07-21 11:21:53 - Đang chờ Google AI tạo xong hình ảnh... (Đã chờ 2 giây)
2026-07-21 11:21:59 - Đang chờ Google AI tạo xong hình ảnh... (Đã chờ 8 giây)
2026-07-21 11:22:05 - Đang chờ Google AI tạo xong hình ảnh... (Đã chờ 14 giây)
2026-07-21 11:22:11 - Đang chờ Google AI tạo xong hình ảnh... (Đã chờ 20 giây)
2026-07-21 11:22:17 - Đang chờ Google AI tạo xong hình ảnh... (Đã chờ 26 giây)
2026-07-21 11:22:30 - Đang chờ Google AI tạo xong hình ảnh... (Đã chờ 32 giây)
2026-07-21 11:22:35 - Đang chờ Google AI tạo xong hình ảnh... (Đã chờ 38 giây)
2026-07-21 11:22:41 - Đang chờ Google AI tạo xong hình ảnh... (Đã chờ 44 giây)
2026-07-21 11:22:47 - Đang chờ Google AI tạo xong hình ảnh... (Đã chờ 50 giây)
2026-07-21 11:22:53 - Đang chờ Google AI tạo xong hình ảnh... (Đã chờ 56 giây)
2026-07-21 11:22:59 - Đang chờ Google AI tạo xong hình ảnh... (Đã chờ 62 giây)
2026-07-21 11:23:05 - Đang chờ Google AI tạo xong hình ảnh... (Đã chờ 68 giây)
2026-07-21 11:23:11 - Đang chờ Google AI tạo xong hình ảnh... (Đã chờ 74 giây)
2026-07-21 11:23:17 - Đang chờ Google AI tạo xong hình ảnh... (Đã chờ 80 giây)
2026-07-21 11:23:23 - Đang chờ Google AI tạo xong hình ảnh... (Đã chờ 86 giây)
2026-07-21 11:23:29 - Đang chờ Google AI tạo xong hình ảnh... (Đã chờ 92 giây)
2026-07-21 11:23:48 - Phát hiện link dự án cũ đã lưu: https://labs.google/fx/vi/tools/flow/project/68d34047-9d7d-4c5b-9cad-72d39c1b7ecb. Tiến hành mở dự án này...
2026-07-21 11:23:48 - Bắt đầu mở trang Google Flow: https://labs.google/fx/vi/tools/flow/project/68d34047-9d7d-4c5b-9cad-72d39c1b7ecb
2026-07-21 11:23:49 - Đang chờ trình duyệt tải xong trang Google Flow...
2026-07-21 11:23:49 - URL hiện tại của trình duyệt (chờ load): 
2026-07-21 11:23:49 - URL hiện tại của trình duyệt (chờ load): https://labs.google/fx/vi/tools/flow/project/68d34047-9d7d-4c5b-9cad-72d39c1b7ecb
2026-07-21 11:23:51 - Bắt đầu kiểm tra trạng thái đăng nhập...
2026-07-21 11:23:51 - URL sau khi kiểm tra redirect login: https://labs.google/fx/vi/tools/flow/project/68d34047-9d7d-4c5b-9cad-72d39c1b7ecb
2026-07-21 11:23:51 - Đăng nhập thành công. Đang đóng welcome overlays nếu có...
2026-07-21 11:23:51 - Xác minh dự án cũ có hoạt động bình thường không...
2026-07-21 11:23:52 - Số lượng hình ảnh hiện có trong dự án cũ: 9
2026-07-21 11:23:52 - Dự án cũ hoạt động bình thường! Tiếp tục sử dụng.
2026-07-21 11:23:52 - Đã vào dự án thành công!
2026-07-21 11:23:52 - Bắt đầu quét tìm ô PromptInput...
2026-07-21 11:23:52 - Đã tìm thấy PromptInput! HTML snippet: <div role="textbox" aria-multiline="true" spellcheck="false" class="sc-a8ba1f43-0 djaQmW sc-26b30722-6 jwWpiy" data-slate-editor="true" data-slate-node="value" contenteditable="true" zindex="-1" style...
2026-07-21 11:23:52 - Kiểm tra trạng thái nút Tác nhân (Agent)...
2026-07-21 11:23:52 - Đã tìm thấy nút Tác nhân! HTML: <button type="button" aria-pressed="false" class="sc-59223abb-3 dmZGYv"><div class="sc-59223abb-2 jGESqS"><span class="content">Tác nhân</span></div></button>
2026-07-21 11:23:56 - Nút Tác nhân đã ở trạng thái TẮT (aria-pressed=false) sau khi đã chờ React load. Bỏ qua.
2026-07-21 11:23:56 - Bắt đầu cấu hình cài đặt tác nhân (Model: Nano Banana 2, Aspect: 9:16, Batch: 1x)...
2026-07-21 11:23:56 - NÚT CẤU HÌNH ĐƯỢC TÌM THẤY: ID=radix-:rn:, Text=[🍌 Nano Banana 2 crop_9_16 1x]
2026-07-21 11:23:56 - ĐỐI CHIẾU CẤU HÌNH: Model=true, AspectRatio=true, BatchSize=true -> Tất cả trùng khớp: true
2026-07-21 11:23:56 - Cấu hình hiện tại ĐÃ TRÙNG KHỚP hoàn toàn với yêu cầu. BỎ QUA toàn bộ các bước mở cấu hình.
2026-07-21 11:23:56 - URL tất cả ảnh hiện tại trước khi tạo (11 ảnh): [https://labs.google/fx/api/trpc/media.getMediaUrlRedirect?name=8c2b203f-eaf8-4d12-b1cc-0c819a81a4e4 https://labs.google/fx/api/trpc/media.getMediaUrlRedirect?name=419539ec-5db9-4538-b9fc-37bc5886abee https://labs.google/fx/api/trpc/media.getMediaUrlRedirect?name=4b2f8b20-d630-42fe-8e08-b04c59a859e4 https://labs.google/fx/api/trpc/media.getMediaUrlRedirect?name=1ed79d13-3a54-421a-bae3-7acea194140a https://labs.google/fx/api/trpc/media.getMediaUrlRedirect?name=c9505893-1cb6-4c6b-a842-ddb38716702b https://labs.google/fx/api/trpc/media.getMediaUrlRedirect?name=da65ebb7-9995-4631-be2e-08d2d51170e8 https://labs.google/fx/api/trpc/media.getMediaUrlRedirect?name=f9256d88-a06e-4985-86b4-b66795d078d2 https://labs.google/fx/api/trpc/media.getMediaUrlRedirect?name=04ded411-9795-4f21-86dc-8214a3345048 https://labs.google/fx/api/trpc/media.getMediaUrlRedirect?name=4f38c55b-3540-45e6-8d9e-03aeeeada81e https://labs.google/fx/api/trpc/media.getMediaUrlRedirect?name=9b0d8f51-40e1-4be6-9d53-12a80a5da04c https://labs.google/fx/api/trpc/media.getMediaUrlRedirect?name=bdf16d00-bd43-41b3-9e31-b9b0dbffa914]
2026-07-21 11:23:56 - Số lượng hình ảnh đang có trong dự án trước khi tạo: 11 ảnh
2026-07-21 11:23:56 - Bắt đầu điền prompt vào ô nhập liệu: 'con chim'...
2026-07-21 11:23:56 - Đã điền prompt xong thành công!
2026-07-21 11:23:58 - Cập nhật lại danh sách URL ảnh hiện có trước khi bấm Gửi (11 ảnh): [https://labs.google/fx/api/trpc/media.getMediaUrlRedirect?name=8c2b203f-eaf8-4d12-b1cc-0c819a81a4e4 https://labs.google/fx/api/trpc/media.getMediaUrlRedirect?name=419539ec-5db9-4538-b9fc-37bc5886abee https://labs.google/fx/api/trpc/media.getMediaUrlRedirect?name=4b2f8b20-d630-42fe-8e08-b04c59a859e4 https://labs.google/fx/api/trpc/media.getMediaUrlRedirect?name=1ed79d13-3a54-421a-bae3-7acea194140a https://labs.google/fx/api/trpc/media.getMediaUrlRedirect?name=c9505893-1cb6-4c6b-a842-ddb38716702b https://labs.google/fx/api/trpc/media.getMediaUrlRedirect?name=da65ebb7-9995-4631-be2e-08d2d51170e8 https://labs.google/fx/api/trpc/media.getMediaUrlRedirect?name=f9256d88-a06e-4985-86b4-b66795d078d2 https://labs.google/fx/api/trpc/media.getMediaUrlRedirect?name=04ded411-9795-4f21-86dc-8214a3345048 https://labs.google/fx/api/trpc/media.getMediaUrlRedirect?name=4f38c55b-3540-45e6-8d9e-03aeeeada81e https://labs.google/fx/api/trpc/media.getMediaUrlRedirect?name=9b0d8f51-40e1-4be6-9d53-12a80a5da04c https://labs.google/fx/api/trpc/media.getMediaUrlRedirect?name=bdf16d00-bd43-41b3-9e31-b9b0dbffa914]
2026-07-21 11:23:58 - Bắt đầu thực hiện gửi prompt...
2026-07-21 11:23:58 - Thử gửi bằng phím Enter ảo...
2026-07-21 11:23:59 - Thử gửi bằng sự kiện keydown Enter (JS)...
2026-07-21 11:24:01 - Bắt đầu quét tìm nút gửi bằng JS...
2026-07-21 11:24:01 - Tiến hành click nút gửi...
2026-07-21 11:24:05 - Đang chờ Google AI tạo xong hình ảnh... (Đã chờ 2 giây)
2026-07-21 11:24:11 - Đang chờ Google AI tạo xong hình ảnh... (Đã chờ 8 giây)
2026-07-21 11:24:17 - Đang chờ Google AI tạo xong hình ảnh... (Đã chờ 14 giây)
2026-07-21 11:24:23 - Đang chờ Google AI tạo xong hình ảnh... (Đã chờ 20 giây)
2026-07-21 11:24:29 - Đang chờ Google AI tạo xong hình ảnh... (Đã chờ 26 giây)
2026-07-21 11:24:35 - Đang chờ Google AI tạo xong hình ảnh... (Đã chờ 32 giây)
2026-07-21 11:24:41 - Đang chờ Google AI tạo xong hình ảnh... (Đã chờ 38 giây)
2026-07-21 11:26:33 - Phát hiện link dự án cũ đã lưu: https://labs.google/fx/vi/tools/flow/project/68d34047-9d7d-4c5b-9cad-72d39c1b7ecb. Tiến hành mở dự án này...
2026-07-21 11:26:33 - Bắt đầu mở trang Google Flow: https://labs.google/fx/vi/tools/flow/project/68d34047-9d7d-4c5b-9cad-72d39c1b7ecb
2026-07-21 11:26:34 - Đang chờ trình duyệt tải xong trang Google Flow...
2026-07-21 11:26:34 - URL hiện tại của trình duyệt (chờ load): 
2026-07-21 11:26:34 - URL hiện tại của trình duyệt (chờ load): https://labs.google/fx/vi/tools/flow/project/68d34047-9d7d-4c5b-9cad-72d39c1b7ecb
2026-07-21 11:26:37 - Bắt đầu kiểm tra trạng thái đăng nhập...
2026-07-21 11:26:37 - URL sau khi kiểm tra redirect login: https://labs.google/fx/vi/tools/flow/project/68d34047-9d7d-4c5b-9cad-72d39c1b7ecb
2026-07-21 11:26:37 - Đăng nhập thành công. Đang đóng welcome overlays nếu có...
2026-07-21 11:26:37 - Xác minh dự án cũ có hoạt động bình thường không...
2026-07-21 11:26:37 - Số lượng hình ảnh hiện có trong dự án cũ: 11
2026-07-21 11:26:37 - Dự án cũ hoạt động bình thường! Tiếp tục sử dụng.
2026-07-21 11:26:37 - Đã vào dự án thành công!
2026-07-21 11:26:37 - Bắt đầu quét tìm ô PromptInput...
2026-07-21 11:26:37 - Đã tìm thấy PromptInput! HTML snippet: <div role="textbox" aria-multiline="true" spellcheck="false" class="sc-a8ba1f43-0 djaQmW sc-26b30722-6 jwWpiy" data-slate-editor="true" data-slate-node="value" contenteditable="true" zindex="-1" style...
2026-07-21 11:26:37 - Kiểm tra trạng thái nút Tác nhân (Agent)...
2026-07-21 11:26:37 - Đã tìm thấy nút Tác nhân! HTML: <button type="button" aria-pressed="false" class="sc-59223abb-3 dmZGYv"><div class="sc-59223abb-2 jGESqS"><span class="content">Tác nhân</span></div></button>
2026-07-21 11:26:41 - Nút Tác nhân đã ở trạng thái TẮT (aria-pressed=false) sau khi đã chờ React load. Bỏ qua.
2026-07-21 11:26:41 - Bắt đầu cấu hình cài đặt tác nhân (Model: Nano Banana 2, Aspect: 9:16, Batch: 1x)...
2026-07-21 11:26:41 - NÚT CẤU HÌNH ĐƯỢC TÌM THẤY: ID=radix-:rn:, Text=[🍌 Nano Banana 2 crop_9_16 1x]
2026-07-21 11:26:41 - ĐỐI CHIẾU CẤU HÌNH: Model=true, AspectRatio=true, BatchSize=true -> Tất cả trùng khớp: true
2026-07-21 11:26:41 - Cấu hình hiện tại ĐÃ TRÙNG KHỚP hoàn toàn với yêu cầu. BỎ QUA toàn bộ các bước mở cấu hình.
2026-07-21 11:26:41 - URL tất cả ảnh hiện tại trước khi tạo (11 ảnh): [https://labs.google/fx/api/trpc/media.getMediaUrlRedirect?name=8c2b203f-eaf8-4d12-b1cc-0c819a81a4e4 https://labs.google/fx/api/trpc/media.getMediaUrlRedirect?name=419539ec-5db9-4538-b9fc-37bc5886abee https://labs.google/fx/api/trpc/media.getMediaUrlRedirect?name=4b2f8b20-d630-42fe-8e08-b04c59a859e4 https://labs.google/fx/api/trpc/media.getMediaUrlRedirect?name=1ed79d13-3a54-421a-bae3-7acea194140a https://labs.google/fx/api/trpc/media.getMediaUrlRedirect?name=c9505893-1cb6-4c6b-a842-ddb38716702b https://labs.google/fx/api/trpc/media.getMediaUrlRedirect?name=da65ebb7-9995-4631-be2e-08d2d51170e8 https://labs.google/fx/api/trpc/media.getMediaUrlRedirect?name=f9256d88-a06e-4985-86b4-b66795d078d2 https://labs.google/fx/api/trpc/media.getMediaUrlRedirect?name=04ded411-9795-4f21-86dc-8214a3345048 https://labs.google/fx/api/trpc/media.getMediaUrlRedirect?name=4f38c55b-3540-45e6-8d9e-03aeeeada81e https://labs.google/fx/api/trpc/media.getMediaUrlRedirect?name=9b0d8f51-40e1-4be6-9d53-12a80a5da04c https://labs.google/fx/api/trpc/media.getMediaUrlRedirect?name=bdf16d00-bd43-41b3-9e31-b9b0dbffa914]
2026-07-21 11:26:41 - Số lượng hình ảnh đang có trong dự án trước khi tạo: 11 ảnh
2026-07-21 11:26:41 - Bắt đầu điền prompt vào ô nhập liệu: 'con chim'...
2026-07-21 11:26:41 - Đã điền prompt xong thành công!
2026-07-21 11:26:44 - Cập nhật lại danh sách URL ảnh hiện có trước khi bấm Gửi (11 ảnh): [https://labs.google/fx/api/trpc/media.getMediaUrlRedirect?name=8c2b203f-eaf8-4d12-b1cc-0c819a81a4e4 https://labs.google/fx/api/trpc/media.getMediaUrlRedirect?name=419539ec-5db9-4538-b9fc-37bc5886abee https://labs.google/fx/api/trpc/media.getMediaUrlRedirect?name=4b2f8b20-d630-42fe-8e08-b04c59a859e4 https://labs.google/fx/api/trpc/media.getMediaUrlRedirect?name=1ed79d13-3a54-421a-bae3-7acea194140a https://labs.google/fx/api/trpc/media.getMediaUrlRedirect?name=c9505893-1cb6-4c6b-a842-ddb38716702b https://labs.google/fx/api/trpc/media.getMediaUrlRedirect?name=da65ebb7-9995-4631-be2e-08d2d51170e8 https://labs.google/fx/api/trpc/media.getMediaUrlRedirect?name=f9256d88-a06e-4985-86b4-b66795d078d2 https://labs.google/fx/api/trpc/media.getMediaUrlRedirect?name=04ded411-9795-4f21-86dc-8214a3345048 https://labs.google/fx/api/trpc/media.getMediaUrlRedirect?name=4f38c55b-3540-45e6-8d9e-03aeeeada81e https://labs.google/fx/api/trpc/media.getMediaUrlRedirect?name=9b0d8f51-40e1-4be6-9d53-12a80a5da04c https://labs.google/fx/api/trpc/media.getMediaUrlRedirect?name=bdf16d00-bd43-41b3-9e31-b9b0dbffa914]
2026-07-21 11:26:44 - Bắt đầu thực hiện gửi prompt...
2026-07-21 11:26:44 - Thử gửi bằng phím Enter ảo...
2026-07-21 11:26:45 - Thử gửi bằng sự kiện keydown Enter (JS)...
2026-07-21 11:26:46 - Bắt đầu quét tìm nút gửi bằng JS...
2026-07-21 11:26:46 - Tiến hành click nút gửi...
2026-07-21 11:26:50 - Đang chờ Google AI tạo xong hình ảnh... (Đã chờ 2 giây)
2026-07-21 11:26:56 - Đang chờ Google AI tạo xong hình ảnh... (Đã chờ 8 giây)
2026-07-21 11:27:02 - Đang chờ Google AI tạo xong hình ảnh... (Đã chờ 14 giây)
2026-07-21 11:27:08 - Đang chờ Google AI tạo xong hình ảnh... (Đã chờ 20 giây)
2026-07-21 11:27:14 - Đang chờ Google AI tạo xong hình ảnh... (Đã chờ 26 giây)
2026-07-21 11:27:20 - Đang chờ Google AI tạo xong hình ảnh... (Đã chờ 32 giây)
2026-07-21 11:27:26 - Đang chờ Google AI tạo xong hình ảnh... (Đã chờ 38 giây)
2026-07-21 11:27:32 - Đang chờ Google AI tạo xong hình ảnh... (Đã chờ 44 giây)
2026-07-21 11:27:38 - Đang chờ Google AI tạo xong hình ảnh... (Đã chờ 50 giây)
2026-07-21 11:27:44 - Đang chờ Google AI tạo xong hình ảnh... (Đã chờ 56 giây)
2026-07-21 11:27:50 - Đang chờ Google AI tạo xong hình ảnh... (Đã chờ 62 giây)
2026-07-21 11:29:17 - Phát hiện link dự án cũ đã lưu: https://labs.google/fx/vi/tools/flow/project/68d34047-9d7d-4c5b-9cad-72d39c1b7ecb. Tiến hành mở dự án này...
2026-07-21 11:29:17 - Bắt đầu mở trang Google Flow: https://labs.google/fx/vi/tools/flow/project/68d34047-9d7d-4c5b-9cad-72d39c1b7ecb
2026-07-21 11:29:18 - Đang chờ trình duyệt tải xong trang Google Flow...
2026-07-21 11:29:18 - URL hiện tại của trình duyệt (chờ load): 
2026-07-21 11:29:19 - URL hiện tại của trình duyệt (chờ load): https://labs.google/fx/vi/tools/flow/project/68d34047-9d7d-4c5b-9cad-72d39c1b7ecb
2026-07-21 11:29:21 - Bắt đầu kiểm tra trạng thái đăng nhập...
2026-07-21 11:29:21 - URL sau khi kiểm tra redirect login: https://labs.google/fx/vi/tools/flow/project/68d34047-9d7d-4c5b-9cad-72d39c1b7ecb
2026-07-21 11:29:21 - Đăng nhập thành công. Đang đóng welcome overlays nếu có...
2026-07-21 11:29:22 - Xác minh dự án cũ có hoạt động bình thường không...
2026-07-21 11:29:22 - Số lượng hình ảnh hiện có trong dự án cũ: 9
2026-07-21 11:29:22 - Dự án cũ hoạt động bình thường! Tiếp tục sử dụng.
2026-07-21 11:29:22 - Đã vào dự án thành công!
2026-07-21 11:29:22 - Bắt đầu quét tìm ô PromptInput...
2026-07-21 11:29:22 - Đã tìm thấy PromptInput! HTML snippet: <div role="textbox" aria-multiline="true" spellcheck="false" class="sc-a8ba1f43-0 djaQmW sc-26b30722-6 jwWpiy" data-slate-editor="true" data-slate-node="value" contenteditable="true" zindex="-1" style...
2026-07-21 11:29:22 - Kiểm tra trạng thái nút Tác nhân (Agent)...
2026-07-21 11:29:22 - Đã tìm thấy nút Tác nhân! HTML: <button type="button" aria-pressed="false" class="sc-59223abb-3 dmZGYv"><div class="sc-59223abb-2 jGESqS"><span class="content">Tác nhân</span></div></button>
2026-07-21 11:29:25 - Nút Tác nhân đã ở trạng thái TẮT (aria-pressed=false) sau khi đã chờ React load. Bỏ qua.
2026-07-21 11:29:25 - Bắt đầu cấu hình cài đặt tác nhân (Model: Nano Banana 2, Aspect: 9:16, Batch: 1x)...
2026-07-21 11:29:25 - NÚT CẤU HÌNH ĐƯỢC TÌM THẤY: ID=radix-:rn:, Text=[🍌 Nano Banana 2 crop_9_16 1x]
2026-07-21 11:29:25 - ĐỐI CHIẾU CẤU HÌNH: Model=true, AspectRatio=true, BatchSize=true -> Tất cả trùng khớp: true
2026-07-21 11:29:25 - Cấu hình hiện tại ĐÃ TRÙNG KHỚP hoàn toàn với yêu cầu. BỎ QUA toàn bộ các bước mở cấu hình.
2026-07-21 11:29:25 - URL tất cả ảnh hiện tại trước khi tạo (11 ảnh): [https://labs.google/fx/api/trpc/media.getMediaUrlRedirect?name=8c2b203f-eaf8-4d12-b1cc-0c819a81a4e4 https://labs.google/fx/api/trpc/media.getMediaUrlRedirect?name=419539ec-5db9-4538-b9fc-37bc5886abee https://labs.google/fx/api/trpc/media.getMediaUrlRedirect?name=4b2f8b20-d630-42fe-8e08-b04c59a859e4 https://labs.google/fx/api/trpc/media.getMediaUrlRedirect?name=1ed79d13-3a54-421a-bae3-7acea194140a https://labs.google/fx/api/trpc/media.getMediaUrlRedirect?name=c9505893-1cb6-4c6b-a842-ddb38716702b https://labs.google/fx/api/trpc/media.getMediaUrlRedirect?name=da65ebb7-9995-4631-be2e-08d2d51170e8 https://labs.google/fx/api/trpc/media.getMediaUrlRedirect?name=f9256d88-a06e-4985-86b4-b66795d078d2 https://labs.google/fx/api/trpc/media.getMediaUrlRedirect?name=04ded411-9795-4f21-86dc-8214a3345048 https://labs.google/fx/api/trpc/media.getMediaUrlRedirect?name=4f38c55b-3540-45e6-8d9e-03aeeeada81e https://labs.google/fx/api/trpc/media.getMediaUrlRedirect?name=9b0d8f51-40e1-4be6-9d53-12a80a5da04c https://labs.google/fx/api/trpc/media.getMediaUrlRedirect?name=bdf16d00-bd43-41b3-9e31-b9b0dbffa914]
2026-07-21 11:29:25 - Số lượng hình ảnh đang có trong dự án trước khi tạo: 11 ảnh
2026-07-21 11:29:25 - Bắt đầu điền prompt vào ô nhập liệu: 'con cáo'...
2026-07-21 11:29:27 - Đã điền prompt xong thành công!
2026-07-21 11:29:29 - Cập nhật lại danh sách URL ảnh hiện có trước khi bấm Gửi (11 ảnh): [https://labs.google/fx/api/trpc/media.getMediaUrlRedirect?name=8c2b203f-eaf8-4d12-b1cc-0c819a81a4e4 https://labs.google/fx/api/trpc/media.getMediaUrlRedirect?name=419539ec-5db9-4538-b9fc-37bc5886abee https://labs.google/fx/api/trpc/media.getMediaUrlRedirect?name=4b2f8b20-d630-42fe-8e08-b04c59a859e4 https://labs.google/fx/api/trpc/media.getMediaUrlRedirect?name=1ed79d13-3a54-421a-bae3-7acea194140a https://labs.google/fx/api/trpc/media.getMediaUrlRedirect?name=c9505893-1cb6-4c6b-a842-ddb38716702b https://labs.google/fx/api/trpc/media.getMediaUrlRedirect?name=da65ebb7-9995-4631-be2e-08d2d51170e8 https://labs.google/fx/api/trpc/media.getMediaUrlRedirect?name=f9256d88-a06e-4985-86b4-b66795d078d2 https://labs.google/fx/api/trpc/media.getMediaUrlRedirect?name=04ded411-9795-4f21-86dc-8214a3345048 https://labs.google/fx/api/trpc/media.getMediaUrlRedirect?name=4f38c55b-3540-45e6-8d9e-03aeeeada81e https://labs.google/fx/api/trpc/media.getMediaUrlRedirect?name=9b0d8f51-40e1-4be6-9d53-12a80a5da04c https://labs.google/fx/api/trpc/media.getMediaUrlRedirect?name=bdf16d00-bd43-41b3-9e31-b9b0dbffa914]
2026-07-21 11:29:29 - Bắt đầu thực hiện gửi prompt...
2026-07-21 11:29:29 - Thử gửi bằng phím Enter ảo...
2026-07-21 11:29:30 - Thử gửi bằng sự kiện keydown Enter (JS)...
2026-07-21 11:29:31 - Bắt đầu quét tìm nút gửi bằng JS...
2026-07-21 11:29:31 - Tiến hành click nút gửi...
2026-07-21 11:29:35 - Đang chờ Google AI tạo xong hình ảnh... (Đã chờ 2 giây)
2026-07-21 11:29:36 - Phát hiện thẻ báo lỗi / vi phạm chính sách tạo ảnh trên Google Flow. Đang kích hoạt thử lại tự động (Tối đa 3 lần)...
2026-07-21 11:29:36 - Phát hiện lỗi từ Google Flow hoặc quá trình tạo thất bại. Tự động gửi lại prompt (Thử lại lần 2/3)...
2026-07-21 11:29:36 - Bắt đầu điền prompt vào ô nhập liệu: 'con cáo'...
2026-07-21 11:29:37 - Đã điền prompt xong thành công!
2026-07-21 11:29:39 - Cập nhật lại danh sách URL ảnh hiện có trước khi bấm Gửi (11 ảnh): [https://labs.google/fx/api/trpc/media.getMediaUrlRedirect?name=8c2b203f-eaf8-4d12-b1cc-0c819a81a4e4 https://labs.google/fx/api/trpc/media.getMediaUrlRedirect?name=419539ec-5db9-4538-b9fc-37bc5886abee https://labs.google/fx/api/trpc/media.getMediaUrlRedirect?name=4b2f8b20-d630-42fe-8e08-b04c59a859e4 https://labs.google/fx/api/trpc/media.getMediaUrlRedirect?name=1ed79d13-3a54-421a-bae3-7acea194140a https://labs.google/fx/api/trpc/media.getMediaUrlRedirect?name=c9505893-1cb6-4c6b-a842-ddb38716702b https://labs.google/fx/api/trpc/media.getMediaUrlRedirect?name=da65ebb7-9995-4631-be2e-08d2d51170e8 https://labs.google/fx/api/trpc/media.getMediaUrlRedirect?name=f9256d88-a06e-4985-86b4-b66795d078d2 https://labs.google/fx/api/trpc/media.getMediaUrlRedirect?name=04ded411-9795-4f21-86dc-8214a3345048 https://labs.google/fx/api/trpc/media.getMediaUrlRedirect?name=4f38c55b-3540-45e6-8d9e-03aeeeada81e https://labs.google/fx/api/trpc/media.getMediaUrlRedirect?name=9b0d8f51-40e1-4be6-9d53-12a80a5da04c https://labs.google/fx/api/trpc/media.getMediaUrlRedirect?name=bdf16d00-bd43-41b3-9e31-b9b0dbffa914]
2026-07-21 11:29:39 - Bắt đầu thực hiện gửi prompt...
2026-07-21 11:29:39 - Thử gửi bằng phím Enter ảo...
2026-07-21 11:29:40 - Thử gửi bằng sự kiện keydown Enter (JS)...
2026-07-21 11:29:42 - Bắt đầu quét tìm nút gửi bằng JS...
2026-07-21 11:29:42 - Tiến hành click nút gửi...
2026-07-21 11:29:46 - Đang chờ Google AI tạo xong hình ảnh... (Đã chờ 2 giây)
2026-07-21 11:29:46 - Phát hiện thẻ báo lỗi / vi phạm chính sách tạo ảnh trên Google Flow. Đang kích hoạt thử lại tự động (Tối đa 3 lần)...
2026-07-21 11:29:46 - Phát hiện lỗi từ Google Flow hoặc quá trình tạo thất bại. Tự động gửi lại prompt (Thử lại lần 3/3)...
2026-07-21 11:29:46 - Bắt đầu điền prompt vào ô nhập liệu: 'con cáo'...
2026-07-21 11:29:48 - Đã điền prompt xong thành công!
2026-07-21 11:29:50 - Cập nhật lại danh sách URL ảnh hiện có trước khi bấm Gửi (11 ảnh): [https://labs.google/fx/api/trpc/media.getMediaUrlRedirect?name=8c2b203f-eaf8-4d12-b1cc-0c819a81a4e4 https://labs.google/fx/api/trpc/media.getMediaUrlRedirect?name=419539ec-5db9-4538-b9fc-37bc5886abee https://labs.google/fx/api/trpc/media.getMediaUrlRedirect?name=4b2f8b20-d630-42fe-8e08-b04c59a859e4 https://labs.google/fx/api/trpc/media.getMediaUrlRedirect?name=1ed79d13-3a54-421a-bae3-7acea194140a https://labs.google/fx/api/trpc/media.getMediaUrlRedirect?name=c9505893-1cb6-4c6b-a842-ddb38716702b https://labs.google/fx/api/trpc/media.getMediaUrlRedirect?name=da65ebb7-9995-4631-be2e-08d2d51170e8 https://labs.google/fx/api/trpc/media.getMediaUrlRedirect?name=f9256d88-a06e-4985-86b4-b66795d078d2 https://labs.google/fx/api/trpc/media.getMediaUrlRedirect?name=04ded411-9795-4f21-86dc-8214a3345048 https://labs.google/fx/api/trpc/media.getMediaUrlRedirect?name=4f38c55b-3540-45e6-8d9e-03aeeeada81e https://labs.google/fx/api/trpc/media.getMediaUrlRedirect?name=9b0d8f51-40e1-4be6-9d53-12a80a5da04c https://labs.google/fx/api/trpc/media.getMediaUrlRedirect?name=bdf16d00-bd43-41b3-9e31-b9b0dbffa914]
2026-07-21 11:29:50 - Bắt đầu thực hiện gửi prompt...
2026-07-21 11:29:50 - Thử gửi bằng phím Enter ảo...
2026-07-21 11:29:51 - Thử gửi bằng sự kiện keydown Enter (JS)...
2026-07-21 11:29:53 - Bắt đầu quét tìm nút gửi bằng JS...
2026-07-21 11:29:53 - Tiến hành click nút gửi...
2026-07-21 11:29:57 - Đang chờ Google AI tạo xong hình ảnh... (Đã chờ 2 giây)
2026-07-21 11:29:57 - Phát hiện thẻ báo lỗi / vi phạm chính sách tạo ảnh trên Google Flow. Đang kích hoạt thử lại tự động (Tối đa 3 lần)...
2026-07-21 11:33:54 - Phát hiện link dự án cũ đã lưu: https://labs.google/fx/vi/tools/flow/project/68d34047-9d7d-4c5b-9cad-72d39c1b7ecb. Tiến hành mở dự án này...
2026-07-21 11:33:54 - Bắt đầu mở trang Google Flow: https://labs.google/fx/vi/tools/flow/project/68d34047-9d7d-4c5b-9cad-72d39c1b7ecb
2026-07-21 11:33:55 - Đang chờ trình duyệt tải xong trang Google Flow...
2026-07-21 11:33:55 - URL hiện tại của trình duyệt (chờ load): 
2026-07-21 11:33:55 - URL hiện tại của trình duyệt (chờ load): https://labs.google/fx/vi/tools/flow/project/68d34047-9d7d-4c5b-9cad-72d39c1b7ecb
2026-07-21 11:33:58 - Bắt đầu kiểm tra trạng thái đăng nhập...
2026-07-21 11:33:58 - URL sau khi kiểm tra redirect login: https://labs.google/fx/vi/tools/flow/project/68d34047-9d7d-4c5b-9cad-72d39c1b7ecb
2026-07-21 11:33:58 - Đăng nhập thành công. Đang đóng welcome overlays nếu có...
2026-07-21 11:33:58 - Xác minh dự án cũ có hoạt động bình thường không...
2026-07-21 11:33:58 - Số lượng hình ảnh hiện có trong dự án cũ: 11
2026-07-21 11:33:58 - Dự án cũ hoạt động bình thường! Tiếp tục sử dụng.
2026-07-21 11:33:58 - Đã vào dự án thành công!
2026-07-21 11:33:58 - Bắt đầu quét tìm ô PromptInput...
2026-07-21 11:33:58 - Đã tìm thấy PromptInput! HTML snippet: <div role="textbox" aria-multiline="true" spellcheck="false" class="sc-a8ba1f43-0 djaQmW sc-26b30722-6 jwWpiy" data-slate-editor="true" data-slate-node="value" contenteditable="true" zindex="-1" style...
2026-07-21 11:33:58 - Kiểm tra trạng thái nút Tác nhân (Agent)...
2026-07-21 11:33:58 - Đã tìm thấy nút Tác nhân! HTML: <button type="button" aria-pressed="false" class="sc-59223abb-3 dmZGYv"><div class="sc-59223abb-2 jGESqS"><span class="content">Tác nhân</span></div></button>
2026-07-21 11:34:02 - Nút Tác nhân đã ở trạng thái TẮT (aria-pressed=false) sau khi đã chờ React load. Bỏ qua.
2026-07-21 11:34:02 - Bắt đầu cấu hình cài đặt tác nhân (Model: Nano Banana 2, Aspect: 9:16, Batch: 1x)...
2026-07-21 11:34:02 - NÚT CẤU HÌNH ĐƯỢC TÌM THẤY: ID=radix-:rn:, Text=[🍌 Nano Banana 2 crop_9_16 1x]
2026-07-21 11:34:02 - ĐỐI CHIẾU CẤU HÌNH: Model=true, AspectRatio=true, BatchSize=true -> Tất cả trùng khớp: true
2026-07-21 11:34:02 - Cấu hình hiện tại ĐÃ TRÙNG KHỚP hoàn toàn với yêu cầu. BỎ QUA toàn bộ các bước mở cấu hình.
2026-07-21 11:34:02 - URL tất cả ảnh hiện tại trước khi tạo (14 ảnh): [https://labs.google/fx/api/trpc/media.getMediaUrlRedirect?name=3e9be08f-3bbc-41de-8505-6fe2f990bfbf https://labs.google/fx/api/trpc/media.getMediaUrlRedirect?name=1391eb65-be7d-4f1d-9fd3-bbffaced2bca https://labs.google/fx/api/trpc/media.getMediaUrlRedirect?name=4da9aa3b-bfae-40e4-a14c-7461b5339d0c https://labs.google/fx/api/trpc/media.getMediaUrlRedirect?name=8c2b203f-eaf8-4d12-b1cc-0c819a81a4e4 https://labs.google/fx/api/trpc/media.getMediaUrlRedirect?name=419539ec-5db9-4538-b9fc-37bc5886abee https://labs.google/fx/api/trpc/media.getMediaUrlRedirect?name=4b2f8b20-d630-42fe-8e08-b04c59a859e4 https://labs.google/fx/api/trpc/media.getMediaUrlRedirect?name=1ed79d13-3a54-421a-bae3-7acea194140a https://labs.google/fx/api/trpc/media.getMediaUrlRedirect?name=c9505893-1cb6-4c6b-a842-ddb38716702b https://labs.google/fx/api/trpc/media.getMediaUrlRedirect?name=da65ebb7-9995-4631-be2e-08d2d51170e8 https://labs.google/fx/api/trpc/media.getMediaUrlRedirect?name=f9256d88-a06e-4985-86b4-b66795d078d2 https://labs.google/fx/api/trpc/media.getMediaUrlRedirect?name=04ded411-9795-4f21-86dc-8214a3345048 https://labs.google/fx/api/trpc/media.getMediaUrlRedirect?name=4f38c55b-3540-45e6-8d9e-03aeeeada81e https://labs.google/fx/api/trpc/media.getMediaUrlRedirect?name=9b0d8f51-40e1-4be6-9d53-12a80a5da04c https://labs.google/fx/api/trpc/media.getMediaUrlRedirect?name=bdf16d00-bd43-41b3-9e31-b9b0dbffa914]
2026-07-21 11:34:02 - Số lượng hình ảnh đang có trong dự án trước khi tạo: 14 ảnh
2026-07-21 11:34:02 - Bắt đầu điền prompt vào ô nhập liệu: 'con cáo'...
2026-07-21 11:34:04 - Đã điền prompt xong thành công!
2026-07-21 11:34:06 - Cập nhật lại danh sách URL ảnh hiện có trước khi bấm Gửi (14 ảnh): [https://labs.google/fx/api/trpc/media.getMediaUrlRedirect?name=3e9be08f-3bbc-41de-8505-6fe2f990bfbf https://labs.google/fx/api/trpc/media.getMediaUrlRedirect?name=1391eb65-be7d-4f1d-9fd3-bbffaced2bca https://labs.google/fx/api/trpc/media.getMediaUrlRedirect?name=4da9aa3b-bfae-40e4-a14c-7461b5339d0c https://labs.google/fx/api/trpc/media.getMediaUrlRedirect?name=8c2b203f-eaf8-4d12-b1cc-0c819a81a4e4 https://labs.google/fx/api/trpc/media.getMediaUrlRedirect?name=419539ec-5db9-4538-b9fc-37bc5886abee https://labs.google/fx/api/trpc/media.getMediaUrlRedirect?name=4b2f8b20-d630-42fe-8e08-b04c59a859e4 https://labs.google/fx/api/trpc/media.getMediaUrlRedirect?name=1ed79d13-3a54-421a-bae3-7acea194140a https://labs.google/fx/api/trpc/media.getMediaUrlRedirect?name=c9505893-1cb6-4c6b-a842-ddb38716702b https://labs.google/fx/api/trpc/media.getMediaUrlRedirect?name=da65ebb7-9995-4631-be2e-08d2d51170e8 https://labs.google/fx/api/trpc/media.getMediaUrlRedirect?name=f9256d88-a06e-4985-86b4-b66795d078d2 https://labs.google/fx/api/trpc/media.getMediaUrlRedirect?name=04ded411-9795-4f21-86dc-8214a3345048 https://labs.google/fx/api/trpc/media.getMediaUrlRedirect?name=4f38c55b-3540-45e6-8d9e-03aeeeada81e https://labs.google/fx/api/trpc/media.getMediaUrlRedirect?name=9b0d8f51-40e1-4be6-9d53-12a80a5da04c https://labs.google/fx/api/trpc/media.getMediaUrlRedirect?name=bdf16d00-bd43-41b3-9e31-b9b0dbffa914]
2026-07-21 11:34:06 - Bắt đầu thực hiện gửi prompt...
2026-07-21 11:34:06 - Thử gửi bằng phím Enter ảo...
2026-07-21 11:34:07 - Thử gửi bằng sự kiện keydown Enter (JS)...
2026-07-21 11:34:08 - Bắt đầu quét tìm nút gửi bằng JS...
2026-07-21 11:34:08 - Tiến hành click nút gửi...
2026-07-21 11:34:12 - Đang chờ Google AI tạo xong hình ảnh... (Đã chờ 2 giây)
2026-07-21 11:34:12 - Phát hiện thẻ báo lỗi / vi phạm chính sách trên thẻ ảnh MỚI NHẤT. Đang kích hoạt thử lại tự động (Tối đa 3 lần)...
2026-07-21 11:34:12 - Phát hiện lỗi từ Google Flow hoặc quá trình tạo thất bại. Tự động gửi lại prompt (Thử lại lần 2/3)...
2026-07-21 11:34:12 - Bắt đầu điền prompt vào ô nhập liệu: 'con cáo'...
2026-07-21 11:34:14 - Đã điền prompt xong thành công!
2026-07-21 11:34:16 - Cập nhật lại danh sách URL ảnh hiện có trước khi bấm Gửi (14 ảnh): [https://labs.google/fx/api/trpc/media.getMediaUrlRedirect?name=3e9be08f-3bbc-41de-8505-6fe2f990bfbf https://labs.google/fx/api/trpc/media.getMediaUrlRedirect?name=1391eb65-be7d-4f1d-9fd3-bbffaced2bca https://labs.google/fx/api/trpc/media.getMediaUrlRedirect?name=4da9aa3b-bfae-40e4-a14c-7461b5339d0c https://labs.google/fx/api/trpc/media.getMediaUrlRedirect?name=8c2b203f-eaf8-4d12-b1cc-0c819a81a4e4 https://labs.google/fx/api/trpc/media.getMediaUrlRedirect?name=419539ec-5db9-4538-b9fc-37bc5886abee https://labs.google/fx/api/trpc/media.getMediaUrlRedirect?name=4b2f8b20-d630-42fe-8e08-b04c59a859e4 https://labs.google/fx/api/trpc/media.getMediaUrlRedirect?name=1ed79d13-3a54-421a-bae3-7acea194140a https://labs.google/fx/api/trpc/media.getMediaUrlRedirect?name=c9505893-1cb6-4c6b-a842-ddb38716702b https://labs.google/fx/api/trpc/media.getMediaUrlRedirect?name=da65ebb7-9995-4631-be2e-08d2d51170e8 https://labs.google/fx/api/trpc/media.getMediaUrlRedirect?name=f9256d88-a06e-4985-86b4-b66795d078d2 https://labs.google/fx/api/trpc/media.getMediaUrlRedirect?name=04ded411-9795-4f21-86dc-8214a3345048 https://labs.google/fx/api/trpc/media.getMediaUrlRedirect?name=4f38c55b-3540-45e6-8d9e-03aeeeada81e https://labs.google/fx/api/trpc/media.getMediaUrlRedirect?name=9b0d8f51-40e1-4be6-9d53-12a80a5da04c https://labs.google/fx/api/trpc/media.getMediaUrlRedirect?name=bdf16d00-bd43-41b3-9e31-b9b0dbffa914]
2026-07-21 11:34:16 - Bắt đầu thực hiện gửi prompt...
2026-07-21 11:34:16 - Thử gửi bằng phím Enter ảo...
2026-07-21 11:34:17 - Thử gửi bằng sự kiện keydown Enter (JS)...
2026-07-21 11:34:19 - Bắt đầu quét tìm nút gửi bằng JS...
2026-07-21 11:34:19 - Tiến hành click nút gửi...
2026-07-21 11:38:34 - Phát hiện link dự án cũ đã lưu: https://labs.google/fx/vi/tools/flow/project/68d34047-9d7d-4c5b-9cad-72d39c1b7ecb. Tiến hành mở dự án này...
2026-07-21 11:38:34 - Bắt đầu mở trang Google Flow: https://labs.google/fx/vi/tools/flow/project/68d34047-9d7d-4c5b-9cad-72d39c1b7ecb
2026-07-21 11:38:34 - Đang chờ trình duyệt tải xong trang Google Flow...
2026-07-21 11:38:34 - URL hiện tại của trình duyệt (chờ load): 
2026-07-21 11:38:35 - URL hiện tại của trình duyệt (chờ load): https://labs.google/fx/vi/tools/flow/project/68d34047-9d7d-4c5b-9cad-72d39c1b7ecb
2026-07-21 11:38:37 - Bắt đầu kiểm tra trạng thái đăng nhập...
2026-07-21 11:38:37 - URL sau khi kiểm tra redirect login: https://labs.google/fx/vi/tools/flow/project/68d34047-9d7d-4c5b-9cad-72d39c1b7ecb
2026-07-21 11:38:37 - Đăng nhập thành công. Đang đóng welcome overlays nếu có...
2026-07-21 11:38:38 - Xác minh dự án cũ có hoạt động bình thường không...
2026-07-21 11:38:38 - Số lượng hình ảnh hiện có trong dự án cũ: 9
2026-07-21 11:38:38 - Dự án cũ hoạt động bình thường! Tiếp tục sử dụng.
2026-07-21 11:38:38 - Đã vào dự án thành công!
2026-07-21 11:38:38 - Bắt đầu quét tìm ô PromptInput...
2026-07-21 11:38:38 - Đã tìm thấy PromptInput! HTML snippet: <div role="textbox" aria-multiline="true" spellcheck="false" class="sc-a8ba1f43-0 djaQmW sc-26b30722-6 jwWpiy" data-slate-editor="true" data-slate-node="value" contenteditable="true" zindex="-1" style...
2026-07-21 11:38:38 - Kiểm tra trạng thái nút Tác nhân (Agent)...
2026-07-21 11:38:38 - Đã tìm thấy nút Tác nhân! HTML: <button type="button" aria-pressed="false" class="sc-59223abb-3 dmZGYv"><div class="sc-59223abb-2 jGESqS"><span class="content">Tác nhân</span></div></button>
2026-07-21 11:38:41 - Nút Tác nhân đã ở trạng thái TẮT (aria-pressed=false) sau khi đã chờ React load. Bỏ qua.
2026-07-21 11:38:41 - Bắt đầu cấu hình cài đặt tác nhân (Model: Nano Banana 2, Aspect: 9:16, Batch: 1x)...
2026-07-21 11:38:41 - NÚT CẤU HÌNH ĐƯỢC TÌM THẤY: ID=radix-:rn:, Text=[🍌 Nano Banana 2 crop_9_16 1x]
2026-07-21 11:38:41 - ĐỐI CHIẾU CẤU HÌNH: Model=true, AspectRatio=true, BatchSize=true -> Tất cả trùng khớp: true
2026-07-21 11:38:41 - Cấu hình hiện tại ĐÃ TRÙNG KHỚP hoàn toàn với yêu cầu. BỎ QUA toàn bộ các bước mở cấu hình.
2026-07-21 11:38:41 - URL tất cả ảnh hiện tại trước khi tạo (16 ảnh): [https://labs.google/fx/api/trpc/media.getMediaUrlRedirect?name=6ba31d81-f4bf-4c0f-af1e-829fe08a8143 https://labs.google/fx/api/trpc/media.getMediaUrlRedirect?name=d9e4bcc2-ddbf-4d1e-b674-15eab5d99bb6 https://labs.google/fx/api/trpc/media.getMediaUrlRedirect?name=3e9be08f-3bbc-41de-8505-6fe2f990bfbf https://labs.google/fx/api/trpc/media.getMediaUrlRedirect?name=1391eb65-be7d-4f1d-9fd3-bbffaced2bca https://labs.google/fx/api/trpc/media.getMediaUrlRedirect?name=4da9aa3b-bfae-40e4-a14c-7461b5339d0c https://labs.google/fx/api/trpc/media.getMediaUrlRedirect?name=8c2b203f-eaf8-4d12-b1cc-0c819a81a4e4 https://labs.google/fx/api/trpc/media.getMediaUrlRedirect?name=419539ec-5db9-4538-b9fc-37bc5886abee https://labs.google/fx/api/trpc/media.getMediaUrlRedirect?name=4b2f8b20-d630-42fe-8e08-b04c59a859e4 https://labs.google/fx/api/trpc/media.getMediaUrlRedirect?name=1ed79d13-3a54-421a-bae3-7acea194140a https://labs.google/fx/api/trpc/media.getMediaUrlRedirect?name=c9505893-1cb6-4c6b-a842-ddb38716702b https://labs.google/fx/api/trpc/media.getMediaUrlRedirect?name=da65ebb7-9995-4631-be2e-08d2d51170e8 https://labs.google/fx/api/trpc/media.getMediaUrlRedirect?name=f9256d88-a06e-4985-86b4-b66795d078d2 https://labs.google/fx/api/trpc/media.getMediaUrlRedirect?name=04ded411-9795-4f21-86dc-8214a3345048 https://labs.google/fx/api/trpc/media.getMediaUrlRedirect?name=4f38c55b-3540-45e6-8d9e-03aeeeada81e https://labs.google/fx/api/trpc/media.getMediaUrlRedirect?name=9b0d8f51-40e1-4be6-9d53-12a80a5da04c https://labs.google/fx/api/trpc/media.getMediaUrlRedirect?name=bdf16d00-bd43-41b3-9e31-b9b0dbffa914]
2026-07-21 11:38:41 - Số lượng hình ảnh đang có trong dự án trước khi tạo: 16 ảnh
2026-07-21 11:38:41 - Bắt đầu điền prompt vào ô nhập liệu: 'con cáo'...
2026-07-21 11:38:43 - Đã điền prompt xong thành công!
2026-07-21 11:38:45 - Cập nhật lại danh sách URL ảnh hiện có trước khi bấm Gửi (16 ảnh): [https://labs.google/fx/api/trpc/media.getMediaUrlRedirect?name=6ba31d81-f4bf-4c0f-af1e-829fe08a8143 https://labs.google/fx/api/trpc/media.getMediaUrlRedirect?name=d9e4bcc2-ddbf-4d1e-b674-15eab5d99bb6 https://labs.google/fx/api/trpc/media.getMediaUrlRedirect?name=3e9be08f-3bbc-41de-8505-6fe2f990bfbf https://labs.google/fx/api/trpc/media.getMediaUrlRedirect?name=1391eb65-be7d-4f1d-9fd3-bbffaced2bca https://labs.google/fx/api/trpc/media.getMediaUrlRedirect?name=4da9aa3b-bfae-40e4-a14c-7461b5339d0c https://labs.google/fx/api/trpc/media.getMediaUrlRedirect?name=8c2b203f-eaf8-4d12-b1cc-0c819a81a4e4 https://labs.google/fx/api/trpc/media.getMediaUrlRedirect?name=419539ec-5db9-4538-b9fc-37bc5886abee https://labs.google/fx/api/trpc/media.getMediaUrlRedirect?name=4b2f8b20-d630-42fe-8e08-b04c59a859e4 https://labs.google/fx/api/trpc/media.getMediaUrlRedirect?name=1ed79d13-3a54-421a-bae3-7acea194140a https://labs.google/fx/api/trpc/media.getMediaUrlRedirect?name=c9505893-1cb6-4c6b-a842-ddb38716702b https://labs.google/fx/api/trpc/media.getMediaUrlRedirect?name=da65ebb7-9995-4631-be2e-08d2d51170e8 https://labs.google/fx/api/trpc/media.getMediaUrlRedirect?name=f9256d88-a06e-4985-86b4-b66795d078d2 https://labs.google/fx/api/trpc/media.getMediaUrlRedirect?name=04ded411-9795-4f21-86dc-8214a3345048 https://labs.google/fx/api/trpc/media.getMediaUrlRedirect?name=4f38c55b-3540-45e6-8d9e-03aeeeada81e https://labs.google/fx/api/trpc/media.getMediaUrlRedirect?name=9b0d8f51-40e1-4be6-9d53-12a80a5da04c https://labs.google/fx/api/trpc/media.getMediaUrlRedirect?name=bdf16d00-bd43-41b3-9e31-b9b0dbffa914]
2026-07-21 11:38:45 - Bắt đầu thực hiện gửi prompt...
2026-07-21 11:38:45 - Thử gửi bằng phím Enter ảo...
2026-07-21 11:38:46 - Thử gửi bằng sự kiện keydown Enter (JS)...
2026-07-21 11:38:48 - Bắt đầu quét tìm nút gửi bằng JS...
2026-07-21 11:38:48 - Tiến hành click nút gửi...
2026-07-21 11:38:52 - Đang chờ Google AI tạo xong hình ảnh... (Đã chờ 2 giây)
2026-07-21 11:38:58 - Đang chờ Google AI tạo xong hình ảnh... (Đã chờ 8 giây)
2026-07-21 11:39:04 - Đang chờ Google AI tạo xong hình ảnh... (Đã chờ 14 giây)
2026-07-21 11:39:10 - Đang chờ Google AI tạo xong hình ảnh... (Đã chờ 20 giây)
2026-07-21 11:39:12 - Phát hiện nhóm ảnh mới đã sinh xong! Số lượng mới sinh: 1 ảnh. URL: [https://labs.google/fx/api/trpc/media.getMediaUrlRedirect?name=d54bd0dc-9e7f-43d0-a184-e42d78e66315]
2026-07-21 11:39:16 - Tìm thấy nhóm ảnh mới sinh thành công! Số lượng: 1
2026-07-21 11:39:16 - Tổng số lượng hình ảnh đang có trong dự án: 17
2026-07-21 11:39:16 - Đang chuyển đổi ảnh 1/1 sang Base64 (URL: https://labs.google/fx/api/trpc/media.getMediaUrlRedirect?name=d54bd0dc-9e7f-43d0-a184-e42d78e66315)...
2026-07-21 11:39:16 - Đang gửi yêu cầu chọn ảnh lên UI...
2026-07-21 11:39:28 - Đã nhận được danh sách ảnh được chọn từ UI: [0]
2026-07-21 11:39:28 - Đang tải hình ảnh được chọn thứ 1/1 (chỉ mục trong nhóm: 0)...
2026-07-21 11:39:34 - Đang chọn độ phân giải 1K cho ảnh thứ 1/1...
2026-07-21 11:39:34 - Đã click chọn độ phân giải 1K. Đang chờ file được tải về máy...
2026-07-21 11:39:35 - Tải ảnh thứ 1/1 thành công (1K): D:\CongTy\ToolCatVideoNgan\videodacat\a-1.jpg
2026-07-21 11:51:59 - Phát hiện link dự án cũ đã lưu: https://labs.google/fx/vi/tools/flow/project/68d34047-9d7d-4c5b-9cad-72d39c1b7ecb. Tiến hành mở dự án này...
2026-07-21 11:51:59 - Bắt đầu mở trang Google Flow: https://labs.google/fx/vi/tools/flow/project/68d34047-9d7d-4c5b-9cad-72d39c1b7ecb
2026-07-21 11:52:01 - Đang chờ trình duyệt tải xong trang Google Flow...
2026-07-21 11:52:01 - URL hiện tại của trình duyệt (chờ load): 
2026-07-21 11:52:01 - URL hiện tại của trình duyệt (chờ load): https://labs.google/fx/vi/tools/flow/project/68d34047-9d7d-4c5b-9cad-72d39c1b7ecb
2026-07-21 11:52:03 - Bắt đầu kiểm tra trạng thái đăng nhập...
2026-07-21 11:52:03 - URL sau khi kiểm tra redirect login: https://labs.google/fx/vi/tools/flow/project/68d34047-9d7d-4c5b-9cad-72d39c1b7ecb
2026-07-21 11:52:03 - Đăng nhập thành công. Đang đóng welcome overlays nếu có...
2026-07-21 11:52:04 - Xác minh dự án cũ có hoạt động bình thường không...
2026-07-21 11:52:07 - Số lượng hình ảnh hiện có trong dự án cũ: 13
2026-07-21 11:52:07 - Dự án cũ hoạt động bình thường! Tiếp tục sử dụng.
2026-07-21 11:52:07 - Đã vào dự án thành công!
2026-07-21 11:52:07 - Bắt đầu quét tìm ô PromptInput...
2026-07-21 11:52:07 - Đã tìm thấy PromptInput! HTML snippet: <div role="textbox" aria-multiline="true" spellcheck="false" class="sc-a8ba1f43-0 djaQmW sc-26b30722-6 jwWpiy" data-slate-editor="true" data-slate-node="value" contenteditable="true" zindex="-1" style...
2026-07-21 11:52:07 - Kiểm tra trạng thái nút Tác nhân (Agent)...
2026-07-21 11:52:13 - Không tìm thấy nút Tác nhân (Agent) trên giao diện hoặc gặp lỗi: context deadline exceeded
2026-07-21 11:52:13 - Bắt đầu cấu hình cài đặt tác nhân (Model: Nano Banana 2, Aspect: 9:16, Batch: 1x)...
2026-07-21 11:52:13 - NÚT CẤU HÌNH ĐƯỢC TÌM THẤY: ID=radix-:rn:, Text=[🍌 Nano Banana 2 crop_9_16 1x]
2026-07-21 11:52:13 - ĐỐI CHIẾU CẤU HÌNH: Model=true, AspectRatio=true, BatchSize=true -> Tất cả trùng khớp: true
2026-07-21 11:52:13 - Cấu hình hiện tại ĐÃ TRÙNG KHỚP hoàn toàn với yêu cầu. BỎ QUA toàn bộ các bước mở cấu hình.
2026-07-21 11:52:13 - URL tất cả ảnh hiện tại trước khi tạo (17 ảnh): [https://labs.google/fx/api/trpc/media.getMediaUrlRedirect?name=d54bd0dc-9e7f-43d0-a184-e42d78e66315 https://labs.google/fx/api/trpc/media.getMediaUrlRedirect?name=6ba31d81-f4bf-4c0f-af1e-829fe08a8143 https://labs.google/fx/api/trpc/media.getMediaUrlRedirect?name=d9e4bcc2-ddbf-4d1e-b674-15eab5d99bb6 https://labs.google/fx/api/trpc/media.getMediaUrlRedirect?name=3e9be08f-3bbc-41de-8505-6fe2f990bfbf https://labs.google/fx/api/trpc/media.getMediaUrlRedirect?name=1391eb65-be7d-4f1d-9fd3-bbffaced2bca https://labs.google/fx/api/trpc/media.getMediaUrlRedirect?name=4da9aa3b-bfae-40e4-a14c-7461b5339d0c https://labs.google/fx/api/trpc/media.getMediaUrlRedirect?name=8c2b203f-eaf8-4d12-b1cc-0c819a81a4e4 https://labs.google/fx/api/trpc/media.getMediaUrlRedirect?name=419539ec-5db9-4538-b9fc-37bc5886abee https://labs.google/fx/api/trpc/media.getMediaUrlRedirect?name=4b2f8b20-d630-42fe-8e08-b04c59a859e4 https://labs.google/fx/api/trpc/media.getMediaUrlRedirect?name=1ed79d13-3a54-421a-bae3-7acea194140a https://labs.google/fx/api/trpc/media.getMediaUrlRedirect?name=c9505893-1cb6-4c6b-a842-ddb38716702b https://labs.google/fx/api/trpc/media.getMediaUrlRedirect?name=da65ebb7-9995-4631-be2e-08d2d51170e8 https://labs.google/fx/api/trpc/media.getMediaUrlRedirect?name=f9256d88-a06e-4985-86b4-b66795d078d2 https://labs.google/fx/api/trpc/media.getMediaUrlRedirect?name=04ded411-9795-4f21-86dc-8214a3345048 https://labs.google/fx/api/trpc/media.getMediaUrlRedirect?name=4f38c55b-3540-45e6-8d9e-03aeeeada81e https://labs.google/fx/api/trpc/media.getMediaUrlRedirect?name=9b0d8f51-40e1-4be6-9d53-12a80a5da04c https://labs.google/fx/api/trpc/media.getMediaUrlRedirect?name=bdf16d00-bd43-41b3-9e31-b9b0dbffa914]
2026-07-21 11:52:13 - Số lượng hình ảnh đang có trong dự án trước khi tạo: 17 ảnh
2026-07-21 11:52:13 - Phát hiện yêu cầu gửi kèm ảnh (1 ảnh). Đang nạp vào Clipboard Windows và bấm Ctrl+V thật...
2026-07-21 11:52:13 - Đang nạp ảnh vào Clipboard hệ thống Windows: D:\Downloads\thumbnails\thumb_clip_10_9.jpg...
2026-07-21 11:52:13 - ✓ Đã nạp ảnh vào Clipboard hệ thống Windows thành công!
2026-07-21 11:52:14 - Đang bấm phím Ctrl+V thật từ bàn phím hệ thống qua KeyActions CDP...
2026-07-21 11:52:15 - Đã bấm Ctrl+V! Đang chờ DOM tải xong 100%!((MISSING)thẻ ảnh hiển thị trong ô prompt)...
2026-07-21 11:52:40 - Cảnh báo: Hết thời gian chờ (25s) nhưng vẫn tiếp tục luồng...
2026-07-21 11:52:43 - Bắt đầu điền prompt vào ô nhập liệu: 'tạo thumbnail'...
2026-07-21 11:52:45 - Đã điền prompt xong thành công!
2026-07-21 11:52:47 - Cập nhật lại danh sách URL ảnh hiện có trước khi bấm Gửi (17 ảnh): [https://labs.google/fx/api/trpc/media.getMediaUrlRedirect?name=d54bd0dc-9e7f-43d0-a184-e42d78e66315 https://labs.google/fx/api/trpc/media.getMediaUrlRedirect?name=6ba31d81-f4bf-4c0f-af1e-829fe08a8143 https://labs.google/fx/api/trpc/media.getMediaUrlRedirect?name=d9e4bcc2-ddbf-4d1e-b674-15eab5d99bb6 https://labs.google/fx/api/trpc/media.getMediaUrlRedirect?name=3e9be08f-3bbc-41de-8505-6fe2f990bfbf https://labs.google/fx/api/trpc/media.getMediaUrlRedirect?name=1391eb65-be7d-4f1d-9fd3-bbffaced2bca https://labs.google/fx/api/trpc/media.getMediaUrlRedirect?name=4da9aa3b-bfae-40e4-a14c-7461b5339d0c https://labs.google/fx/api/trpc/media.getMediaUrlRedirect?name=8c2b203f-eaf8-4d12-b1cc-0c819a81a4e4 https://labs.google/fx/api/trpc/media.getMediaUrlRedirect?name=419539ec-5db9-4538-b9fc-37bc5886abee https://labs.google/fx/api/trpc/media.getMediaUrlRedirect?name=4b2f8b20-d630-42fe-8e08-b04c59a859e4 https://labs.google/fx/api/trpc/media.getMediaUrlRedirect?name=1ed79d13-3a54-421a-bae3-7acea194140a https://labs.google/fx/api/trpc/media.getMediaUrlRedirect?name=c9505893-1cb6-4c6b-a842-ddb38716702b https://labs.google/fx/api/trpc/media.getMediaUrlRedirect?name=da65ebb7-9995-4631-be2e-08d2d51170e8 https://labs.google/fx/api/trpc/media.getMediaUrlRedirect?name=f9256d88-a06e-4985-86b4-b66795d078d2 https://labs.google/fx/api/trpc/media.getMediaUrlRedirect?name=04ded411-9795-4f21-86dc-8214a3345048 https://labs.google/fx/api/trpc/media.getMediaUrlRedirect?name=4f38c55b-3540-45e6-8d9e-03aeeeada81e https://labs.google/fx/api/trpc/media.getMediaUrlRedirect?name=9b0d8f51-40e1-4be6-9d53-12a80a5da04c https://labs.google/fx/api/trpc/media.getMediaUrlRedirect?name=bdf16d00-bd43-41b3-9e31-b9b0dbffa914]
2026-07-21 11:52:47 - Bắt đầu thực hiện gửi prompt...
2026-07-21 11:52:47 - Thử gửi bằng phím Enter ảo...
2026-07-21 11:52:48 - Thử gửi bằng sự kiện keydown Enter (JS)...
2026-07-21 11:52:50 - Bắt đầu quét tìm nút gửi bằng JS...
2026-07-21 11:52:50 - Tiến hành click nút gửi...
2026-07-21 11:52:54 - Đang chờ Google AI tạo xong hình ảnh... (Đã chờ 2 giây)
2026-07-21 11:53:00 - Đang chờ Google AI tạo xong hình ảnh... (Đã chờ 8 giây)
2026-07-21 11:53:06 - Đang chờ Google AI tạo xong hình ảnh... (Đã chờ 14 giây)
2026-07-21 11:53:10 - Phát hiện nhóm ảnh mới đã sinh xong! Số lượng mới sinh: 1 ảnh. URL: [https://labs.google/fx/api/trpc/media.getMediaUrlRedirect?name=169a43e0-f5c6-4660-9c92-b1b0fa934c26]
2026-07-21 11:53:14 - Tìm thấy nhóm ảnh mới sinh thành công! Số lượng: 1
2026-07-21 11:53:14 - Tổng số lượng hình ảnh đang có trong dự án: 19
2026-07-21 11:53:14 - Đang chuyển đổi ảnh 1/1 sang Base64 (URL: https://labs.google/fx/api/trpc/media.getMediaUrlRedirect?name=169a43e0-f5c6-4660-9c92-b1b0fa934c26)...
2026-07-21 11:53:14 - Đang gửi yêu cầu chọn ảnh lên UI...
2026-07-21 11:53:59 - Phát hiện link dự án cũ đã lưu: https://labs.google/fx/vi/tools/flow/project/68d34047-9d7d-4c5b-9cad-72d39c1b7ecb. Tiến hành mở dự án này...
2026-07-21 11:53:59 - Bắt đầu mở trang Google Flow: https://labs.google/fx/vi/tools/flow/project/68d34047-9d7d-4c5b-9cad-72d39c1b7ecb
2026-07-21 11:53:59 - Đang chờ trình duyệt tải xong trang Google Flow...
2026-07-21 11:53:59 - URL hiện tại của trình duyệt (chờ load): 
2026-07-21 11:54:00 - URL hiện tại của trình duyệt (chờ load): https://labs.google/fx/vi/tools/flow/project/68d34047-9d7d-4c5b-9cad-72d39c1b7ecb
2026-07-21 11:54:01 - Bắt đầu kiểm tra trạng thái đăng nhập...
2026-07-21 11:54:01 - URL sau khi kiểm tra redirect login: https://labs.google/fx/vi/tools/flow/project/68d34047-9d7d-4c5b-9cad-72d39c1b7ecb
2026-07-21 11:54:01 - Đăng nhập thành công. Đang đóng welcome overlays nếu có...
2026-07-21 11:54:02 - Xác minh dự án cũ có hoạt động bình thường không...
2026-07-21 11:54:03 - Số lượng hình ảnh hiện có trong dự án cũ: 13
2026-07-21 11:54:03 - Dự án cũ hoạt động bình thường! Tiếp tục sử dụng.
2026-07-21 11:54:03 - Đã vào dự án thành công!
2026-07-21 11:54:03 - Bắt đầu quét tìm ô PromptInput...
2026-07-21 11:54:03 - Đã tìm thấy PromptInput! HTML snippet: <div role="textbox" aria-multiline="true" spellcheck="false" class="sc-a8ba1f43-0 djaQmW sc-26b30722-6 jwWpiy" data-slate-editor="true" data-slate-node="value" contenteditable="true" zindex="-1" style...
2026-07-21 11:54:03 - Kiểm tra trạng thái nút Tác nhân (Agent)...
2026-07-21 11:54:06 - Đã tìm thấy nút Tác nhân! HTML: <button type="button" aria-pressed="false" class="sc-59223abb-3 dmZGYv"><div class="sc-59223abb-2 jGESqS"><span class="content">Tác nhân</span></div></button>
2026-07-21 11:54:10 - Nút Tác nhân đã ở trạng thái TẮT (aria-pressed=false) sau khi đã chờ React load. Bỏ qua.
2026-07-21 11:54:10 - Bắt đầu cấu hình cài đặt tác nhân (Model: Nano Banana 2, Aspect: 9:16, Batch: 1x)...
2026-07-21 11:54:10 - NÚT CẤU HÌNH ĐƯỢC TÌM THẤY: ID=radix-:rn:, Text=[🍌 Nano Banana 2 crop_9_16 1x]
2026-07-21 11:54:10 - ĐỐI CHIẾU CẤU HÌNH: Model=true, AspectRatio=true, BatchSize=true -> Tất cả trùng khớp: true
2026-07-21 11:54:10 - Cấu hình hiện tại ĐÃ TRÙNG KHỚP hoàn toàn với yêu cầu. BỎ QUA toàn bộ các bước mở cấu hình.
2026-07-21 11:54:10 - URL tất cả ảnh hiện tại trước khi tạo (19 ảnh): [https://labs.google/fx/api/trpc/media.getMediaUrlRedirect?name=0960a09f-34cb-448b-9bf7-dbf5681b1816 https://labs.google/fx/api/trpc/media.getMediaUrlRedirect?name=169a43e0-f5c6-4660-9c92-b1b0fa934c26 https://labs.google/fx/api/trpc/media.getMediaUrlRedirect?name=d54bd0dc-9e7f-43d0-a184-e42d78e66315 https://labs.google/fx/api/trpc/media.getMediaUrlRedirect?name=6ba31d81-f4bf-4c0f-af1e-829fe08a8143 https://labs.google/fx/api/trpc/media.getMediaUrlRedirect?name=d9e4bcc2-ddbf-4d1e-b674-15eab5d99bb6 https://labs.google/fx/api/trpc/media.getMediaUrlRedirect?name=3e9be08f-3bbc-41de-8505-6fe2f990bfbf https://labs.google/fx/api/trpc/media.getMediaUrlRedirect?name=1391eb65-be7d-4f1d-9fd3-bbffaced2bca https://labs.google/fx/api/trpc/media.getMediaUrlRedirect?name=4da9aa3b-bfae-40e4-a14c-7461b5339d0c https://labs.google/fx/api/trpc/media.getMediaUrlRedirect?name=8c2b203f-eaf8-4d12-b1cc-0c819a81a4e4 https://labs.google/fx/api/trpc/media.getMediaUrlRedirect?name=419539ec-5db9-4538-b9fc-37bc5886abee https://labs.google/fx/api/trpc/media.getMediaUrlRedirect?name=4b2f8b20-d630-42fe-8e08-b04c59a859e4 https://labs.google/fx/api/trpc/media.getMediaUrlRedirect?name=1ed79d13-3a54-421a-bae3-7acea194140a https://labs.google/fx/api/trpc/media.getMediaUrlRedirect?name=c9505893-1cb6-4c6b-a842-ddb38716702b https://labs.google/fx/api/trpc/media.getMediaUrlRedirect?name=da65ebb7-9995-4631-be2e-08d2d51170e8 https://labs.google/fx/api/trpc/media.getMediaUrlRedirect?name=f9256d88-a06e-4985-86b4-b66795d078d2 https://labs.google/fx/api/trpc/media.getMediaUrlRedirect?name=04ded411-9795-4f21-86dc-8214a3345048 https://labs.google/fx/api/trpc/media.getMediaUrlRedirect?name=4f38c55b-3540-45e6-8d9e-03aeeeada81e https://labs.google/fx/api/trpc/media.getMediaUrlRedirect?name=9b0d8f51-40e1-4be6-9d53-12a80a5da04c https://labs.google/fx/api/trpc/media.getMediaUrlRedirect?name=bdf16d00-bd43-41b3-9e31-b9b0dbffa914]
2026-07-21 11:54:10 - Số lượng hình ảnh đang có trong dự án trước khi tạo: 19 ảnh
2026-07-21 11:54:10 - Phát hiện yêu cầu gửi kèm ảnh (1 ảnh). Đang nạp vào Clipboard Windows và bấm Ctrl+V thật...
2026-07-21 11:54:10 - Đang nạp ảnh vào Clipboard hệ thống Windows: D:\Downloads\thumbnails\thumb_clip_10_9.jpg...
2026-07-21 11:54:10 - ✓ Đã nạp ảnh vào Clipboard hệ thống Windows thành công!
2026-07-21 11:54:12 - Đang bấm phím Ctrl+V thật từ bàn phím hệ thống qua KeyActions CDP...
2026-07-21 11:54:13 - Đã bấm Ctrl+V! Đang chờ DOM tải xong 100%!((MISSING)thẻ ảnh hiển thị trong ô prompt)...
2026-07-21 11:54:43 - Cảnh báo: Hết thời gian chờ (30s) nhưng vẫn tiếp tục luồng...
2026-07-21 11:54:46 - Bắt đầu điền prompt vào ô nhập liệu: 'tạo thumbail'...
2026-07-21 11:54:46 - Đã điền prompt xong thành công!
2026-07-21 11:54:48 - Cập nhật lại danh sách URL ảnh hiện có trước khi bấm Gửi (20 ảnh): [https://labs.google/fx/api/trpc/media.getMediaUrlRedirect?name=812b29e6-4e51-4c7e-94db-e268ba062ead https://labs.google/fx/api/trpc/media.getMediaUrlRedirect?name=0960a09f-34cb-448b-9bf7-dbf5681b1816 https://labs.google/fx/api/trpc/media.getMediaUrlRedirect?name=169a43e0-f5c6-4660-9c92-b1b0fa934c26 https://labs.google/fx/api/trpc/media.getMediaUrlRedirect?name=d54bd0dc-9e7f-43d0-a184-e42d78e66315 https://labs.google/fx/api/trpc/media.getMediaUrlRedirect?name=6ba31d81-f4bf-4c0f-af1e-829fe08a8143 https://labs.google/fx/api/trpc/media.getMediaUrlRedirect?name=d9e4bcc2-ddbf-4d1e-b674-15eab5d99bb6 https://labs.google/fx/api/trpc/media.getMediaUrlRedirect?name=3e9be08f-3bbc-41de-8505-6fe2f990bfbf https://labs.google/fx/api/trpc/media.getMediaUrlRedirect?name=1391eb65-be7d-4f1d-9fd3-bbffaced2bca https://labs.google/fx/api/trpc/media.getMediaUrlRedirect?name=4da9aa3b-bfae-40e4-a14c-7461b5339d0c https://labs.google/fx/api/trpc/media.getMediaUrlRedirect?name=8c2b203f-eaf8-4d12-b1cc-0c819a81a4e4 https://labs.google/fx/api/trpc/media.getMediaUrlRedirect?name=419539ec-5db9-4538-b9fc-37bc5886abee https://labs.google/fx/api/trpc/media.getMediaUrlRedirect?name=4b2f8b20-d630-42fe-8e08-b04c59a859e4 https://labs.google/fx/api/trpc/media.getMediaUrlRedirect?name=1ed79d13-3a54-421a-bae3-7acea194140a https://labs.google/fx/api/trpc/media.getMediaUrlRedirect?name=c9505893-1cb6-4c6b-a842-ddb38716702b https://labs.google/fx/api/trpc/media.getMediaUrlRedirect?name=da65ebb7-9995-4631-be2e-08d2d51170e8 https://labs.google/fx/api/trpc/media.getMediaUrlRedirect?name=f9256d88-a06e-4985-86b4-b66795d078d2 https://labs.google/fx/api/trpc/media.getMediaUrlRedirect?name=04ded411-9795-4f21-86dc-8214a3345048 https://labs.google/fx/api/trpc/media.getMediaUrlRedirect?name=4f38c55b-3540-45e6-8d9e-03aeeeada81e https://labs.google/fx/api/trpc/media.getMediaUrlRedirect?name=9b0d8f51-40e1-4be6-9d53-12a80a5da04c https://labs.google/fx/api/trpc/media.getMediaUrlRedirect?name=812b29e6-4e51-4c7e-94db-e268ba062ead]
2026-07-21 11:54:48 - Bắt đầu thực hiện gửi prompt...
2026-07-21 11:54:48 - Thử gửi bằng phím Enter ảo...
2026-07-21 11:54:49 - Thử gửi bằng sự kiện keydown Enter (JS)...
2026-07-21 11:54:51 - Bắt đầu quét tìm nút gửi bằng JS...
2026-07-21 11:54:51 - Tiến hành click nút gửi...
2026-07-21 11:54:55 - Đang chờ Google AI tạo xong hình ảnh... (Đã chờ 2 giây)
2026-07-21 11:56:37 - Phát hiện link dự án cũ đã lưu: https://labs.google/fx/vi/tools/flow/project/68d34047-9d7d-4c5b-9cad-72d39c1b7ecb. Tiến hành mở dự án này...
2026-07-21 11:56:37 - Bắt đầu mở trang Google Flow: https://labs.google/fx/vi/tools/flow/project/68d34047-9d7d-4c5b-9cad-72d39c1b7ecb
2026-07-21 11:56:38 - Đang chờ trình duyệt tải xong trang Google Flow...
2026-07-21 11:56:38 - URL hiện tại của trình duyệt (chờ load): 
2026-07-21 11:56:38 - URL hiện tại của trình duyệt (chờ load): https://labs.google/fx/vi/tools/flow/project/68d34047-9d7d-4c5b-9cad-72d39c1b7ecb
2026-07-21 11:56:40 - Bắt đầu kiểm tra trạng thái đăng nhập...
2026-07-21 11:56:40 - URL sau khi kiểm tra redirect login: https://labs.google/fx/vi/tools/flow/project/68d34047-9d7d-4c5b-9cad-72d39c1b7ecb
2026-07-21 11:56:40 - Đăng nhập thành công. Đang đóng welcome overlays nếu có...
2026-07-21 11:56:41 - Xác minh dự án cũ có hoạt động bình thường không...
2026-07-21 11:56:41 - Số lượng hình ảnh hiện có trong dự án cũ: 13
2026-07-21 11:56:41 - Dự án cũ hoạt động bình thường! Tiếp tục sử dụng.
2026-07-21 11:56:41 - Đã vào dự án thành công!
2026-07-21 11:56:41 - Bắt đầu quét tìm ô PromptInput...
2026-07-21 11:56:41 - Đã tìm thấy PromptInput! HTML snippet: <div role="textbox" aria-multiline="true" spellcheck="false" class="sc-a8ba1f43-0 djaQmW sc-26b30722-6 jwWpiy" data-slate-editor="true" data-slate-node="value" contenteditable="true" zindex="-1" style...
2026-07-21 11:56:41 - Kiểm tra trạng thái nút Tác nhân (Agent)...
2026-07-21 11:56:41 - Đã tìm thấy nút Tác nhân! HTML: <button type="button" aria-pressed="false" class="sc-59223abb-3 dmZGYv"><div class="sc-59223abb-2 jGESqS"><span class="content">Tác nhân</span></div></button>
2026-07-21 11:56:45 - Nút Tác nhân đã ở trạng thái TẮT (aria-pressed=false) sau khi đã chờ React load. Bỏ qua.
2026-07-21 11:56:45 - Bắt đầu cấu hình cài đặt tác nhân (Model: Nano Banana 2, Aspect: 9:16, Batch: 1x)...
2026-07-21 11:56:45 - NÚT CẤU HÌNH ĐƯỢC TÌM THẤY: ID=radix-:rn:, Text=[🍌 Nano Banana 2 crop_9_16 1x]
2026-07-21 11:56:45 - ĐỐI CHIẾU CẤU HÌNH: Model=true, AspectRatio=true, BatchSize=true -> Tất cả trùng khớp: true
2026-07-21 11:56:45 - Cấu hình hiện tại ĐÃ TRÙNG KHỚP hoàn toàn với yêu cầu. BỎ QUA toàn bộ các bước mở cấu hình.
2026-07-21 11:56:45 - URL tất cả ảnh hiện tại trước khi tạo (19 ảnh): [https://labs.google/fx/api/trpc/media.getMediaUrlRedirect?name=812b29e6-4e51-4c7e-94db-e268ba062ead https://labs.google/fx/api/trpc/media.getMediaUrlRedirect?name=0960a09f-34cb-448b-9bf7-dbf5681b1816 https://labs.google/fx/api/trpc/media.getMediaUrlRedirect?name=169a43e0-f5c6-4660-9c92-b1b0fa934c26 https://labs.google/fx/api/trpc/media.getMediaUrlRedirect?name=d54bd0dc-9e7f-43d0-a184-e42d78e66315 https://labs.google/fx/api/trpc/media.getMediaUrlRedirect?name=6ba31d81-f4bf-4c0f-af1e-829fe08a8143 https://labs.google/fx/api/trpc/media.getMediaUrlRedirect?name=d9e4bcc2-ddbf-4d1e-b674-15eab5d99bb6 https://labs.google/fx/api/trpc/media.getMediaUrlRedirect?name=3e9be08f-3bbc-41de-8505-6fe2f990bfbf https://labs.google/fx/api/trpc/media.getMediaUrlRedirect?name=1391eb65-be7d-4f1d-9fd3-bbffaced2bca https://labs.google/fx/api/trpc/media.getMediaUrlRedirect?name=4da9aa3b-bfae-40e4-a14c-7461b5339d0c https://labs.google/fx/api/trpc/media.getMediaUrlRedirect?name=8c2b203f-eaf8-4d12-b1cc-0c819a81a4e4 https://labs.google/fx/api/trpc/media.getMediaUrlRedirect?name=419539ec-5db9-4538-b9fc-37bc5886abee https://labs.google/fx/api/trpc/media.getMediaUrlRedirect?name=4b2f8b20-d630-42fe-8e08-b04c59a859e4 https://labs.google/fx/api/trpc/media.getMediaUrlRedirect?name=1ed79d13-3a54-421a-bae3-7acea194140a https://labs.google/fx/api/trpc/media.getMediaUrlRedirect?name=c9505893-1cb6-4c6b-a842-ddb38716702b https://labs.google/fx/api/trpc/media.getMediaUrlRedirect?name=da65ebb7-9995-4631-be2e-08d2d51170e8 https://labs.google/fx/api/trpc/media.getMediaUrlRedirect?name=f9256d88-a06e-4985-86b4-b66795d078d2 https://labs.google/fx/api/trpc/media.getMediaUrlRedirect?name=04ded411-9795-4f21-86dc-8214a3345048 https://labs.google/fx/api/trpc/media.getMediaUrlRedirect?name=4f38c55b-3540-45e6-8d9e-03aeeeada81e https://labs.google/fx/api/trpc/media.getMediaUrlRedirect?name=9b0d8f51-40e1-4be6-9d53-12a80a5da04c]
2026-07-21 11:56:45 - Số lượng hình ảnh đang có trong dự án trước khi tạo: 19 ảnh
2026-07-21 11:56:45 - Phát hiện yêu cầu gửi kèm ảnh (1 ảnh). Đang nạp vào Clipboard Windows và bấm Ctrl+V thật...
2026-07-21 11:56:45 - Đang nạp ảnh vào Clipboard hệ thống Windows: D:\Downloads\thumbnails\thumb_clip_5_4.jpg...
2026-07-21 11:56:45 - ✓ Đã nạp ảnh vào Clipboard hệ thống Windows thành công!
2026-07-21 11:56:47 - Đang bấm phím Ctrl+V thật từ bàn phím hệ thống qua KeyActions CDP...
2026-07-21 11:56:48 - Đã bấm Ctrl+V! Đang chờ DOM tải xong 100%!((MISSING)thẻ ảnh hiển thị trong ô prompt)...
2026-07-21 11:57:19 - ✓ Đã xác nhận: Thẻ ảnh đã đính kèm và load xong 100% trong ô prompt!
2026-07-21 11:57:22 - Bắt đầu điền prompt vào ô nhập liệu: 'tạo thumbail'...
2026-07-21 11:57:24 - Đã điền prompt xong thành công!
2026-07-21 11:57:26 - Cập nhật lại danh sách URL ảnh hiện có trước khi bấm Gửi (20 ảnh): [https://labs.google/fx/api/trpc/media.getMediaUrlRedirect?name=87d0cd5b-4de3-44e9-a1b6-aa1496575d90 https://labs.google/fx/api/trpc/media.getMediaUrlRedirect?name=812b29e6-4e51-4c7e-94db-e268ba062ead https://labs.google/fx/api/trpc/media.getMediaUrlRedirect?name=0960a09f-34cb-448b-9bf7-dbf5681b1816 https://labs.google/fx/api/trpc/media.getMediaUrlRedirect?name=169a43e0-f5c6-4660-9c92-b1b0fa934c26 https://labs.google/fx/api/trpc/media.getMediaUrlRedirect?name=d54bd0dc-9e7f-43d0-a184-e42d78e66315 https://labs.google/fx/api/trpc/media.getMediaUrlRedirect?name=6ba31d81-f4bf-4c0f-af1e-829fe08a8143 https://labs.google/fx/api/trpc/media.getMediaUrlRedirect?name=d9e4bcc2-ddbf-4d1e-b674-15eab5d99bb6 https://labs.google/fx/api/trpc/media.getMediaUrlRedirect?name=3e9be08f-3bbc-41de-8505-6fe2f990bfbf https://labs.google/fx/api/trpc/media.getMediaUrlRedirect?name=1391eb65-be7d-4f1d-9fd3-bbffaced2bca https://labs.google/fx/api/trpc/media.getMediaUrlRedirect?name=4da9aa3b-bfae-40e4-a14c-7461b5339d0c https://labs.google/fx/api/trpc/media.getMediaUrlRedirect?name=8c2b203f-eaf8-4d12-b1cc-0c819a81a4e4 https://labs.google/fx/api/trpc/media.getMediaUrlRedirect?name=419539ec-5db9-4538-b9fc-37bc5886abee https://labs.google/fx/api/trpc/media.getMediaUrlRedirect?name=4b2f8b20-d630-42fe-8e08-b04c59a859e4 https://labs.google/fx/api/trpc/media.getMediaUrlRedirect?name=1ed79d13-3a54-421a-bae3-7acea194140a https://labs.google/fx/api/trpc/media.getMediaUrlRedirect?name=c9505893-1cb6-4c6b-a842-ddb38716702b https://labs.google/fx/api/trpc/media.getMediaUrlRedirect?name=da65ebb7-9995-4631-be2e-08d2d51170e8 https://labs.google/fx/api/trpc/media.getMediaUrlRedirect?name=f9256d88-a06e-4985-86b4-b66795d078d2 https://labs.google/fx/api/trpc/media.getMediaUrlRedirect?name=04ded411-9795-4f21-86dc-8214a3345048 https://labs.google/fx/api/trpc/media.getMediaUrlRedirect?name=4f38c55b-3540-45e6-8d9e-03aeeeada81e https://labs.google/fx/api/trpc/media.getMediaUrlRedirect?name=87d0cd5b-4de3-44e9-a1b6-aa1496575d90]
2026-07-21 11:57:26 - Bắt đầu thực hiện gửi prompt...
2026-07-21 11:57:26 - Thử gửi bằng phím Enter ảo...
2026-07-21 11:57:36 - Thử gửi bằng sự kiện keydown Enter (JS)...
2026-07-21 11:57:38 - Bắt đầu quét tìm nút gửi bằng JS...
2026-07-21 11:57:38 - Phương án quét JS thất bại. Thử dùng danh sách Selectors dự phòng...
2026-07-21 11:57:41 - Lỗi tìm nút gửi dự phòng: không tìm thấy phần tử hiển thị phù hợp trong số các selector
2026-07-21 11:57:43 - Đang chờ Google AI tạo xong hình ảnh... (Đã chờ 2 giây)
2026-07-21 11:57:49 - Đang chờ Google AI tạo xong hình ảnh... (Đã chờ 8 giây)
2026-07-21 11:57:55 - Đang chờ Google AI tạo xong hình ảnh... (Đã chờ 14 giây)
2026-07-21 11:58:01 - Đang chờ Google AI tạo xong hình ảnh... (Đã chờ 20 giây)
2026-07-21 11:58:07 - Đang chờ Google AI tạo xong hình ảnh... (Đã chờ 26 giây)
2026-07-21 11:58:13 - Đang chờ Google AI tạo xong hình ảnh... (Đã chờ 32 giây)
2026-07-21 11:58:17 - Phát hiện nhóm ảnh mới đã sinh xong! Số lượng mới sinh: 1 ảnh. URL: [https://labs.google/fx/api/trpc/media.getMediaUrlRedirect?name=2ba36268-8f34-426a-9094-1e9a5aa3a2f4]
2026-07-21 11:58:21 - Tìm thấy nhóm ảnh mới sinh thành công! Số lượng: 1
2026-07-21 11:58:21 - Tổng số lượng hình ảnh đang có trong dự án: 20
2026-07-21 11:58:21 - Đang chuyển đổi ảnh 1/1 sang Base64 (URL: https://labs.google/fx/api/trpc/media.getMediaUrlRedirect?name=2ba36268-8f34-426a-9094-1e9a5aa3a2f4)...
2026-07-21 11:58:21 - Đang gửi yêu cầu chọn ảnh lên UI...
2026-07-21 11:58:27 - Đã nhận được danh sách ảnh được chọn từ UI: [0]
2026-07-21 11:58:27 - Đang tải hình ảnh được chọn thứ 1/1 (chỉ mục trong nhóm: 0)...
2026-07-21 11:58:33 - Đang chọn độ phân giải 1K cho ảnh thứ 1/1...
2026-07-21 11:58:33 - Đã click chọn độ phân giải 1K. Đang chờ file được tải về máy...
2026-07-21 11:58:34 - Tải ảnh thứ 1/1 thành công (1K): D:\CongTy\ToolCatVideoNgan\videodacat\a.jpg
